0.0,363.24693347266566,0.80988467
0.01,362.0160832193683,0.7530208
0.02,357.85146083523955,0.7688041
0.03,350.6494799997565,0.6184184
0.04,347.4758722790382,0.45169282
0.05,350.09107785214553,0.2343251
0.06,357.4975954707633,0.31762213
0.07,356.4678761636009,0.33401263
0.08,349.81388919124663,0.25964168
0.09,353.92716261013874,0.19026728
0.1,354.89533872567927,0.19644704
0.11,354.9315463624226,0.29532948
0.12,391.77684730918037,0.33735403
0.13,391.09988935602104,0.39950174
0.14,368.7071249855145,0.3964593
0.15,366.8729489346333,0.56424516
0.16,364.35128728518265,0.60065794
0.17,360.6587169712131,0.37539437
0.18,358.71919054776777,0.3256767
0.19,391.97266688900993,0.24808654
0.2,395.6507226416095,0.36379808
0.21,355.9018311063724,0.4355795
0.22,323.356704681142,0.19927204
0.23,288.8400632728576,0.28402123
0.24,288.08597571652035,0.38569328
0.25,297.7881621507196,0.3084402
0.26,302.7284862086422,0.4749342
0.27,340.7847365399527,0.5502762
0.28,348.3442148048292,0.87660104
0.29,352.5492493313458,0.9374638
0.3,355.5530479444558,0.9460349
0.31,358.93360873896137,0.91746527
0.32,362.17499911038254,0.8766689
0.33,365.1711676252774,0.8013801
0.34,367.70511980052765,0.897477
0.35,369.0836501524144,0.87680537
0.36,368.5250044681782,0.90222603
0.37,367.2761260014533,0.8988004
0.38,364.8737687760606,0.81308544
0.39,361.1764443501855,0.7798973
0.4,356.9179349031996,0.78142846
0.41,352.7872214029687,0.85484266
0.42,351.28278619843974,0.8286927
0.43,353.33264090053086,0.7427049
0.44,357.031889864627,0.6708818
0.45,358.2155407679594,0.8451178
0.46,353.84449468474145,0.8983964
0.47,351.5622170469157,0.85737073
0.48,354.36928372420834,0.7946617
0.49,359.6361858763786,0.46630985
0.5,355.2013160223884,0.54025286
0.51,350.75010461637964,0.48266903
0.52,349.99357961992814,0.63357335
0.53,353.48300204386084,0.7231794
0.54,354.59235841611184,0.6656051
0.55,349.9515316977929,0.7091225
0.56,350.03896615398907,0.46692103
0.57,354.3801070853987,0.4875333
0.58,349.91188107146,0.7048987
0.59,349.9826236121077,0.76999664
0.6,351.78914629429744,0.85348433
0.61,354.1796033948011,0.8461887
0.62,355.45586996725956,0.68064106
0.63,352.4259859550605,0.7117645
0.64,384.0426536301136,0.6217896
0.65,439.6619668221225,0.36734098
0.66,444.2032508663343,0.43862855
0.67,446.40929870268724,0.3048761
0.68,395.3045667348335,0.28478345
0.69,375.1078752427582,0.31420618
0.7,372.07178841696617,0.7978075
0.71,369.26972519918303,0.8383763
0.72,368.1535717167326,0.7948756
0.73,369.9889788942106,0.69762284
0.74,376.15457150530773,0.5117296
0.75,380.0971957378446,0.53184456
0.76,379.70493592326204,0.784771
0.77,377.40675895935374,0.82592726
0.78,377.05896830115023,0.68024963
0.79,379.8205753532892,0.73797804
0.8,383.83643599111053,0.79757726
0.81,384.5013542183128,0.72418654
0.82,376.4674297403893,0.40527043
0.83,366.5233622810856,0.41868463
0.84,367.2937112172076,0.5407831
0.85,368.6417387779934,0.58176357
0.86,369.645918643223,0.6167094
0.87,364.1198322971461,0.6512212
0.88,359.0470433739903,0.7844363
0.89,358.1721664979715,0.8483076
0.9,360.2276124294838,0.7786887
0.91,363.9741703872165,0.70539314
0.92,365.5615768111055,0.66495544
0.93,370.4248361643926,0.5345857
0.94,378.4629653227545,0.6544772
0.95,381.4691133460717,0.6582188
0.96,382.3564607010323,0.68159056
0.97,376.5053218446482,0.54893035
0.98,371.18588832046987,0.70853066
0.99,374.6501370285862,0.80320823
1.0,374.84556728806024,0.64883536
1.01,366.68846574589634,0.40041953
1.02,360.65612201926945,0.47712475
1.03,333.74490828188726,0.317607
1.04,303.8915609829999,0.3721583
1.05,296.5113140689489,0.54548514
1.06,287.81877303182364,0.5538407
1.07,283.7217094968655,0.68725353
1.08,279.46352139655556,0.7579745
1.09,275.23072055217807,0.90321827
1.1,271.5897095225726,0.8207551
1.11,265.9264278584858,0.6127431
1.12,253.54592487282036,0.51758134
1.13,244.40890033632544,0.41509742
1.14,224.23150307444675,0.34709787
1.15,206.61803090031782,0.46447474
1.16,188.40513572668732,0.5589605
1.17,183.54582767344667,0.8187083
1.18,179.59604758110987,0.70489067
1.19,174.31019229075045,0.7193532
1.2,171.61368016669132,0.775739
1.21,169.27527099383937,0.8178186
1.22,181.14445724933532,0.6858958
1.23,204.668699425732,0.40244636
1.24,238.84527995915488,0.22590543
1.25,256.4449526216147,0.12236263
1.26,283.61412496191923,0.44994578
1.27,278.24984591502795,0.51610255
1.28,272.30527832986604,0.27118483
1.29,274.61897437740765,0.21501608
1.3,281.3154388886676,0.42674315
1.31,288.02570031953917,0.43510354
1.32,301.54958055793855,0.34863785
1.33,312.1838869894793,0.20891766
1.34,313.9393909159566,0.19247085
1.35,318.5295719527569,0.28272116
1.36,324.2420891459923,0.15032133
1.37,329.47366039062615,0.05777596
1.38,340.91889775216174,0.064979635
1.39,355.30907472461183,0.23801294
1.4,366.5898952594824,0.35804763
1.41,366.9782886998604,0.16341053
1.42,367.03420206705545,0.27736896
1.43,364.72352435641477,0.3583359
1.44,360.49272320367584,0.23084357
1.45,358.44263577416234,0.42657468
1.46,358.8039039951127,0.5510421
1.47,362.4770870491844,0.52797866
1.48,364.39318935246064,0.7392784
1.49,364.0633426375024,0.7903625
1.5,360.0598100627844,0.8258212
1.51,356.35245690152766,0.8508029
1.52,354.154517384939,0.7611163
1.53,352.83943610076744,0.18617295
1.54,351.3090499012096,0.18448569
1.55,350.86621873868717,0.20699222
1.56,349.6496892136327,0.31781897
1.57,350.59568553817485,0.096740335
1.58,349.58346434643215,0.19134231
1.59,348.5486296837618,0.028986132
1.6,348.12294202973044,0.018838188
1.61,344.2769728520393,0.026656756
1.62,343.6298764932518,0.032260973
1.63,343.9767180653995,0.070216775
1.64,351.31737322213223,0.023207288
1.65,354.49043967848536,0.025721814
1.66,360.8972812703711,0.016192196
1.67,360.112152884393,0.048046343
1.68,352.75933188204885,0.08791587
1.69,353.8265506680182,0.055194974
1.7,361.1118438509053,0.48133013
1.71,363.7410795989871,0.59523755
1.72,359.31872687777746,0.17007388
1.73,357.799850980564,0.032364134
1.74,362.31252254144306,0.17503922
1.75,363.37407672237936,0.5190191
1.76,363.495040551688,0.4809676
1.77,360.6819888990083,0.7282763
1.78,359.55276790749474,0.44824186
1.79,361.4620082107876,0.22216314
1.8,353.3284879193319,0.10881795
1.81,324.33465786293397,0.2671
1.82,307.72601596823165,0.67349476
1.83,291.8646087200596,0.3631154
1.84,282.9575792609386,0.58914083
1.85,280.63061055110944,0.71529526
1.86,281.0331319029644,0.43698695
1.87,289.9186086636011,0.2293941
1.88,289.56354190528344,0.14973909
1.89,287.6512416920612,0.22299705
1.9,286.19820579564316,0.5993758
1.91,289.0488179578312,0.37105274
1.92,283.49841619447136,0.14842801
1.93,274.7686243494579,0.21257281
1.94,258.86740719613874,0.35470366
1.95,254.70928448522844,0.18246944
1.96,242.96893903711893,0.28666177
1.97,253.04513316974337,0.34802425
1.98,248.9359311854669,0.33837977
1.99,274.4466365065618,0.335512
2.0,288.35715210101665,0.2968699
2.01,303.07169747908256,0.41256016
2.02,338.72437235382006,0.22095063
2.03,380.1556820121051,0.8055432
2.04,379.23875390867136,0.9396989
2.05,375.55974847283574,0.92538166
2.06,371.82057002070707,0.92823917
2.07,377.81646258056617,0.66946673
2.08,384.1458599791712,0.7568485
2.09,385.2800390282436,0.69744664
2.1,371.4490940678609,0.37599218
2.11,355.98068482505573,0.58072793
2.12,367.2101017813953,0.8273728
2.13,368.8569082809534,0.8791579
2.14,370.519216726756,0.7725893
2.15,377.71958543309546,0.6553132
2.16,379.6146456081691,0.5720293
2.17,370.7979640712093,0.36496124
2.18,358.4759523830963,0.5558173
2.19,333.1840622359971,0.3973282
2.2,323.33268368273093,0.3492224
2.21,296.58363070540133,0.3349348
2.22,310.4941892843452,0.42266837
2.23,340.779663703667,0.3989411
2.24,366.83733698488663,0.10375532
2.25,366.50364247195296,0.18870114
2.26,369.7725856269143,0.29753602
2.27,374.1036932501403,0.2833501
2.28,357.0246022934118,0.19589558
2.29,308.7835545087706,0.12851803
2.3,288.9577053518257,0.108238585
2.31,281.8883198937781,0.123173416
2.32,254.97566984001327,0.14661975
2.33,276.24649609247194,0.34985048
2.34,269.56870763251504,0.63486445
2.35,300.9716420502862,0.19300695
2.36,340.86188901107613,0.3426416
2.37,372.36087169831166,0.4995623
2.38,371.1650761245056,0.6481562
2.39,365.30704867358077,0.764708
2.4,359.3561216765153,0.88306874
2.41,352.92022594284197,0.9154621
2.42,350.4623771607009,0.9642098
2.43,352.72390359530675,0.9182053
2.44,359.10717598473525,0.8873769
2.45,366.2885338252961,0.9157081
2.46,369.9810380167133,0.90109646
2.47,372.72315330546076,0.8629465
2.48,379.25276051371435,0.9093072
2.49,381.42994048020745,0.94201946
2.5,379.95285757279623,0.9237498
2.51,376.45501339986316,0.8920718
2.52,371.14578732819894,0.67631716
2.53,358.575238127685,0.48294336
2.54,352.12697573294514,0.6351603
2.55,349.6459449094879,0.56598824
2.56,334.11170371727974,0.47435305
2.57,322.20631104297763,0.3397457
2.58,337.04056802427255,0.5406415
2.59,343.7560871312025,0.6289896
2.6,346.48623958565656,0.46142304
2.61,342.94944181992355,0.35489345
2.62,368.97416765250136,0.34937888
2.63,376.72375756541334,0.7430865
2.64,379.4177550601992,0.76328367
2.65,375.83508842405877,0.7459544
2.66,372.0759255202261,0.61779135
2.67,370.3767709789599,0.38804516
2.68,351.65116831903276,0.37326705
2.69,340.85031052304646,0.45574796
2.7,339.44942938999577,0.36831266
2.71,337.58433413453247,0.1402147
2.72,329.6216199358978,0.07845049
2.73,322.6179413822234,0.11557598
2.74,309.7265461741427,0.29847878
2.75,309.25522129909336,0.25533172
2.76,307.74189574881393,0.7763009
2.77,299.36338562650485,0.28156894
2.78,273.5891082053263,0.5504434
2.79,268.1743389406676,0.94757867
2.8,268.18852204279756,0.9375453
2.81,273.4179769107005,0.31820378
2.82,306.25189811309286,0.88862324
2.83,308.98301784916396,0.9635618
2.84,311.96654975123926,0.9558914
2.85,313.8550943688571,0.94699544
2.86,313.42167900738326,0.8730992
2.87,313.7484651203067,0.47909886
2.88,325.36003159940657,0.57118785
2.89,323.3892057714554,0.55791605
2.9,317.61014502981527,0.4910082
2.91,310.42917181497404,0.39422566
2.92,301.2251031991035,0.3351227
2.93,297.00166045038367,0.36867824
2.94,327.32049207886433,0.32412267
2.95,335.0826111472312,0.38596538
2.96,330.2479721453004,0.5860782
2.97,321.0908085188586,0.62072116
2.98,315.833870496777,0.63307077
2.99,307.9999984610667,0.7288437
3.0,302.42923252493495,0.6849818
3.01,293.92596228933303,0.6457297
3.02,287.6967947544914,0.8348802
3.03,284.5204310314801,0.92909026
3.04,283.39264331022554,0.8747135
3.05,283.9722855815901,0.6777664
3.06,288.2593745987601,0.44453827
3.07,294.39630471429405,0.45159128
3.08,299.79964677579534,0.47719088
3.09,303.58153845891076,0.44819817
3.1,304.16713549745475,0.2279823
3.11,322.81323259206766,0.17077275
3.12,332.92488699505293,0.16667795
3.13,337.2268135470174,0.3376007
3.14,338.2022085207297,0.39437202
3.15,305.9685681449143,0.2822373
3.16,275.3671000603543,0.33571452
3.17,277.4497830913825,0.707368
3.18,277.2533958783635,0.5755669
3.19,278.2625061366654,0.715413
3.2,275.9807776747913,0.55483514
3.21,275.01950837776286,0.69884104
3.22,268.8753502109619,0.5553864
3.23,251.72410359816584,0.21889605
3.24,232.47759294584745,0.24847025
3.25,214.9024461913402,0.16771956
3.26,193.32108075078713,0.106089674
3.27,177.06456612121315,0.11477114
3.28,177.193148040448,0.2520819
3.29,176.92356349678633,0.13866472
3.3,177.11075484158826,0.16613656
3.31,176.99075447688526,0.43588144
3.32,175.59240847220195,0.4673604
3.33,175.71204872019155,0.41948134
3.34,179.39249324412788,0.3769186
3.35,203.0335836214198,0.21127574
3.36,209.05588598303763,0.42506412
3.37,208.72054280405717,0.45780274
3.38,196.65592696614567,0.22439033
3.39,180.8747446144062,0.28342888
3.4,172.47736559751107,0.21675524
3.41,154.56256925086294,0.2661312
3.42,163.21107617279193,0.10466897
3.43,172.14220308259286,0.18150713
3.44,179.58005704593182,0.20100017
3.45,182.97356709339297,0.5553214
3.46,186.26176507985087,0.40787998
3.47,189.72593354866032,0.38837945
3.48,213.15538311580613,0.28061703
3.49,220.98987854515786,0.31243548
3.5,224.3908276547576,0.25248894
3.51,243.62673143656406,0.15935324
3.52,229.8582450065216,0.15267842
3.53,210.81011289639787,0.15920915
3.54,199.51263903535047,0.3624101
3.55,201.61836364343424,0.6502762
3.56,202.95997853161117,0.81969184
3.57,203.66737005390905,0.8206339
3.58,203.7268775793842,0.81206626
3.59,201.6988763763461,0.7276017
3.6,199.77407400305768,0.58907557
3.61,197.6104427965231,0.46583155
3.62,194.56126730045608,0.5135044
3.63,191.81842560897866,0.46492487
3.64,193.26719777139377,0.48544633
3.65,194.6715065568626,0.67380804
3.66,194.17174765492098,0.8817934
3.67,192.42466513954622,0.8537097
3.68,190.88195240774937,0.8617978
3.69,189.7385312754937,0.90906525
3.7,189.06772054113094,0.89167935
3.71,189.13080093905265,0.8928979
3.72,189.08942663011123,0.88712406
3.73,188.99114849503886,0.87663007
3.74,188.75662788034106,0.8504664
3.75,188.77131122380888,0.8255685
3.76,189.18401417018035,0.84175545
3.77,190.77722032794418,0.7725336
3.78,192.75398414672932,0.8442201
3.79,194.13775749964984,0.73720145
3.8,191.900159880463,0.3937688
3.81,209.24964602119678,0.18244867
3.82,244.23837875605193,0.5523497
3.83,257.1345255274988,0.654909
3.84,298.3579450520252,0.46797445
3.85,313.0607385966135,0.5831402
3.86,350.6972651463134,0.5149216
3.87,346.54710350590574,0.46829492
3.88,339.46006361222703,0.68785614
3.89,337.2812874162775,0.722809
3.9,336.89017553805286,0.7077847
3.91,334.5563710789944,0.75258505
3.92,330.80049535085976,0.6019817
3.93,328.89742722939116,0.65004104
3.94,326.38800622529715,0.7482682
3.95,317.7586693156001,0.73058784
3.96,312.131303057899,0.61837214
3.97,305.27690063179136,0.70815
3.98,299.27661715410534,0.8092567
3.99,289.3032028201527,0.4854097
4.0,270.79268312855515,0.40700936
4.01,264.18831250584174,0.35565892
4.02,243.5223963585187,0.30106357
4.03,230.07704267916074,0.24133423
4.04,206.72991920244567,0.75231236
4.05,203.00846989357555,0.7710839
4.06,199.01390392762636,0.7801557
4.07,194.93908850425026,0.8458197
4.08,191.76885396035487,0.7363642
4.09,184.9955840771516,0.65592176
4.1,178.89096072928683,0.39074335
4.11,165.22003277295187,0.30123472
4.12,162.79661991233075,0.17411375
4.13,162.8196120691014,0.0662065
4.14,162.73576146498692,0.19560763
4.15,164.0312593340175,0.2088534
4.16,166.02799292083645,0.17939475
4.17,165.2640659002317,0.19329712
4.18,146.12287864874835,0.25273436
4.19,151.81466096721263,0.30767626
4.2,162.90794454412247,0.3046185
4.21,155.70225599004536,0.37920392
4.22,163.61948975505908,0.47412446
4.23,172.3231686021674,0.50459063
4.24,187.16569795943207,0.4660039
4.25,198.326441536795,0.80841887
4.26,195.12894490247868,0.70954895
4.27,188.92114581607902,0.75601405
4.28,184.63328615874457,0.7396268
4.29,177.09944550251348,0.5452181
4.3,170.32907287155848,0.770878
4.31,166.96850959318732,0.8770191
4.32,164.04206065404378,0.8493169
4.33,160.43305803878093,0.5890414
4.34,154.88267714752035,0.4628642
4.35,146.04539625227142,0.44067702
4.36,138.65793058278388,0.5717501
4.37,129.91591767728485,0.3623376
4.38,123.83853024288973,0.41950732
4.39,121.12399057530223,0.37802514
4.4,122.67711556497412,0.29054093
4.41,126.28036396907288,0.19114545
4.42,124.56366819522401,0.38805062
4.43,124.09508624798177,0.23390847
4.44,124.32617680124382,0.0802133
4.45,121.42079051664611,0.40641716
4.46,121.43425804852538,0.088812396
4.47,120.07964539046142,0.110746935
4.48,119.82203632610195,0.06398432
4.49,121.7411100358995,0.12798776
4.5,123.31365120307792,0.056324624
4.51,125.42406079462353,0.10235065
4.52,126.425679168209,0.11568603
4.53,127.84439563807086,0.08595815
4.54,124.4563738997478,0.050165422
4.55,134.13898232394487,0.11982029
4.56,145.26068559318028,0.12871793
4.57,162.5609662928136,0.13222905
4.58,174.7811428613499,0.29285535
4.59,193.53070845039275,0.3279847
4.6,218.69482401119438,0.32428977
4.61,233.37811462843956,0.33007106
4.62,235.37549191989677,0.18771136
4.63,254.67300155694818,0.1160224
4.64,287.1255210585744,0.23296167
4.65,305.2056193449529,0.6560586
4.66,312.30533948605523,0.6205888
4.67,322.5722824608887,0.40454027
4.68,336.4562030199642,0.6518997
4.69,338.70755687639445,0.80908024
4.7,338.3158513465071,0.8103175
4.71,339.0799213055943,0.847833
4.72,337.0187733353466,0.6808779
4.73,344.47490537461596,0.20453008
4.74,353.2229391006206,0.16852544
4.75,347.80426318424156,0.12233987
4.76,325.6075624405672,0.14889611
4.77,305.57529036812645,0.15365805
4.78,297.4355291034464,0.152619
4.79,281.66735661692735,0.083089694
4.8,269.754317749029,0.15107073
4.81,256.4252181666159,0.11853642
4.82,243.105693571427,0.055860713
4.83,231.31369657522387,0.5782178
4.84,228.01585226976636,0.64806354
4.85,224.87670742615512,0.67978865
4.86,224.45323515943247,0.44876802
4.87,240.4180961866872,0.40662205
4.88,273.817888987448,0.19606721
4.89,291.42801422680816,0.14127193
4.9,289.9776104874163,0.11928763
4.91,290.6156555168399,0.17496522
4.92,293.7245788863165,0.15522404
4.93,300.4286451966268,0.37937748
4.94,307.8258078550413,0.46085033
4.95,312.04341523439444,0.52447414
4.96,317.90068974757145,0.5910042
4.97,343.3401250157119,0.53079003
4.98,389.19502461208674,0.36753196
4.99,396.2112381235812,0.59995663
5.0,399.37448169742225,0.69975716
5.01,396.80206755957494,0.8082634
5.02,391.8083465912513,0.8165654
5.03,389.06069899267146,0.7634208
5.04,386.88221850260254,0.5199556
5.05,351.68619258240847,0.5822077
5.06,341.90023319135867,0.35543323
5.07,348.2217829480843,0.51996523
5.08,348.1901538990984,0.18654132
5.09,371.208764900568,0.14156532
5.1,386.6502848067339,0.13859868
5.11,390.38829132277056,0.14847556
5.12,370.05693408084994,0.1253111
5.13,348.2134812756342,0.11891649
5.14,396.43152406590497,0.23032331
5.15,393.9051497867093,0.35818103
5.16,392.59090595230197,0.6032384
5.17,393.19913341000046,0.70291436
5.18,395.0719278518864,0.63543004
5.19,396.32130665646685,0.34047422
5.2,396.95126561188965,0.4337421
5.21,394.8138933442331,0.5791878
5.22,394.26625089613924,0.67013574
5.23,394.10588654316774,0.5818158
5.24,396.3403754306496,0.5311901
5.25,398.24771814021403,0.39904305
5.26,398.6867193765255,0.40005478
5.27,393.2049666981954,0.24214372
5.28,375.0619393645087,0.12126289
5.29,354.8692042407617,0.1037263
5.3,340.92037169250744,0.16972192
5.31,314.89499426585667,0.25776076
5.32,306.96859075639463,0.4816798
5.33,284.2150404190591,0.6410611
5.34,276.4301846269112,0.547194
5.35,254.8947326315453,0.5410946
5.36,242.0644210597673,0.31775868
5.37,244.81649553188424,0.69781494
5.38,242.9833024132817,0.73120224
5.39,240.74343488165084,0.6565081
5.4,239.97945817297642,0.24091521
5.41,221.50008402655644,0.56943405
5.42,224.11101764649345,0.5935394
5.43,229.94012832147715,0.41157597
5.44,234.59752132327873,0.27186498
5.45,260.1141950824312,0.53149444
5.46,254.5627495628548,0.58540386
5.47,241.1848439590239,0.4315627
5.48,228.35121769016513,0.71225226
5.49,226.04170115547834,0.84022176
5.5,230.57135256827507,0.5586884
5.51,242.05394593312494,0.5520241
5.52,262.13388459057444,0.62252134
5.53,265.03369005791154,0.8802542
5.54,265.57511565998027,0.84629124
5.55,264.17098046945443,0.3481747
5.56,237.57879862279836,0.30192435
5.57,238.09469649559242,0.28239357
5.58,242.62477478982743,0.22079529
5.59,245.72351536325755,0.10789213
5.6,247.75889642768675,0.29232115
5.61,251.62033757737564,0.33929652
5.62,256.1991080871727,0.40358183
5.63,258.39743541019095,0.33708763
5.64,253.68660489251752,0.16938351
5.65,237.14744721688538,0.113493405
5.66,217.74068887428717,0.06825811
5.67,195.95793202821628,0.16107681
5.68,179.0412806256813,0.25232193
5.69,183.39114095329245,0.62566495
5.7,186.81830270988956,0.44566405
5.71,191.9785588847144,0.55487096
5.72,197.09877110188458,0.34959993
5.73,214.97676946408336,0.64515173
5.74,219.08143308262203,0.5058756
5.75,221.97187011640483,0.7446273
5.76,223.51292643923279,0.6840145
5.77,226.96239868228616,0.50181156
5.78,231.418187337233,0.6381144
5.79,235.23609797357733,0.7777564
5.8,237.7144494444251,0.85408306
5.81,239.66688621043872,0.87177867
5.82,240.579611075314,0.8501575
5.83,240.8101076668836,0.8719788
5.84,240.4236140631375,0.8853763
5.85,238.60532093689721,0.8798551
5.86,234.92687021145062,0.7164661
5.87,227.99998906543263,0.4893129
5.88,220.06135613303945,0.48466152
5.89,227.9114379533708,0.22556575
5.9,246.27352963266247,0.34257114
5.91,267.01785242106774,0.28735048
5.92,272.03741593120264,0.15323095
5.93,271.70005786375486,0.45952475
5.94,268.36374926362936,0.64882994
5.95,264.04348672338426,0.42865723
5.96,245.80416984002363,0.25642505
5.97,233.53937923668425,0.31827703
5.98,230.93014342925602,0.14857732
5.99,233.46929984858508,0.24042392
6.0,237.8773861375278,0.09160906
6.01,230.24286392267356,0.070355415
6.02,212.3590235488815,0.29029667
6.03,200.2029180489575,0.10811021
6.04,183.7714088449257,0.05218325
6.05,173.9378814563829,0.030569054
6.06,163.9858467335512,0.051150467
6.07,165.91992393357984,0.5416476
6.08,171.84941056322748,0.56211
6.09,177.22989352263298,0.6937097
6.1,181.91162471283047,0.79169965
6.11,186.77489889941648,0.843978
6.12,189.9296667204787,0.7948832
6.13,193.06447443653803,0.8049987
6.14,196.2121192147584,0.8254392
6.15,197.9470313961551,0.848066
6.16,199.01745196867978,0.8004053
6.17,199.27746744787788,0.68961173
6.18,199.23163094883574,0.628588
6.19,202.39768724291068,0.62798315
6.2,208.26229321494523,0.7760772
6.21,214.0243265653699,0.64708024
6.22,224.6604947972026,0.43752402
6.23,234.22663304066236,0.7728159
6.24,231.67323751130078,0.6954114
6.25,228.22665189919863,0.76099503
6.26,225.48549116268208,0.83136415
6.27,222.8441588490301,0.7350831
6.28,216.85268509933533,0.6949869
6.29,214.67562074366413,0.7222795
6.3,217.14087967189204,0.6991786
6.31,223.05962427901932,0.75022113
6.32,230.34371571566962,0.62964076
6.33,236.92723494117587,0.4608821
6.34,244.25027609086487,0.61171854
6.35,249.83085210421362,0.81209546
6.36,254.47408529548636,0.894968
6.37,257.2652322862789,0.96355325
6.38,258.46086939383736,0.9332913
6.39,259.35881331872577,0.8503401
6.4,262.8664591037715,0.7557651
6.41,266.4604157178721,0.8360526
6.42,263.3737530760509,0.7930606
6.43,256.803223474127,0.7729523
6.44,250.10575071478158,0.84006107
6.45,243.97248717867427,0.67662424
6.46,238.3339340367203,0.58632356
6.47,234.27626167429594,0.63275534
6.48,232.24258730884387,0.70542204
6.49,231.58622928163143,0.7145847
6.5,234.0935631302368,0.78237367
6.51,239.9573379167678,0.4482223
6.52,247.77992900377888,0.43227324
6.53,257.78749030258143,0.6473216
6.54,263.89423055170414,0.7189368
6.55,267.9310817131743,0.8583029
6.56,271.4375490962491,0.9226468
6.57,273.1017164012743,0.86859065
6.58,275.424609119,0.83971614
6.59,277.61797854825886,0.69309914
6.6,277.7398159689719,0.6767634
6.61,279.621771921428,0.41369665
6.62,252.90911381503722,0.7024148
6.63,249.72715729529423,0.78105795
6.64,246.00015142994707,0.62510955
6.65,241.51408619047444,0.63177085
6.66,240.37638270183024,0.7634604
6.67,241.98815088710268,0.7068596
6.68,244.65195072955237,0.7120961
6.69,250.0808035887462,0.62913436
6.7,260.19327402277975,0.8047022
6.71,263.4999643498515,0.8937328
6.72,262.7632365166627,0.8724349
6.73,259.41126763388473,0.9046646
6.74,259.2059976273774,0.8761863
6.75,261.00115809298785,0.7062354
6.76,263.56335948701474,0.41578102
6.77,235.7928708531688,0.67493075
6.78,234.72036648503155,0.8593296
6.79,248.61128826099753,0.63153374
6.8,279.42501883704915,0.32271266
6.81,301.186280243091,0.5229261
6.82,305.48040906196354,0.5692111
6.83,311.74138405016373,0.5690607
6.84,314.046024633771,0.72839147
6.85,319.778837711553,0.6137994
6.86,327.74710833220024,0.77132696
6.87,331.7834172279232,0.83345354
6.88,333.70227252673436,0.84277964
6.89,328.1527710742463,0.6177577
6.9,321.8057662708913,0.37231368
6.91,302.26373945936564,0.4802497
6.92,292.69845039656514,0.74903476
6.93,289.11147740265244,0.8842893
6.94,287.4250729266438,0.8322751
6.95,285.7702873082887,0.7427436
6.96,285.0500865219009,0.535477
6.97,299.64341207971296,0.5571294
6.98,305.03159971731725,0.5555261
6.99,308.4506980147993,0.68496644
7.0,305.5228992308698,0.61678874
7.01,299.51892606028036,0.6804024
7.02,293.6282652137403,0.5272452
7.03,268.23184328399964,0.51085556
7.04,258.9543148710555,0.52294433
7.05,244.54921823075279,0.5772513
7.06,237.09177055603718,0.3131909
7.07,250.07078797371418,0.26396912
7.08,270.0107226214974,0.1395516
7.09,293.7109042638585,0.12786178
7.1,309.6486888095403,0.09338387
7.11,314.22141785310544,0.17290272
7.12,304.3283628435063,0.12760028
7.13,295.430856634676,0.140831
7.14,273.5624826813698,0.11499173
7.15,264.5826325043327,0.12564139
7.16,254.94379457107502,0.13028821
7.17,243.06653644630788,0.20678991
7.18,242.34741145739127,0.32660416
7.19,266.9830212580139,0.20194967
7.2,267.1240103342482,0.6324778
7.21,269.58055778841896,0.6191908
7.22,271.1257414554767,0.3775934
7.23,298.6027167440199,0.69064397
7.24,299.61210791554487,0.86049324
7.25,298.7331941214121,0.93125904
7.26,296.65929737130466,0.9212884
7.27,294.3774955439637,0.9522522
7.28,291.57182419091225,0.9144328
7.29,289.0132775162866,0.84966815
7.3,284.91949942587405,0.8731503
7.31,280.3361753473708,0.8545001
7.32,277.0972954509757,0.91930336
7.33,274.75550281004024,0.9289857
7.34,270.91288593662716,0.7940457
7.35,259.22616025256406,0.6454494
7.36,251.2998298328485,0.79178005
7.37,243.50381194847267,0.74287003
7.38,236.8288441137068,0.83125734
7.39,232.49687664108075,0.6608693
7.4,228.48879720102082,0.43277887
7.41,207.63765666994595,0.2947302
7.42,192.83016960835997,0.23135448
7.43,178.25422416363995,0.17190616
7.44,164.34505715011824,0.11601983
7.45,154.19006816052246,0.41178674
7.46,154.2404801813991,0.6100451
7.47,153.92648901348383,0.33141574
7.48,152.445713918788,0.25607464
7.49,149.77841890679719,0.31858107
7.5,149.78498916313043,0.37305436
7.51,161.14808673165322,0.23360188
7.52,182.56048330492382,0.18790244
7.53,211.5604050221091,0.37128997
7.54,227.00531671951614,0.59399503
7.55,226.7107859960057,0.8046548
7.56,228.1323715403528,0.76474214
7.57,242.27997263870546,0.2592005
7.58,271.65801047824755,0.38479894
7.59,274.9342327003144,0.6227132
7.6,275.5467576141854,0.8528332
7.61,277.4051072303234,0.9384826
7.62,279.0971969218213,0.8702359
7.63,281.63589257362264,0.6193536
7.64,291.7037642012519,0.39769676
7.65,295.5374210394648,0.39227808
7.66,297.542287987804,0.40921864
7.67,293.2941837541335,0.47279486
7.68,289.0514998838248,0.51792365
7.69,287.28243037874273,0.6211177
7.7,286.3694181706446,0.7106838
7.71,289.5206790617307,0.7354021
7.72,290.645282608687,0.7970224
7.73,292.1699678404662,0.8688065
7.74,293.15167719460624,0.85785586
7.75,294.2535402955815,0.85185874
7.76,296.77028404060354,0.65834683
7.77,299.2413513992178,0.6094333
7.78,302.02470822636656,0.6337448
7.79,303.1947587098826,0.6925024
7.8,302.69075724712343,0.5010194
7.81,297.1998165809146,0.58263785
7.82,292.2861985104431,0.5471355
7.83,291.5164770557617,0.58282954
7.84,292.6815085498907,0.87383926
7.85,291.92648060823217,0.86933887
7.86,291.56507998599676,0.8447863
7.87,292.2738681117678,0.77833575
7.88,291.02249092943424,0.6072691
7.89,283.43149555397736,0.5930956
7.9,275.0400357639958,0.66606957
7.91,270.5051996301949,0.7795074
7.92,265.6004207905386,0.7259952
7.93,258.87942426834053,0.674467
7.94,252.60248724599353,0.64802754
7.95,244.68851220083957,0.5473002
7.96,236.20015664412566,0.5756087
7.97,232.1534815552566,0.7276354
7.98,233.1553114573207,0.6638037
7.99,237.86582680220508,0.29646358
8.0,246.22212398918714,0.5138403
8.01,249.63952517399565,0.6620135
8.02,252.85964483833627,0.6459832
8.03,257.1016221154629,0.66955143
8.04,235.29342391574005,0.8191264
8.05,211.28332527464212,0.74410856
8.06,190.6095214673975,0.49831122
8.07,164.2633972157701,0.26672605
8.08,149.36487795306084,0.32664272
8.09,151.6086609195254,0.7631283
8.1,152.71503246742077,0.87644273
8.11,153.7316687883384,0.9087224
8.12,154.69349254360142,0.91874456
8.13,156.60468193617726,0.89854693
8.14,159.87775764357704,0.90253717
8.15,162.86145358299206,0.897041
8.16,164.71345789217702,0.90007144
8.17,164.9029086091518,0.79390067
8.18,162.96949609110771,0.2255689
8.19,159.40145447653126,0.19778892
8.2,156.84256744026567,0.23867285
8.21,157.83924366697653,0.5198726
8.22,178.96825917156622,0.434554
8.23,200.8683005534996,0.36213988
8.24,231.3870327251345,0.31522015
8.25,253.89470107013895,0.6322583
8.26,254.42768344654954,0.55596036
8.27,234.39690874879773,0.31199375
8.28,230.40564948458834,0.09765382
8.29,230.2776194304128,0.10546772
8.3,235.54566718014541,0.44113755
8.31,247.53656292754494,0.6589641
8.32,252.8157091651406,0.7657675
8.33,251.01858972505224,0.88893205
8.34,244.83602294176853,0.86208814
8.35,241.07473193219678,0.77917576
8.36,253.4873736696482,0.6051331
8.37,258.4675411129666,0.89681005
8.38,260.63779109318426,0.8819001
8.39,264.05480143475705,0.81179774
8.4,263.27474196443376,0.5967484
8.41,243.20942923660925,0.5955105
8.42,245.94302519390777,0.5963967
8.43,250.4478623110055,0.79143167
8.44,254.5394399583918,0.74111915
8.45,273.7539247683933,0.32737145
8.46,279.70499448945026,0.34117225
8.47,288.04063794460365,0.3901032
8.48,291.32548366872385,0.8202741
8.49,293.89776480427935,0.9386182
8.5,294.6270723982662,0.95287895
8.51,295.72731417762503,0.9380818
8.52,297.395918180483,0.936839
8.53,299.95929908488387,0.89805514
8.54,303.59212986121076,0.90815127
8.55,307.00060234496283,0.92506146
8.56,309.48644222899424,0.95360756
8.57,311.57553232550595,0.94303876
8.58,312.0072166087832,0.9604225
8.59,312.1720700108605,0.9660224
8.6,312.3841119919279,0.9321628
8.61,312.05050657716413,0.8667069
8.62,308.4613227137767,0.75132424
8.63,303.2147775476442,0.64633864
8.64,290.2353956491567,0.49274656
8.65,286.78418554008823,0.72981066
8.66,290.7434245681105,0.68887854
8.67,295.57169660669325,0.79639626
8.68,294.8263137677996,0.8154827
8.69,292.2385285453645,0.8054289
8.7,290.99328349609874,0.772374
8.71,288.897022000223,0.594547
8.72,282.1967240852863,0.52302307
8.73,275.9568005857667,0.49521035
8.74,268.7340127028848,0.4470154
8.75,242.28243987393023,0.31146026
8.76,222.41963240471154,0.5955307
8.77,217.33111223940855,0.7461873
8.78,212.81985496142838,0.8195202
8.79,207.9297425000871,0.7031885
8.8,201.5692276107295,0.53406674
8.81,194.53837249221974,0.5982136
8.82,191.0084216078333,0.7471488
8.83,192.55295428497908,0.543625
8.84,199.75262368400894,0.22243881
8.85,222.09150228324762,0.7374789
8.86,224.81055838716745,0.8857426
8.87,224.46748720100163,0.89360386
8.88,222.11756639572508,0.80077565
8.89,216.8381806184757,0.57238543
8.9,205.7941275589302,0.59931076
8.91,188.33690847587778,0.40292653
8.92,181.89893467740848,0.38675436
8.93,172.48936527822895,0.2228479
8.94,183.43094747507587,0.076307684
8.95,197.77477083534853,0.35956085
8.96,212.35956330144018,0.27346286
8.97,219.81646625175392,0.2171987
8.98,208.6321578291057,0.28516135
8.99,208.39194905699318,0.44052032
9.0,208.3490642559407,0.7865834
9.01,211.67842143518232,0.7628128
9.02,217.38489661624467,0.7728183
9.03,223.05168598506424,0.68903077
9.04,238.9993020222156,0.5516802
9.05,243.8037694491947,0.8053723
9.06,248.07439912666155,0.74260235
9.07,256.8063327796996,0.68117136
9.08,260.2856266751052,0.83686966
9.09,260.570442265916,0.8580756
9.1,261.001399360042,0.7908172
9.11,256.11355791199105,0.44696802
9.12,241.57102604721192,0.57573587
9.13,233.62832364629722,0.41834804
9.14,223.65321524893398,0.39751416
9.15,204.33343924032198,0.13451101
9.16,174.18264442013782,0.06915945
9.17,161.45568231981844,0.32537892
9.18,158.76798812180434,0.64801645
9.19,152.7338416066859,0.6742387
9.2,150.35492860264506,0.6089741
9.21,145.05071968656407,0.5644681
9.22,142.26456985350774,0.7358883
9.23,139.692765878478,0.58920753
9.24,135.4510531537613,0.13133417
9.25,141.3931093374603,0.21687637
9.26,148.51971264543653,0.47185162
9.27,150.96624117606717,0.5587127
9.28,151.36848425992235,0.5309602
9.29,153.9240639401476,0.16111013
9.3,154.14360516224977,0.2218734
9.31,153.28433828084246,0.11044796
9.32,147.87568676630403,0.17694439
9.33,141.52631644337106,0.14511879
9.34,143.65920618445247,0.12890226
9.35,146.0157207454242,0.1269775
9.36,161.00124273157758,0.1922468
9.37,182.5476145926276,0.3584007
9.38,185.72506017127776,0.5677076
9.39,192.08296623786288,0.6175898
9.4,196.98190657642357,0.6715436
9.41,202.93451751941956,0.7033845
9.42,206.806141760969,0.7923828
9.43,211.3722263341842,0.7894623
9.44,214.83468311992922,0.8534971
9.45,218.82551905637146,0.8123537
9.46,223.41163947617193,0.77269185
9.47,230.25227356458538,0.45271206
9.48,236.3605885935463,0.835528
9.49,239.77505772447324,0.8673723
9.5,241.84453418179834,0.8071932
9.51,241.1690353223655,0.61961603
9.52,238.17518426928967,0.70069355
9.53,235.99616964189724,0.72637117
9.54,235.02386724292387,0.42633638
9.55,224.19222532694425,0.5511992
9.56,220.29609579154703,0.73299843
9.57,214.04387845890682,0.66220146
9.58,210.85764042073154,0.80588514
9.59,211.15372755614095,0.75462115
9.6,209.46955500032522,0.6655489
9.61,205.38142620276037,0.5117662
9.62,187.97297357169558,0.44297114
9.63,184.9026484058241,0.61424637
9.64,180.10158291614914,0.49452826
9.65,175.7674840965207,0.6766252
9.66,172.31480168591366,0.5209983
9.67,163.89475117332069,0.29626435
9.68,161.87893785001302,0.26000968
9.69,158.7415841385911,0.15115279
9.7,155.44312171640297,0.16372047
9.71,148.90934584074603,0.15266857
9.72,142.96384835545228,0.15114312
9.73,137.70732676829059,0.091729596
9.74,134.32769858982897,0.14160752
9.75,134.58623264608238,0.63126814
9.76,133.51528509110466,0.6099339
9.77,125.82673147618542,0.6087067
9.78,123.06582572931549,0.6626975
9.79,132.2826215467773,0.4712678
9.8,150.44972410147213,0.103591196
9.81,162.68778663636868,0.21192773
9.82,183.10105365337955,0.15695997
9.83,193.9686812985931,0.1962302
9.84,196.84343277752166,0.2637104
9.85,218.2551332468227,0.35021338
9.86,244.59865602067623,0.20600443
9.87,282.6657079738677,0.4834917
9.88,314.0005625093058,0.622761
9.89,348.0371542125158,0.28664714
9.9,397.9795127605758,0.3901139
9.91,410.0465420878137,0.6329541
9.92,413.85486849814174,0.6801828
9.93,415.67036778130523,0.77179205
9.94,414.94528025791465,0.69674593
9.95,413.17254966685755,0.6011415
9.96,410.51145308940045,0.4351163
9.97,402.4281039659979,0.4321302
9.98,376.44016995924676,0.4243802
9.99,358.6933402768978,0.43047005
10.0,344.66422543271875,0.3508778
10.01,349.78974737078795,0.49790967
10.02,349.1474872529883,0.2458333
10.03,361.01549106725975,0.047771953
10.04,367.7673953995294,0.08141264
10.05,371.0336350686795,0.25153172
10.06,378.44455890674385,0.15147404
10.07,382.7804590531054,0.16978388
10.08,384.69905160028924,0.337644
10.09,386.7404017968682,0.47060174
10.1,387.5517902276234,0.49206355
10.11,387.3899409911899,0.64138204
10.12,388.2334500039082,0.52916074
10.13,389.44089630964777,0.45497605
10.14,392.88246975800297,0.23095462
10.15,397.3044556701009,0.07966293
10.16,406.53763794738126,0.081349455
10.17,402.46874877026823,0.08209824
10.18,399.6110124333144,0.10316256
10.19,377.0347910003476,0.20531006
10.2,351.93855093532636,0.24461028
10.21,340.9264810949571,0.35954106
10.22,331.7920361800909,0.24268767
10.23,301.326305435323,0.24755505
10.24,304.81817347423896,0.33354074
10.25,281.5725224201137,0.26388237
10.26,265.4077437885712,0.38022578
10.27,245.87154589044374,0.33500633
10.28,239.72923534825821,0.34272498
10.29,233.42903395752828,0.3799282
10.3,224.6303888795967,0.4548329
10.31,221.74418957594955,0.12922108
10.32,222.01730219238726,0.08830034
10.33,213.7435684627397,0.18362898
10.34,208.19519804356946,0.20620842
10.35,204.412036566082,0.17760639
10.36,201.6625259985113,0.3734406
10.37,202.48556174150917,0.48721665
10.38,205.00310883356644,0.61098385
10.39,208.27220654894933,0.82014644
10.4,209.70076244287014,0.89760315
10.41,209.86825073465738,0.88152343
10.42,208.7111091538452,0.82767165
10.43,207.65797977950584,0.64595443
10.44,206.3666991890344,0.3950532
10.45,213.69968737217474,0.20858625
10.46,220.12956225015554,0.08572711
10.47,207.29349694655633,0.14246348
10.48,213.33629150799385,0.14776815
10.49,213.06198015274435,0.1914473
10.5,220.70984242896554,0.34434
10.51,224.28094462081904,0.25330332
10.52,228.84765830809843,0.2606732
10.53,240.38240823197552,0.26904854
10.54,249.7919275035903,0.23304336
10.55,238.84405361614404,0.25164092
10.56,235.41960849146253,0.20916998
10.57,221.48519224317818,0.24795245
10.58,217.56643424949937,0.34486538
10.59,207.94475197892854,0.3196475
10.6,187.51831974219152,0.2562428
10.61,165.27122726212332,0.48971114
10.62,159.07279151044338,0.45898008
10.63,152.15810503933827,0.7154845
10.64,149.72620611244355,0.75571984
10.65,147.01256488361503,0.6791574
10.66,145.52576021037865,0.3884535
10.67,146.29684518954863,0.26996407
10.68,149.18986158570425,0.09691204
10.69,155.2889765476709,0.21271603
10.7,158.33844336699474,0.120382294
10.71,163.68898823336312,0.15588912
10.72,175.3640071407082,0.41620415
10.73,179.47553603086973,0.5165457
10.74,184.93321581938133,0.033678383
10.75,189.26973606959575,0.16403115
10.76,196.7237246988463,0.23496333
10.77,202.93270584661272,0.15499458
10.78,209.7848683704299,0.14172792
10.79,219.90647421861212,0.21668044
10.8,229.9120307220105,0.2700336
10.81,241.20541153671735,0.1388903
10.82,244.77914244434916,0.21282694
10.83,240.22105234675627,0.3593618
10.84,241.47030125711285,0.20245418
10.85,241.1081518921177,0.1752538
10.86,241.11335421048966,0.1651834
10.87,240.47179122420044,0.01206588
10.88,239.1650677928967,0.08048543
10.89,239.29383307694266,0.07557975
10.9,238.05856576303083,0.054929502
10.91,236.05478162703332,0.07866479
10.92,237.73491412724908,0.1589415
10.93,235.2212261963631,0.1340327
10.94,229.5425292943827,0.28225616
10.95,221.31978851310694,0.2008764
10.96,209.71889311052257,0.08871553
10.97,195.70821112360358,0.11500732
10.98,178.1990198953095,0.1273338
10.99,162.25646983259992,0.049675576
11.0,153.96990012719468,0.08974553
11.01,154.1546127423463,0.26429874
11.02,154.44548386698932,0.27635032
11.03,154.32146940081927,0.18361004
11.04,168.86324275881384,0.16469704
11.05,189.21866593560026,0.3930771
11.06,212.63810638260554,0.1346296
11.07,233.6238563383688,0.0703166
11.08,262.9241737381277,0.48196873
11.09,286.7853199452728,0.4265682
11.1,312.1779385757933,0.21991089
11.11,347.1519779245641,0.4400824
11.12,345.3597164614678,0.4190597
11.13,320.18364936954003,0.4220555
11.14,323.8427954262459,0.42405364
11.15,331.24274114203615,0.6135424
11.16,346.83496451730946,0.42316648
11.17,353.9595003070905,0.9005867
11.18,353.3141950532732,0.9089686
11.19,349.00438274248484,0.815245
11.2,349.28416488025584,0.86517584
11.21,350.81533308229433,0.92496026
11.22,348.1740195802133,0.8927079
11.23,341.43587882493614,0.8546955
11.24,334.03963677465356,0.8849676
11.25,325.756325892302,0.7619244
11.26,316.56819935084684,0.5883936
11.27,298.897060745237,0.6630101
11.28,294.37534034592306,0.28498566
11.29,263.9020874020232,0.22708718
11.3,250.2842257827564,0.14685549
11.31,276.4112525863247,0.32241064
11.32,296.011282271663,0.09558763
11.33,330.60395705886884,0.052067067
11.34,348.15555040191305,0.09312399
11.35,354.9043943712582,0.23034906
11.36,349.736019096187,0.5741537
11.37,346.29763799834745,0.53232193
11.38,344.33818682380684,0.59670746
11.39,311.02354488750353,0.30611533
11.4,298.1825899364625,0.29804045
11.41,283.30256309719834,0.47367436
11.42,271.84441471011166,0.5821635
11.43,268.0669042495567,0.56652254
11.44,265.6286065306201,0.30710676
11.45,249.64678240176667,0.21608469
11.46,234.16250055305392,0.17824763
11.47,236.15280083528586,0.23886646
11.48,240.58793327256052,0.30453345
11.49,238.98153142776562,0.41552517
11.5,271.1507458130207,0.42372608
11.51,304.9623274998384,0.22321735
11.52,348.3112931285652,0.14846545
11.53,349.7525682977619,0.12200886
11.54,384.67671310815314,0.11656497
11.55,418.93493672295756,0.11327337
11.56,418.18997026653744,0.1906901
11.57,413.2572273886841,0.099743836
11.58,412.72854230875544,0.1283046
11.59,378.6312783127989,0.1174573
11.6,350.8085367140251,0.10842992
11.61,349.3403544476578,0.17253812
11.62,348.975702375084,0.091042936
11.63,331.6074274558377,0.06498866
11.64,304.2552818062625,0.06994292
11.65,275.59077536074676,0.09923039
11.66,257.53514534630824,0.10199255
11.67,239.67659765630773,0.20669532
11.68,240.67168841917982,0.09895612
11.69,239.08903339521555,0.10902531
11.7,235.66594318828467,0.08686042
11.71,234.7993606004601,0.06833883
11.72,232.9617463462796,0.035796184
11.73,233.30840410629662,0.45805448
11.74,232.1539631184492,0.465127
11.75,234.69766817980252,0.3122405
11.76,226.72628152702018,0.28552878
11.77,255.4494117968863,0.22280507
11.78,293.40298203015607,0.24862926
11.79,292.9361473260456,0.1879439
11.8,297.79748433650815,0.29448736
11.81,289.13031487226544,0.44673583
11.82,288.1259931714517,0.46897864
11.83,298.65314169189304,0.359073
11.84,323.22693452906105,0.4444371
11.85,353.99067389202713,0.3935754
11.86,397.7347194398849,0.26952252
11.87,419.56635609676505,0.51088727
11.88,426.27469695894695,0.74832594
11.89,428.9371902362533,0.78113127
11.9,416.2061875236862,0.57393813
11.91,411.2852074486949,0.6701457
11.92,399.52014081718227,0.5040707
11.93,394.70569269161325,0.45396695
11.94,391.07823036633545,0.68811196
11.95,386.26653794549827,0.604679
11.96,381.76693381517913,0.372731
11.97,350.2940652454624,0.20646243
11.98,324.3919703111766,0.4868944
11.99,322.502245815866,0.50399095
12.0,312.9779221597274,0.45338574
12.01,311.6282198710296,0.53916353
12.02,308.2330102781889,0.51206243
12.03,303.3305357238165,0.5247206
12.04,302.5586422230528,0.4378008
12.05,306.64849315001595,0.21141101
12.06,322.4884343879816,0.07228125
12.07,323.63441548206566,0.06542841
12.08,309.4050890228855,0.07806823
12.09,301.86523761034255,0.115531534
12.1,291.1929787473289,0.31913432
12.11,279.27374014734335,0.33326733
12.12,264.8174138380389,0.25050583
12.13,244.6654636736913,0.13991475
12.14,235.49712278151685,0.53380686
12.15,241.5694831915241,0.5059333
12.16,250.92737124859383,0.6027708
12.17,260.2383473931723,0.5790424
12.18,275.0079605235527,0.59684384
12.19,283.79266121324764,0.6724624
12.2,295.81200040550095,0.52949244
12.21,302.05561034744443,0.49925306
12.22,333.1230413512838,0.7150953
12.23,334.1756946051325,0.6731686
12.24,325.63735186712086,0.43487227
12.25,314.4176135877076,0.4654089
12.26,292.236983616056,0.30649245
12.27,256.90615498585214,0.47915342
12.28,232.94114680848833,0.66241825
12.29,234.69869651794798,0.7181944
12.3,236.13435078768075,0.6556369
12.31,240.52530009627924,0.5022517
12.32,245.58689788825086,0.90995413
12.33,247.3425975773554,0.9635091
12.34,245.8727451123728,0.8452451
12.35,240.25271292169174,0.654728
12.36,235.9076130888843,0.58579147
12.37,233.9285054101109,0.6297545
12.38,233.49870453279934,0.8176847
12.39,232.2003214213183,0.8010903
12.4,230.76081857042914,0.7963803
12.41,230.25524558502337,0.83709586
12.42,230.86192136295054,0.8746449
12.43,230.27153318851083,0.87440264
12.44,228.85760286961187,0.86997503
12.45,227.13807625117465,0.78019017
12.46,223.4981085623594,0.754181
12.47,220.5089154593547,0.8341449
12.48,220.0134350593444,0.715812
12.49,221.214217252011,0.69404507
12.5,222.30397670434695,0.5742403
12.51,222.96434355331002,0.6956792
12.52,222.60879436004222,0.7447592
12.53,222.16346549714018,0.58001333
12.54,231.15304844169765,0.8152763
12.55,252.73868937424146,0.9094724
12.56,286.0078206697931,0.9348525
12.57,307.5404891260551,0.9058365
12.58,324.67997219572345,0.72571313
12.59,355.285784309229,0.82873106
12.6,405.7072222491772,0.6525711
12.61,415.53525236427447,0.4709625
12.62,414.1128542744963,0.45627347
12.63,416.015248157103,0.406482
12.64,414.3013183657616,0.51581126
12.65,400.364337280219,0.41636017
12.66,388.81015013061125,0.5370843
12.67,381.92166060024215,0.6026691
12.68,373.9055417810786,0.4688184
12.69,357.9847454150422,0.55179656
12.7,347.11259382262017,0.60321873
12.71,332.09435264067287,0.5260081
12.72,316.6368911073627,0.65357924
12.73,309.7604355630132,0.8556187
12.74,302.34613719178975,0.8838865
12.75,297.2233574977927,0.8954987
12.76,294.06825805263554,0.9133234
12.77,289.44078853794684,0.68840337
12.78,278.6596928824479,0.5821552
12.79,271.97462641632984,0.6206467
12.8,254.12138923778872,0.34439024
12.81,241.69049861451867,0.36045572
12.82,213.06314607633706,0.56646013
12.83,204.26579042176036,0.47245955
12.84,205.1298587608375,0.3608917
12.85,215.0990640342424,0.33444288
12.86,225.96608119999166,0.17348106
12.87,233.44583581119085,0.13108253
12.88,261.97121014868253,0.14049655
12.89,294.9864513311717,0.15040134
12.9,328.4994783848675,0.19667967
12.91,335.17817156407625,0.16098006
12.92,357.78972137869846,0.2181818
12.93,404.6412205068382,0.16602167
12.94,439.4739941975513,0.06791565
12.95,467.5217949836016,0.13535458
12.96,501.2732630286743,0.2134565
12.97,503.2597610286337,0.33835658
12.98,503.86684092459467,0.22739936
12.99,510.7819839257275,0.10018747
13.0,529.4404700271901,0.18197241
13.01,540.4330176894301,0.12246011
13.02,541.2610583046577,0.056109156
13.03,541.0791874907987,0.09715046
13.04,539.1146676235393,0.049724195
13.05,493.3746559689002,0.080494404
13.06,453.22214144166304,0.032587122
13.07,420.0674572837534,0.042352393
13.08,389.0189486732539,0.037425946
13.09,349.936713136905,0.18624508
13.1,350.48852018239126,0.3646664
13.11,352.7673701557244,0.429523
13.12,350.94628903932164,0.3388547
13.13,351.1836586337225,0.19250622
13.14,351.78780520348323,0.21582179
13.15,350.673547611701,0.24669062
13.16,347.5341600559334,0.14031433
13.17,344.30153261827564,0.13720553
13.18,343.9486947512187,0.08417987
13.19,335.1464791020263,0.07769086
13.2,332.09984281950227,0.09851189
13.21,335.16488943815443,0.18771563
13.22,377.25949613287236,0.11790886
13.23,414.1699163815708,0.32586345
13.24,410.9246035186467,0.1336702
13.25,380.47757895914935,0.07331352
13.26,347.84061091503366,0.08383624
13.27,315.5232995512254,0.10508621
13.28,281.89930343140844,0.051837496
13.29,267.3120337628596,0.05262578
13.3,234.65828661917863,0.04950182
13.31,217.51830921813124,0.3508833
13.32,220.92385405437068,0.23372778
13.33,221.87443419478868,0.3149647
13.34,227.2494481717706,0.46815944
13.35,252.45095943783284,0.42330825
13.36,254.28299019024337,0.6640004
13.37,273.8004486376891,0.47737753
13.38,305.22721902257894,0.46602342
13.39,314.23321774931344,0.8653525
13.4,324.3814586813869,0.7478144
13.41,335.65523078657776,0.79617053
13.42,340.72396589535845,0.43587175
13.43,345.10643772814035,0.7353419
13.44,346.713034582769,0.722167
13.45,344.889081158666,0.4676889
13.46,335.8543844192041,0.5106507
