0.0,234.01032107766966,0.7062767
0.01,234.38564293240174,0.7945689
0.02,234.32984816653618,0.78855485
0.03,232.51001902279415,0.60118806
0.04,227.75163411207313,0.4825226
0.05,225.852342817405,0.7582032
0.06,226.50130516539278,0.8111048
0.07,227.79949934386596,0.8232942
0.08,232.55251480303127,0.7762093
0.09,236.8993334041804,0.8230059
0.1,242.26540280108324,0.795654
0.11,245.39702955193687,0.8576772
0.12,249.109581981557,0.8214974
0.13,250.37683969610288,0.8858991
0.14,250.5834715398986,0.8744893
0.15,247.89412341827787,0.7825247
0.16,245.28409052777238,0.79217166
0.17,239.30528771999423,0.64734304
0.18,233.8792219418193,0.7100692
0.19,228.94774592025198,0.7533133
0.2,227.39561965820047,0.82953835
0.21,227.20695828413284,0.8352507
0.22,227.52157350044482,0.8153129
0.23,228.56825425006147,0.7825697
0.24,229.3193133544348,0.8068781
0.25,231.0720579229488,0.8511485
0.26,232.62581221279544,0.8537941
0.27,234.18660000725902,0.90508157
0.28,235.69153138653732,0.8686587
0.29,236.33676808167993,0.87975514
0.3,236.64167158682062,0.87400126
0.31,237.88624008428513,0.87303877
0.32,238.6875398347841,0.86593235
0.33,239.31950096020643,0.90191996
0.34,238.83541642809948,0.85591435
0.35,236.44322635149382,0.8391176
0.36,234.4968743001917,0.72884995
0.37,231.587733922285,0.58553916
0.38,228.3094757091577,0.41403455
0.39,222.26335512162362,0.42114836
0.4,216.4508785426115,0.43069595
0.41,211.82805984682008,0.49661052
0.42,209.51680258975375,0.38523474
0.43,208.73745737692983,0.5671824
0.44,209.97573693210848,0.53642565
0.45,211.42531445756572,0.71913207
0.46,213.32419992743166,0.59899324
0.47,215.55140806172494,0.42252326
0.48,217.53945355694853,0.714433
0.49,221.4790247461056,0.68785566
0.5,225.68748280457712,0.80323285
0.51,227.65627211155697,0.84031326
0.52,227.58659741378696,0.85067004
0.53,226.95537723750198,0.866348
0.54,225.959302311386,0.8987658
0.55,224.7485008738647,0.82343584
0.56,221.96435823469267,0.72855747
0.57,217.873355992684,0.73282117
0.58,216.12380635518377,0.4053478
0.59,214.46730980164824,0.5755024
0.6,214.8649104389055,0.71679866
0.61,216.6787520105359,0.6192921
0.62,218.55870872424998,0.6081252
0.63,220.27743072634632,0.8053775
0.64,222.42280114154482,0.7587387
0.65,224.29405198412667,0.55401963
0.66,225.0683291277845,0.4719731
0.67,224.32512056829256,0.47763494
0.68,223.31099712427104,0.527027
0.69,221.82524699832808,0.5479217
0.7,222.99086683423786,0.6628021
0.71,222.633481704309,0.74456173
0.72,224.5206954215285,0.6779272
0.73,234.61081709164,0.3297509
0.74,248.35650128889887,0.555319
0.75,255.16893366908351,0.7986463
0.76,256.39743402094007,0.881036
0.77,257.13315529444696,0.8966241
0.78,257.8324386507952,0.8256202
0.79,255.79807113647541,0.6854843
0.8,249.17063721415695,0.5973567
0.81,242.3081876927107,0.6791177
0.82,236.9507789460832,0.6433402
0.83,234.4530218806328,0.5379622
0.84,228.9940531234214,0.3430413
0.85,225.7848844593875,0.3164965
0.86,220.12343782155938,0.5616627
0.87,217.635158463309,0.45439512
0.88,216.23412347086614,0.32052106
0.89,219.04019801061511,0.3261426
0.9,223.75066614780948,0.47193518
0.91,243.61355095241888,0.5167244
0.92,270.7622136093265,0.39235002
0.93,274.81550958122455,0.55988485
0.94,275.7914927699054,0.7676151
0.95,273.2957194180988,0.8613198
0.96,271.93457162353377,0.8959443
0.97,268.40841338378135,0.9241715
0.98,264.66986995815324,0.8267173
0.99,261.3273134487705,0.79703283
1.0,258.9601180471288,0.54896635
1.01,248.33984965644234,0.2755956
1.02,232.74423565747207,0.25931755
1.03,229.50385226731785,0.16183868
1.04,224.85474730987954,0.43030366
1.05,221.0374223699013,0.34446013
1.06,219.88821899962647,0.31060705
1.07,223.3296583952498,0.15368538
1.08,231.54727541234757,0.1697114
1.09,246.970265956172,0.31788912
1.1,251.92049380822428,0.60150063
1.11,256.22082572398074,0.86495554
1.12,258.8442745961085,0.8049896
1.13,260.50611614103804,0.7228071
1.14,260.95854371288476,0.74387664
1.15,260.76506318480654,0.8119278
1.16,258.9637822007359,0.8547794
1.17,258.34849566563355,0.8699315
1.18,257.0088779764501,0.80790657
1.19,251.9482179391042,0.6514368
1.2,245.1970868591656,0.53137803
1.21,233.8367053196511,0.48890498
1.22,226.16860982885268,0.35298938
1.23,218.97143377301552,0.49334595
1.24,217.89716271151875,0.5562215
1.25,218.86375891954748,0.6209757
1.26,221.85420449783743,0.58271116
1.27,226.40194852388606,0.3579752
1.28,230.75380148367577,0.24781421
1.29,258.2645289367788,0.3237844
1.3,266.3953344402139,0.7629714
1.31,270.54059111383395,0.89446086
1.32,272.3592742411139,0.9550788
1.33,272.8956485132516,0.9515495
1.34,271.7437455445094,0.9522256
1.35,270.48838844503865,0.90032876
1.36,267.6550252487814,0.80666304
1.37,265.594967701193,0.77601945
1.38,264.53267447738494,0.759107
1.39,266.04094110811366,0.8250386
1.4,265.48621243666014,0.8887642
1.41,266.29903447072405,0.8732781
1.42,266.0479953737019,0.8557062
1.43,270.86134464684585,0.5684533
1.44,277.0649167239229,0.54871744
1.45,278.15857001748367,0.65028906
1.46,278.9639240639197,0.6943375
1.47,275.5353795735301,0.73775035
1.48,254.12032343886318,0.7188789
1.49,220.41458894666584,0.38089904
1.5,216.7042731297961,0.6643784
1.51,216.19146166373267,0.7611261
1.52,216.50159853881715,0.8795978
1.53,217.67344024361444,0.938422
1.54,218.7805245189156,0.9301467
1.55,219.30698427580185,0.89968896
1.56,218.58804276514934,0.9348082
1.57,217.28980464791852,0.9136666
1.58,215.65257087036483,0.91435206
1.59,213.6881045898303,0.79520726
1.6,211.77292767870534,0.6439052
1.61,195.35459986721986,0.35859382
1.62,173.37252155350996,0.2597547
1.63,168.53432007215645,0.77953
1.64,172.9011602735285,0.35552424
1.65,186.52939227557715,0.37983495
1.66,190.50927680548483,0.65729576
1.67,190.1236560146734,0.76858604
1.68,187.91201370461934,0.62680405
1.69,183.36864033743245,0.5575778
1.7,184.96572913064227,0.37322527
1.71,196.7498567376819,0.5965897
1.72,213.49458617773635,0.47448176
1.73,221.88938408411005,0.16016167
1.74,230.8853920061074,0.15553515
1.75,239.51962094400523,0.1757515
1.76,241.89526881421475,0.2523029
1.77,252.02008540556568,0.21659967
1.78,266.92821199105174,0.16081378
1.79,266.2864070832985,0.6575742
1.8,262.8676368404825,0.8085422
1.81,262.68275534829525,0.80141747
1.82,260.78600590378994,0.57784075
1.83,254.32206643199467,0.46639496
1.84,255.80167662256662,0.30710354
1.85,266.3308443278786,0.17805642
1.86,275.14210122306326,0.65826756
1.87,272.5128304520869,0.6712562
1.88,271.76186022097403,0.29685867
1.89,266.17038320896023,0.25431538
1.9,261.40473297144615,0.2195253
1.91,254.9251567139931,0.20365682
1.92,244.82658074640557,0.20562148
1.93,237.53061773260853,0.43630674
1.94,228.14565057043282,0.39717412
1.95,219.86930623343824,0.10430618
1.96,213.8000900467529,0.30291378
1.97,206.51879435041099,0.42836848
1.98,214.1720759459396,0.5774643
1.99,215.97002425070912,0.62676793
2.0,216.75992658407336,0.5528214
2.01,215.96315124579922,0.50426143
2.02,216.3193516564413,0.57154316
2.03,215.82874726901832,0.7330884
2.04,215.98645461147885,0.81002676
2.05,215.78137159916935,0.7858263
2.06,215.31954392122842,0.74025756
2.07,214.11759776095167,0.65903956
2.08,214.96399862984023,0.5112189
2.09,219.8614579297583,0.77941585
2.1,224.16787668065072,0.85970783
2.11,226.09030968634127,0.9209462
2.12,227.69917195153175,0.8987183
2.13,229.7130536642301,0.8507798
2.14,231.07016349609864,0.8586802
2.15,231.33916287545776,0.79474455
2.16,231.5889382129143,0.75797516
2.17,231.79110217057823,0.68519837
2.18,231.52232567535933,0.7112081
2.19,231.26033917004932,0.6420198
2.2,227.55240482908607,0.53201
2.21,222.35593791933877,0.7051055
2.22,219.4029143861515,0.53617764
2.23,211.38273901298433,0.6849854
2.24,208.37843253366378,0.89462274
2.25,209.06749173954745,0.88412637
2.26,210.64311053528797,0.91763157
2.27,212.43663931427974,0.91950923
2.28,214.5496501511056,0.8766531
2.29,216.13693875696708,0.8682491
2.3,218.48059263166405,0.8297459
2.31,219.2684020917547,0.49918723
2.32,218.43193606357863,0.4094493
2.33,216.42819837533068,0.4410266
2.34,216.4197611260805,0.4217992
2.35,216.02255136139456,0.674235
2.36,212.52674453701917,0.6867451
2.37,209.32805088776996,0.5874529
2.38,207.81092161215167,0.46620026
2.39,209.3022724488996,0.52187485
2.4,217.27333015531488,0.40301174
2.41,250.3322363103369,0.51914877
2.42,271.4759219824961,0.60283846
2.43,264.1627197286896,0.45366383
2.44,247.49293449065945,0.42094326
2.45,245.6504937461801,0.5461233
2.46,245.42386191726735,0.8287856
2.47,245.31065172958878,0.9348611
2.48,246.65327466680196,0.9394461
2.49,247.59440927534925,0.95164263
2.5,247.62449860111525,0.9176902
2.51,245.97649653281397,0.8365155
2.52,240.90587640210376,0.5268184
2.53,232.38741595880902,0.50132936
2.54,250.72052649321662,0.3762311
2.55,282.4112620657022,0.40940243
2.56,310.17723466790864,0.5413623
2.57,347.68254058849413,0.32461947
2.58,376.0689397248301,0.26388434
2.59,359.96289784583615,0.35927284
2.6,351.64185217848035,0.440974
2.61,341.2821332629105,0.18806319
2.62,309.68587291124845,0.38124123
2.63,310.10744267537854,0.087354675
2.64,314.59889274964956,0.057530973
2.65,319.2658324891113,0.1027195
2.66,318.0124653780057,0.31440642
2.67,315.3668544620988,0.2864661
2.68,312.640301605651,0.25310606
2.69,314.2318181576786,0.09804469
2.7,330.0894901223439,0.28307143
2.71,323.98082452558185,0.22931418
2.72,335.6338106170084,0.091102414
2.73,305.21768661736576,0.054407403
2.74,284.13164477677134,0.056636102
2.75,260.89821400838247,0.42358485
2.76,230.6655453580243,0.34161177
2.77,212.97016753325008,0.39275542
2.78,217.48106998480566,0.5705932
2.79,228.79208469713893,0.46871188
2.8,236.81378034541214,0.5859561
2.81,240.06064385740348,0.642939
2.82,242.72008117802483,0.7332832
2.83,245.51589327635682,0.8966523
2.84,245.1357314492624,0.91296744
2.85,243.9405108019035,0.88862884
2.86,241.5413181792479,0.8135553
2.87,236.6171065800442,0.7632696
2.88,233.2336934813799,0.73139596
2.89,232.11011551639945,0.47699556
2.9,234.3806769074701,0.30935562
2.91,217.38630908168815,0.06290545
2.92,219.3635633439229,0.041652985
2.93,217.39192791118526,0.13367225
2.94,211.15695469436912,0.19208641
2.95,212.5668185695052,0.2768277
2.96,213.86290775421844,0.36133394
2.97,219.77594407890837,0.48041666
2.98,223.30495595604822,0.47014445
2.99,223.66736097377074,0.7166746
3.0,225.85103807762357,0.45548624
3.01,222.34267791432137,0.22665802
3.02,222.93215157498986,0.1374115
3.03,201.7729818077405,0.10381649
3.04,177.22290773098504,0.07765715
3.05,155.0065952064282,0.072884865
3.06,135.09111657117558,0.052630983
3.07,121.54997917079562,0.41618514
3.08,118.00955071445534,0.399769
3.09,115.11712299313656,0.64201677
3.1,116.13416614161436,0.8488363
3.11,116.06632332792438,0.58484024
3.12,126.09576828876344,0.27689144
3.13,134.85095476648752,0.18458731
3.14,149.00411087171256,0.41173935
3.15,152.5320970772206,0.6489931
3.16,156.22441795374942,0.84528387
3.17,157.1703916546147,0.90249395
3.18,157.16000299851063,0.88422245
3.19,156.06034348977704,0.8425873
3.2,154.92063886630217,0.72991115
3.21,149.8076246746216,0.39488474
3.22,135.93325042308615,0.29205623
3.23,127.40224287942783,0.5127412
3.24,125.54644324937415,0.7870964
3.25,127.24275615977875,0.72636133
3.26,132.6770902167086,0.5533791
3.27,134.6842290506537,0.4492934
3.28,135.86450902423866,0.27516663
3.29,135.81609386105598,0.27928695
3.3,145.82888129701763,0.46703646
3.31,157.26270500487888,0.6628321
3.32,171.31716997913801,0.69953686
3.33,188.83034465733627,0.61609304
3.34,196.77404837585107,0.5759731
3.35,208.08987409619652,0.3904575
3.36,210.93655563765313,0.6402609
3.37,207.41198718391033,0.7950551
3.38,206.2950207509671,0.7503517
3.39,207.28703289843315,0.62153673
3.4,210.59423639129136,0.5702654
3.41,208.91929329822577,0.69198775
3.42,208.4873395193355,0.64390904
3.43,212.30435289767613,0.6249721
3.44,213.0180289173563,0.60344374
3.45,209.01972678655127,0.26906133
3.46,194.58277044933536,0.33861822
3.47,183.09550334132408,0.21962425
3.48,174.86541945405776,0.23904881
3.49,179.206855579677,0.63112134
3.5,183.19727152029293,0.68932086
3.51,186.2998416044533,0.76451576
3.52,189.7185636784809,0.8045988
3.53,192.9459322196584,0.78980815
3.54,195.17583398199525,0.59908456
3.55,202.0726055656388,0.5868878
3.56,205.04814030179475,0.4329793
3.57,214.81481903552324,0.64713275
3.58,224.19683261138644,0.6490994
3.59,239.42797255337433,0.51803946
3.6,245.89225874607553,0.45445666
3.61,253.47320543255012,0.28678998
3.62,271.7463405777617,0.16193406
3.63,273.9997854241929,0.1501393
3.64,247.33420778248484,0.3667386
3.65,244.9149992103011,0.19366597
3.66,250.04233574983897,0.3065744
3.67,252.37929868287972,0.35469887
3.68,254.97151973542273,0.27455944
3.69,271.7988930877331,0.14718664
3.7,298.0405093704167,0.062424082
3.71,309.71861092102324,0.029102832
3.72,330.32219251530927,0.23456484
3.73,328.65361437566685,0.5140239
3.74,310.6456266559292,0.39828122
3.75,271.64537353518864,0.26464304
3.76,241.83773650405766,0.12012732
3.77,213.45888130205438,0.4654435
3.78,193.7707585239656,0.7478759
3.79,194.48108893451447,0.849914
3.8,196.62752061924704,0.7482733
3.81,201.33860387952666,0.65473443
3.82,207.5937258258294,0.5736654
3.83,214.24085331619378,0.7680996
3.84,216.14579896736257,0.9128402
3.85,216.2892138570105,0.91309386
3.86,216.84149615550385,0.89073575
3.87,217.2109144229306,0.9159634
3.88,217.4812507472474,0.9292995
3.89,217.50844382566285,0.93094563
3.9,216.6589716018828,0.9156025
3.91,215.66657067785485,0.9333136
3.92,214.30568902587186,0.8905466
3.93,210.98402829256403,0.8956405
3.94,208.05717119863655,0.8912253
3.95,206.18692268363975,0.8840408
3.96,204.67297091020654,0.72668195
3.97,200.17627533027985,0.5065025
3.98,196.7971292364233,0.67498726
3.99,197.94838408124608,0.62959474
4.0,204.7693149738131,0.47576043
4.01,212.96739236312374,0.5962499
4.02,217.28630694929444,0.62453866
4.03,220.1400578579104,0.8071648
4.04,221.4105559036611,0.8271222
4.05,223.72081579423283,0.77193725
4.06,226.55691359997508,0.76082605
4.07,227.03209457982024,0.7424274
4.08,227.69190395394634,0.6695039
4.09,216.78997555497514,0.36981437
4.1,211.5701529976564,0.6469135
4.11,206.63709886983725,0.72143584
4.12,204.57667564216834,0.8856729
4.13,204.89124556804794,0.89938647
4.14,206.55434499337846,0.9184293
4.15,209.35444470189793,0.88487
4.16,210.89261688898546,0.91960084
4.17,210.87153891567726,0.8598183
4.18,208.8824204072116,0.7556568
4.19,206.12153783375956,0.40452877
4.2,183.17892925769743,0.4135994
4.21,174.75210508760287,0.37550268
4.22,165.41258311774448,0.2934675
4.23,155.56823481702557,0.30355403
4.24,147.52166029283978,0.21471749
4.25,132.81168794504015,0.21989405
4.26,129.950892710309,0.17400832
4.27,129.30998953585348,0.18333633
4.28,134.19400212744,0.2381179
4.29,150.65195907373993,0.101437405
4.3,154.8027986933177,0.45378986
4.31,156.4690761999229,0.3615976
4.32,156.01318793802955,0.36012056
4.33,157.66677851949646,0.20422626
4.34,161.3086195159225,0.34441105
4.35,162.8401832433295,0.3598078
4.36,165.422972540739,0.23416372
4.37,165.96352788770133,0.21478622
4.38,165.23957170695957,0.50709647
4.39,164.40177614949252,0.67250335
4.4,164.6521420938534,0.5751651
4.41,161.58639097283412,0.39288017
4.42,149.5225850760679,0.319849
4.43,137.5956563250774,0.10765034
4.44,137.9816812801273,0.12042169
4.45,138.4632859669116,0.4100852
4.46,138.36750185042635,0.47201854
4.47,151.01650770413144,0.21612762
4.48,162.18441979968716,0.25852183
4.49,172.01484826382878,0.2919622
4.5,188.56315807149576,0.56076986
4.51,209.70785107004065,0.61083114
4.52,227.53492342585457,0.5918238
4.53,254.07218092539281,0.47393703
4.54,261.83668956286675,0.4766885
4.55,261.6007327985607,0.32323164
4.56,256.4711769054451,0.45668802
4.57,253.33186360079748,0.502584
4.58,244.78412078342814,0.42967135
4.59,238.98542260342427,0.28313148
4.6,239.23007569455268,0.21265434
4.61,236.15603369551297,0.6865289
4.62,227.49993408294156,0.5753796
4.63,217.00779452282825,0.43759724
4.64,208.98030572153115,0.35428175
4.65,204.40120058619513,0.19191234
4.66,199.39780644068082,0.35669273
4.67,190.09850626308787,0.30837715
4.68,184.88277490871326,0.1000321
4.69,180.95852536625185,0.16398099
4.7,173.9497646889996,0.30328643
4.71,164.35080307296693,0.10665283
4.72,159.290854642892,0.038889945
4.73,154.58814114786665,0.08652428
4.74,150.3370669942468,0.17787018
4.75,156.80614616963422,0.4057148
4.76,162.13909772369232,0.47268263
4.77,163.24767004188232,0.69700396
4.78,163.99268591232078,0.7570427
4.79,165.08648015778294,0.8714242
4.8,165.06431057105095,0.8258469
4.81,164.53638676790354,0.74774474
4.82,162.6942774182179,0.4050767
4.83,150.0891327870956,0.27103958
4.84,152.09452182759827,0.19769084
4.85,135.6343067522884,0.3773776
4.86,135.20840497926002,0.4356596
4.87,141.59940699597044,0.25867966
4.88,155.14898401068746,0.061662458
4.89,157.97506188711847,0.1579965
4.9,155.79256065787123,0.18546964
4.91,145.48862357047076,0.1833326
4.92,136.24200650104743,0.08698546
4.93,132.66443559316082,0.46655104
4.94,134.66053470268267,0.70195997
4.95,135.31617953470152,0.7029159
4.96,135.20689291689732,0.75251794
4.97,134.34035493904014,0.6074531
4.98,133.70213644597328,0.55558634
4.99,132.63626991222014,0.39733765
5.0,132.8835422760258,0.45708117
5.01,135.3298924887113,0.32037666
5.02,136.39466788082106,0.29926085
5.03,136.94199854774465,0.7032626
5.04,140.80155412115684,0.6097466
5.05,144.93435299976488,0.42065927
5.06,148.48305038150778,0.4571034
5.07,151.65366208513439,0.459021
5.08,153.75198622921044,0.4767038
5.09,154.278166147111,0.6120145
5.1,151.0043574339343,0.42223224
5.11,149.5603495338136,0.1989108
5.12,146.84759236202916,0.3024559
5.13,135.71003300910974,0.2874567
5.14,139.62015681616856,0.39006978
5.15,140.4434235852001,0.46632856
5.16,147.89469999055075,0.37406692
5.17,156.48123528354478,0.31904602
5.18,168.524346579173,0.7152056
5.19,187.66316772101487,0.72462696
5.2,204.77904151566037,0.5470857
5.21,219.65883992633383,0.33228615
5.22,226.60545129051945,0.4163273
5.23,230.55619698401128,0.6980148
5.24,232.81103941123035,0.8186011
5.25,234.42586639753213,0.8844285
5.26,234.54544240387963,0.8497881
5.27,233.5017824625018,0.86262804
5.28,230.8817416801951,0.7267028
5.29,223.4690084436804,0.7054462
5.3,219.5663745025033,0.82243496
5.31,218.31117581846007,0.8942241
5.32,219.34112616992095,0.8011862
5.33,223.06614087547297,0.6960543
5.34,231.46936432540411,0.76848567
5.35,233.94013120426263,0.85635906
5.36,235.58349754755778,0.74605507
5.37,238.5540899394441,0.6093257
5.38,241.534788230176,0.54839617
5.39,245.25954022847512,0.78048867
5.4,250.0838585442442,0.81390005
5.41,255.0123814455537,0.8222344
5.42,259.3406714982723,0.82915306
5.43,262.19733384164397,0.8495015
5.44,262.86602842669646,0.8233356
5.45,261.8948099635232,0.83943784
5.46,260.42645636560775,0.63672894
5.47,258.8598884490366,0.65587914
5.48,254.22217762220552,0.38743922
5.49,242.52347974579865,0.56148106
5.5,239.40085415250454,0.63982064
5.51,238.13679136763636,0.5286229
5.52,237.23930466716695,0.70966685
5.53,234.30540384769986,0.82856786
5.54,231.3210009904393,0.81792843
5.55,208.40511051112074,0.47383243
5.56,181.6358996334489,0.71001965
5.57,158.0767857317231,0.8395319
5.58,137.45691063125943,0.89749527
5.59,123.33710782607614,0.91871095
5.6,122.95863636066606,0.9107458
5.61,122.34570902105987,0.92550814
5.62,121.27048939483896,0.8832483
5.63,119.83580503613702,0.790724
5.64,116.63873414435525,0.6613813
5.65,113.66196120258243,0.6575846
5.66,111.76619917231385,0.6926798
5.67,122.56796116723902,0.55023456
5.68,141.94256954796617,0.5528837
5.69,153.81525250231275,0.5703997
5.7,171.9887507302999,0.70902836
5.71,193.55394213056502,0.5242984
5.72,218.94468201485756,0.16002162
5.73,238.2808039297371,0.43408656
5.74,240.35768907518195,0.36327696
5.75,241.311259758577,0.5784027
5.76,241.59129468810065,0.6557856
5.77,242.4371933606085,0.76804996
5.78,242.7306017923591,0.8233379
5.79,242.02738705791478,0.79174846
5.8,240.95770493837136,0.72559
5.81,237.315682694327,0.75428957
5.82,233.7926300864471,0.7257237
5.83,234.9447002288899,0.6887041
5.84,238.47254109109966,0.63319635
5.85,237.53705905273642,0.57226616
5.86,235.98679406441715,0.60043293
5.87,233.89170904012406,0.6689301
5.88,232.24392357000752,0.82779527
5.89,230.75825005932163,0.73149186
5.9,228.55485358803708,0.7543044
5.91,225.89194339427277,0.4624707
5.92,209.05150453049242,0.58118063
5.93,177.2390253712294,0.8280306
5.94,162.0496737954281,0.9118961
5.95,141.5502604013754,0.9469588
5.96,123.14540490466817,0.9334715
5.97,109.62994400755218,0.91639096
5.98,109.81533594948914,0.93599343
5.99,109.86284042527232,0.944727
6.0,109.77646460639897,0.93910784
6.01,109.78091055520204,0.9340542
6.02,109.66468084516927,0.9162314
6.03,109.76064177150383,0.9170685
6.04,109.83806433592109,0.922409
6.05,109.76259709091428,0.920705
6.06,109.67800663118342,0.91767985
6.07,109.57696138515244,0.9168138
6.08,109.39252687136428,0.8993227
6.09,108.90839795737011,0.88752025
6.1,108.18977173523045,0.7869064
6.11,108.33776303095205,0.7715969
6.12,108.22981915323062,0.84073555
6.13,108.15477735278066,0.8497249
6.14,108.26207624803155,0.82667935
6.15,108.68374599043591,0.8424979
6.16,108.7129667893477,0.77441984
6.17,108.45190217923879,0.669344
6.18,108.02797913734526,0.70169806
6.19,107.6997032942348,0.72855383
6.2,107.79520341401822,0.73842794
6.21,107.96760698495277,0.71148807
6.22,107.91316269623292,0.7317184
6.23,107.83844604644477,0.7507585
6.24,108.16314276124427,0.5135591
6.25,115.5916803626967,0.6708671
6.26,131.1874494992358,0.7892876
6.27,147.04566045125003,0.7592061
6.28,154.8580068659453,0.7302622
6.29,171.7332029632472,0.45446995
6.3,195.3673519120814,0.47705042
6.31,209.39060781848747,0.6630276
6.32,208.10848481720996,0.45523688
6.33,208.00430454956498,0.38697153
6.34,206.92634039358273,0.5709314
6.35,206.31528739761478,0.7545474
6.36,207.08764927553332,0.46083495
6.37,213.43489625764167,0.24041009
6.38,218.1092272767321,0.600557
6.39,222.7867426405286,0.5161464
6.4,223.19070337743108,0.41381347
6.41,224.1792010863703,0.42681473
6.42,221.99360346876648,0.6142809
6.43,218.62251991833392,0.7807851
6.44,217.54201864670637,0.6597104
6.45,217.78494678714077,0.31029463
6.46,220.83162505995543,0.3349772
6.47,229.1248546937078,0.3882975
6.48,230.07330757592996,0.47636682
6.49,226.78462493865638,0.5471762
6.5,219.86880112829738,0.4830529
6.51,217.54770796432882,0.48215854
6.52,217.79750296068408,0.38822848
6.53,215.69637431069012,0.57929134
6.54,212.3618533947517,0.50530976
6.55,213.5583303138814,0.25151566
6.56,215.07745637449645,0.37038812
6.57,211.47559178113895,0.5766398
6.58,210.55546312027573,0.68086106
6.59,209.7928014950479,0.77454877
6.6,210.15826823339066,0.85144544
6.61,211.8892425570506,0.847786
6.62,213.07909720073474,0.8677993
6.63,214.70711565144128,0.8731328
6.64,217.32679798672814,0.86774087
6.65,220.10550627180461,0.8926698
6.66,223.62277464161525,0.7831085
6.67,233.1095646250489,0.5930369
6.68,240.84694465631384,0.7383806
6.69,247.7679129448759,0.7382928
6.7,249.83862710667182,0.8517017
6.71,249.44578061627882,0.8763445
6.72,247.98125776618303,0.8692977
6.73,246.7988987713142,0.87043
6.74,245.95641309616852,0.9264066
6.75,245.99414155589312,0.92843235
6.76,246.995527185355,0.81709176
6.77,244.81415898569065,0.59687436
6.78,235.41226541427605,0.32609886
6.79,212.49403160486713,0.30662358
6.8,207.21011060668647,0.3960283
6.81,202.70507868076848,0.26318967
6.82,196.09425473768147,0.19206879
6.83,191.47622233530456,0.29001552
6.84,191.39265279258598,0.6521106
6.85,192.63277701040917,0.80059844
6.86,194.48334372458862,0.8194863
6.87,196.70086023093324,0.7821329
6.88,204.1671494036697,0.5585592
6.89,221.18809817659468,0.3433549
6.9,245.57297922781282,0.48298916
6.91,259.1560925589121,0.63285613
6.92,257.250136488185,0.84656096
6.93,257.4070222060352,0.89921004
6.94,257.2451965309585,0.9173037
6.95,257.2624907852042,0.9409384
6.96,256.38727595398746,0.95754975
6.97,254.97413400061492,0.9090729
6.98,253.52390995209518,0.90132505
6.99,251.41107172892833,0.832931
7.0,249.71935911214194,0.8349261
7.01,247.618584768946,0.74275655
7.02,242.62830050049246,0.8640066
7.03,241.28323752808802,0.9017787
7.04,238.39535486062056,0.6818521
7.05,234.93278412041877,0.58585733
7.06,241.50436167892903,0.44264406
7.07,245.86332140102007,0.58376706
7.08,219.18328760442492,0.3914409
7.09,223.5519545898838,0.61748785
7.1,229.38526515240056,0.58963215
7.11,236.98557361443764,0.69836384
7.12,241.80321409091795,0.80547243
7.13,244.64592151347634,0.84699434
7.14,246.6085054765043,0.8147842
7.15,248.1244224470326,0.8932452
7.16,250.39654726359117,0.91670704
7.17,251.441455706548,0.8212961
7.18,253.30446965043097,0.5678684
7.19,261.19539657501343,0.44060436
7.2,250.14057183595855,0.28555447
7.21,231.32338803482878,0.16318043
7.22,227.32837761020784,0.16795626
7.23,221.91209977484948,0.31432894
7.24,219.9554140602089,0.4205313
7.25,219.2076488692822,0.41575792
7.26,219.44407781287958,0.45132664
7.27,221.18014492752013,0.34045494
7.28,221.92117421730498,0.23327307
7.29,222.24268277870817,0.3140238
7.3,222.89291217876323,0.37000278
7.31,222.6180373638278,0.23235194
7.32,219.59590899464533,0.25690025
7.33,218.05516643189688,0.17932022
7.34,204.31357471060525,0.12842034
7.35,203.02888084058452,0.18062873
7.36,197.5131493894171,0.2732969
7.37,194.34725526780954,0.42275068
7.38,195.06445098758053,0.46749955
7.39,198.83333795363714,0.30801535
7.4,223.52282800411757,0.37059954
7.41,234.6498703997182,0.5237897
7.42,248.34007829078584,0.5276981
7.43,257.6452629021935,0.60848993
7.44,261.8244925569919,0.68549573
7.45,264.75219763952873,0.78747594
7.46,268.26430733318693,0.9277205
7.47,271.0016305489611,0.9454279
7.48,272.2988936878025,0.9581871
7.49,271.7248042365372,0.9573773
7.5,270.5261799368029,0.9200963
7.51,268.20989607206366,0.92467815
7.52,265.1368059343289,0.91305053
7.53,262.98281490075146,0.7695125
7.54,260.39592876828004,0.50769615
7.55,246.31770662817138,0.3580243
7.56,265.11730048438113,0.222877
7.57,262.72217992939596,0.112453856
7.58,250.65342832568257,0.094694115
7.59,241.9381293646865,0.069971494
7.6,222.7349056101085,0.22878198
7.61,218.12248000658767,0.57315457
7.62,219.44830687674346,0.64637876
7.63,219.26364859166364,0.6547248
7.64,217.65942030436892,0.5194405
7.65,208.10906991780308,0.38720417
7.66,206.31594522635544,0.31943086
7.67,197.10104295689575,0.5279697
7.68,204.57878346286137,0.23882663
7.69,215.55825573462437,0.25275013
7.7,220.95751544871212,0.3532763
7.71,223.56823830772143,0.5142583
7.72,225.6060367829541,0.5967223
7.73,225.59557656554665,0.6972107
7.74,225.7788542611687,0.62775046
7.75,224.75270821903422,0.6423506
7.76,223.67952231224922,0.8744183
7.77,222.35529127660772,0.8523439
7.78,221.15776371875228,0.9113792
7.79,219.643768121859,0.86667824
7.8,218.1736219481587,0.9253425
7.81,217.43994524781274,0.90871805
7.82,216.26611736138108,0.86517966
7.83,216.54558106992425,0.7120944
7.84,216.44735641154992,0.537933
7.85,218.509901727187,0.8062717
7.86,218.00480953544718,0.9236554
7.87,217.60688674631825,0.93137026
7.88,218.1177045301432,0.9411398
7.89,219.1846629019595,0.926601
7.9,220.28012094620223,0.94379485
7.91,221.54553131959162,0.9298025
7.92,223.07940631655956,0.93446475
7.93,223.9860678977593,0.9324339
7.94,223.88480734491284,0.91770166
7.95,222.83007385417415,0.89676374
7.96,220.8158941998734,0.8706132
7.97,216.98581856132677,0.76885486
7.98,214.08921126780004,0.78897405
7.99,212.33633813470735,0.78013444
8.0,210.8878992184318,0.8521591
8.01,210.0033355117695,0.855086
8.02,210.22841594188026,0.82154757
8.03,210.47877870054933,0.79085255
8.04,210.1804863521099,0.77493155
8.05,209.53876717905865,0.81496143
8.06,208.9202945601187,0.77202517
8.07,192.6634934959245,0.5287596
8.08,176.3369711360414,0.28019154
8.09,158.54083970322995,0.13039958
8.1,157.00411761256933,0.3743657
8.11,154.6224563742272,0.43104082
8.12,153.29701834132396,0.2636623
8.13,154.36257136382687,0.33623055
8.14,156.72160226058966,0.39574462
8.15,173.46756001039512,0.15145534
8.16,198.07652864014665,0.15451217
8.17,214.96993188203217,0.17009868
8.18,240.519272994721,0.033709012
8.19,244.8034762517279,0.24183042
8.2,251.12571184319037,0.52332026
8.21,253.84623370934477,0.68124115
8.22,257.75785891867844,0.69448364
8.23,267.8034184227273,0.6534738
8.24,275.3387632418683,0.71451724
8.25,283.9714083570703,0.83600193
8.26,287.8675595465212,0.9294523
8.27,289.32295643995326,0.80915314
8.28,291.32335224539014,0.73641247
8.29,293.8512586918537,0.6009016
8.3,294.1743893965976,0.4621696
8.31,286.1843813114516,0.6113547
8.32,285.2238597870568,0.74247336
8.33,285.32438722162874,0.6124676
8.34,288.4083729339772,0.41604835
8.35,289.7747284926023,0.27267647
8.36,272.705300915993,0.37639913
8.37,295.7598764775599,0.31767148
8.38,293.56722692067865,0.28524607
8.39,286.046218723846,0.41271803
8.4,286.1096070952235,0.39097965
8.41,288.6499078814744,0.51905
8.42,289.6778022904642,0.5605003
8.43,289.06130464076733,0.46137807
8.44,289.209202926084,0.26238665
8.45,272.09448084298964,0.17454511
8.46,273.12546870313014,0.16514851
8.47,252.73390613569552,0.06861196
8.48,226.47097019657681,0.041234028
8.49,208.75685443547113,0.03902224
8.5,184.08280616844107,0.5922937
8.51,190.65234636256332,0.38422143
8.52,198.64765937467254,0.44841358
8.53,203.12278633396653,0.48348567
8.54,208.3584589895192,0.72681355
8.55,212.68265587400438,0.794542
8.56,218.2076650857399,0.7603118
8.57,224.51182980280203,0.77960855
8.58,230.1511213695344,0.7743844
8.59,233.83143022151688,0.8964613
8.6,236.0532029163955,0.88015705
8.61,238.01268430396905,0.83569
8.62,238.53538590793764,0.81982875
8.63,239.6391705019547,0.8029579
8.64,239.52641239088126,0.81185484
8.65,239.4398355059048,0.8394993
8.66,239.74777358428076,0.8424922
8.67,241.2962930343789,0.88402987
8.68,241.61984146792278,0.9049134
8.69,243.12751661972817,0.903714
8.7,245.2355899878,0.91130877
8.71,248.2428398068867,0.8636674
8.72,252.75969561666602,0.8588289
8.73,257.1332798232613,0.88643044
8.74,260.85093498485264,0.8875626
8.75,262.95848041373137,0.9366873
8.76,265.0072119003666,0.9414136
8.77,265.8520777119729,0.9580093
8.78,265.41159697441947,0.9536537
8.79,264.4181967410584,0.92275083
8.8,262.9185051327858,0.93449235
8.81,261.22534577886245,0.8563923
8.82,260.0026702853395,0.63927734
8.83,262.57015029535717,0.40683314
8.84,233.66150605754262,0.4010485
8.85,231.10813350456164,0.56305814
8.86,226.96740208489516,0.46053883
8.87,221.89313590025694,0.6346333
8.88,218.61403377898216,0.8212463
8.89,220.40036139589657,0.84703547
8.9,223.87768213375978,0.7646018
8.91,229.99771959584575,0.7284836
8.92,236.31081004987453,0.7538572
8.93,240.2788959618279,0.88643646
8.94,243.15039114593316,0.8480177
8.95,248.39232631394395,0.79141176
8.96,255.59063297330226,0.7796586
8.97,260.28735116981477,0.8639223
8.98,262.6071927704918,0.9288889
8.99,263.70621636765526,0.9237138
9.0,263.98467548831684,0.8892627
9.01,263.95199002622303,0.81366974
9.02,264.84535293055745,0.6856663
9.03,267.70572419639075,0.51748985
9.04,262.22727557769747,0.28421944
9.05,237.0116317042175,0.191665
9.06,224.5799338521491,0.15538631
9.07,230.33398069267128,0.23127864
9.08,239.61115482781634,0.2377188
9.09,255.91292338922813,0.7213896
9.1,260.07879031758023,0.793392
9.11,265.09639352995714,0.8229339
9.12,267.62017380028294,0.86722165
9.13,267.9887341316527,0.8770031
9.14,265.95330903557647,0.7901358
9.15,265.27747837861557,0.6612353
9.16,267.566519728025,0.71105736
9.17,266.77855590187414,0.7228245
9.18,264.4128490345386,0.6895759
9.19,265.37234373574114,0.8268759
9.2,264.12744818678783,0.8008492
9.21,264.6650163126062,0.80493134
9.22,264.0880120060039,0.7663095
9.23,264.22352980141505,0.7273939
9.24,264.34369021114543,0.6324474
9.25,265.64158435533096,0.4752513
9.26,266.52606887505823,0.23158497
9.27,249.44744290457177,0.1782541
9.28,236.85377747206618,0.24925672
9.29,233.43315547729497,0.28478637
9.3,227.85629114719228,0.3549926
9.31,227.02667783041682,0.49755758
9.32,225.75328140221933,0.66223323
9.33,225.35029646444045,0.671401
9.34,223.97294394710758,0.74279296
9.35,224.19902844170747,0.7365336
9.36,221.77164416497084,0.3603815
9.37,216.05161512075412,0.23120213
9.38,210.87689421584375,0.2312788
9.39,209.7646847904383,0.2702102
9.4,210.7567612036434,0.23837313
9.41,213.44448446642934,0.3661814
9.42,214.4956132537828,0.5393148
9.43,214.1629611983201,0.36793825
9.44,213.56209075300995,0.71974015
9.45,213.10301117665745,0.75321186
9.46,211.2810553420516,0.78595126
9.47,209.26551431992243,0.8521987
9.48,209.13440534249588,0.8233338
9.49,209.40673423140285,0.6950932
9.5,210.71768010494839,0.5063639
9.51,209.2135259229731,0.40870166
9.52,210.9637183641851,0.4710509
9.53,217.72418279082046,0.5430448
9.54,225.9894928839969,0.56430763
9.55,232.86752127120252,0.6299021
9.56,237.1862989932043,0.78457546
9.57,242.18750751775858,0.7297816
9.58,247.88088280882482,0.84411967
9.59,248.7230629463644,0.890051
9.6,246.58374756877348,0.85038704
9.61,241.82080946176978,0.7352219
9.62,232.95670779200367,0.4975929
9.63,224.65304982970093,0.72032267
9.64,219.0249789354856,0.8107302
9.65,215.9831067565235,0.8341379
9.66,214.97604044807363,0.7653406
9.67,216.39953629132975,0.82840836
9.68,217.88331343074088,0.8109857
9.69,218.84011036771096,0.84456676
9.7,218.7271051163664,0.8578142
9.71,216.5485762068187,0.82872605
9.72,210.57841359346867,0.7127338
9.73,205.39690861246845,0.59348375
9.74,191.07565267846746,0.4780481
9.75,181.28627891329174,0.09655356
9.76,173.4097278216139,0.18777953
9.77,163.91657211493407,0.49265385
9.78,163.24448885088339,0.6623776
9.79,158.09350181369499,0.35306886
9.8,154.46177745706558,0.15005133
9.81,159.34850177334377,0.08395835
9.82,163.63334264661293,0.07024224
9.83,167.8269596006275,0.053818546
9.84,170.462201480929,0.119910285
9.85,174.97140580933882,0.16104127
9.86,169.4920169036284,0.086002685
9.87,150.69688400704888,0.091021135
9.88,150.44351830780369,0.14650497
9.89,144.69942862402914,0.22229849
9.9,140.86323147101584,0.5262338
9.91,138.03389120437217,0.32279485
9.92,137.2318030934806,0.4001906
9.93,144.76457131722458,0.34268644
9.94,156.71449969191534,0.06290562
9.95,155.91745336090324,0.18587522
9.96,157.7550211243784,0.55243915
9.97,161.85597670008593,0.47216126
9.98,167.9418541398118,0.3236996
9.99,178.43383596670924,0.36908382
10.0,178.99788856127367,0.32830074
