Time,Frequency
0.0,nan
0.01,nan
0.02,nan
0.03,nan
0.04,nan
0.05,nan
0.06,nan
0.07,nan
0.08,nan
0.09,nan
0.1,nan
0.11,nan
0.12,nan
0.13,nan
0.14,nan
0.15,nan
0.16,nan
0.17,nan
0.18,nan
0.19,nan
0.2,nan
0.21,nan
0.22,nan
0.23,nan
0.24,nan
0.25,nan
0.26,nan
0.27,nan
0.28,nan
0.29,nan
0.3,nan
0.31,nan
0.32,nan
0.33,nan
0.34,nan
0.35,nan
0.36,nan
0.37,nan
0.38,nan
0.39,nan
0.4,nan
0.41,nan
0.42,nan
0.43,nan
0.44,nan
0.45,nan
0.46,nan
0.47,nan
0.48,nan
0.49,nan
0.5,nan
0.51,nan
0.52,nan
0.53,nan
0.54,nan
0.55,nan
0.56,nan
0.57,nan
0.58,nan
0.59,nan
0.6,nan
0.61,nan
0.62,nan
0.63,nan
0.64,nan
0.65,nan
0.66,nan
0.67,nan
0.68,nan
0.69,nan
0.7,nan
0.71,nan
0.72,nan
0.73,nan
0.74,nan
0.75,nan
0.76,nan
0.77,nan
0.78,nan
0.79,nan
0.8,nan
0.81,nan
0.82,nan
0.83,nan
0.84,nan
0.85,nan
0.86,nan
0.87,nan
0.88,nan
0.89,nan
0.9,961.0978835716912
0.91,962.7320448427448
0.92,963.5275567744312
0.93,963.826325439166
0.94,967.10534912243
0.95,973.8975870625444
0.96,973.5284165909364
0.97,969.7690994036144
0.98,964.3733227855456
0.99,960.2264040257558
1.0,958.5774589968428
1.01,957.9382604680222
1.02,955.1372277554782
1.03,951.7218245580624
1.04,nan
1.05,nan
1.06,nan
1.07,nan
1.08,nan
1.09,nan
1.1,nan
1.11,nan
1.12,nan
1.13,nan
1.14,nan
1.15,nan
1.16,nan
1.17,nan
1.18,nan
1.19,nan
1.2,nan
1.21,nan
1.22,nan
1.23,nan
1.24,nan
1.25,nan
1.26,nan
1.27,nan
1.28,nan
1.29,nan
1.3,nan
1.31,nan
1.32,nan
1.33,nan
1.34,nan
1.35,nan
1.36,nan
1.37,nan
1.38,nan
1.39,nan
1.4,nan
1.41,nan
1.42,nan
1.43,nan
1.44,nan
1.45,nan
1.46,nan
1.47,nan
1.48,nan
1.49,nan
1.5,nan
1.51,nan
1.52,nan
1.53,nan
1.54,nan
1.55,nan
1.56,nan
1.57,nan
1.58,nan
1.59,nan
1.6,nan
1.61,nan
1.62,nan
1.63,nan
1.64,nan
1.65,nan
1.66,nan
1.67,nan
1.68,nan
1.69,nan
1.7,nan
1.71,nan
1.72,nan
1.73,nan
1.74,nan
1.75,nan
1.76,nan
1.77,nan
1.78,nan
1.79,nan
1.8,nan
1.81,nan
1.82,nan
1.83,nan
1.84,nan
1.85,nan
1.86,nan
1.87,nan
1.88,nan
1.89,nan
1.9,873.1765861807311
1.91,nan
1.92,883.5415344991961
1.93,880.0066143195687
1.94,881.0741625270914
1.95,881.4948280498378
1.96,nan
1.97,nan
1.98,nan
1.99,nan
2.0,nan
2.01,nan
2.02,nan
2.03,nan
2.04,nan
2.05,nan
2.06,nan
2.07,nan
2.08,nan
2.09,nan
2.1,nan
2.11,nan
2.12,nan
2.13,nan
2.14,nan
2.15,nan
2.16,nan
2.17,nan
2.18,nan
2.19,nan
2.2,nan
2.21,nan
2.22,nan
2.23,nan
2.24,nan
2.25,nan
2.26,nan
2.27,nan
2.28,nan
2.29,nan
2.3,nan
2.31,nan
2.32,nan
2.33,nan
2.34,nan
2.35,nan
2.36,nan
2.37,nan
2.38,nan
2.39,nan
2.4,nan
2.41,nan
2.42,nan
2.43,nan
2.44,nan
2.45,nan
2.46,nan
2.47,nan
2.48,nan
2.49,nan
2.5,nan
2.51,nan
2.52,nan
2.53,nan
2.54,nan
2.55,nan
2.56,nan
2.57,nan
2.58,nan
2.59,nan
2.6,nan
2.61,300.0970883469875
2.62,nan
2.63,nan
2.64,nan
2.65,nan
2.66,nan
2.67,nan
2.68,nan
2.69,nan
2.7,nan
2.71,nan
2.72,nan
2.73,nan
2.74,nan
2.75,nan
2.76,nan
2.77,nan
2.78,nan
2.79,nan
2.8,nan
2.81,nan
2.82,nan
2.83,nan
2.84,nan
2.85,nan
2.86,nan
2.87,nan
2.88,nan
2.89,nan
2.9,145.06432373175525
2.91,nan
2.92,nan
2.93,nan
2.94,nan
2.95,145.6296474455772
2.96,145.36324491627886
2.97,nan
2.98,nan
2.99,nan
3.0,nan
3.01,nan
3.02,nan
3.03,nan
3.04,nan
3.05,nan
3.06,nan
3.07,nan
3.08,nan
3.09,nan
3.1,nan
3.11,nan
3.12,282.99437307361313
3.13,281.82637662577304
3.14,282.3290706978965
3.15,284.07453206772936
3.16,285.5239678653077
3.17,287.278915730096
3.18,290.0576266382092
3.19,291.37002084568087
3.2,291.0875728530032
3.21,289.62503828546267
3.22,287.6511207703157
3.23,287.3644992830675
3.24,288.82687850617987
3.25,290.5401123247807
3.26,291.2733953330758
3.27,290.70858746841543
3.28,290.44672960751905
3.29,290.7082279957664
3.3,290.9922039082013
3.31,290.8726665166906
3.32,290.4840218924537
3.33,290.6433347491908
3.34,291.0664543137217
3.35,291.6046067352412
3.36,291.7062352315309
3.37,292.09944330121084
3.38,292.5811930357324
3.39,291.9826834917308
3.4,291.42408366611954
3.41,290.96639315369026
3.42,291.41923069186794
3.43,291.922883325995
3.44,291.65382071031667
3.45,291.211611440145
3.46,291.14273786345154
3.47,291.7425800320543
3.48,nan
3.49,nan
3.5,nan
3.51,292.9819594212097
3.52,291.87021998325247
3.53,290.27749921565896
3.54,289.0979891961161
3.55,288.4540601327279
3.56,288.5206546467365
3.57,289.02445719400714
3.58,288.9265488190511
3.59,288.6483922660151
3.6,nan
3.61,nan
3.62,nan
3.63,nan
3.64,nan
3.65,nan
3.66,nan
3.67,nan
3.68,nan
3.69,nan
3.7,nan
3.71,nan
3.72,nan
3.73,nan
3.74,nan
3.75,nan
3.76,nan
3.77,nan
3.78,nan
3.79,nan
3.8,nan
3.81,nan
3.82,nan
3.83,286.6413235504721
3.84,286.8512100243572
3.85,287.07861785040456
3.86,287.40294342680494
3.87,287.9170446387558
3.88,287.6409328469165
3.89,286.92762216991315
3.9,287.1486702242878
3.91,287.6282705486723
3.92,287.61352474587227
3.93,288.1986804493938
3.94,288.57480622321344
3.95,287.8739433900941
3.96,286.95492095694743
3.97,289.61895092668027
3.98,294.1765548479077
3.99,297.4407515909192
4.0,298.3063523142644
4.01,297.17737588378634
4.02,295.21351979915505
4.03,294.3476593379043
4.04,293.3350860521025
4.05,290.99784343882607
4.06,288.58426152002767
4.07,287.6164043031286
4.08,288.5440363621426
4.09,288.98831958351883
4.1,289.29110547635787
4.11,290.607169415266
4.12,293.4146131551714
4.13,296.210937649658
4.14,298.11174471996054
4.15,298.53998974161595
4.16,297.19865353786247
4.17,295.3388299227305
4.18,293.29737804163074
4.19,290.5850330179303
4.2,287.9613849433355
4.21,286.808887238798
4.22,287.4065383904373
4.23,288.59861562728946
4.24,290.12531978489085
4.25,292.5547533754632
4.26,295.1996965529217
4.27,296.901429342276
4.28,297.4834466471756
4.29,297.437341753627
4.3,297.41421479068765
4.31,296.60704791095486
4.32,294.3987764435004
4.33,nan
4.34,nan
4.35,nan
4.36,nan
4.37,nan
4.38,nan
4.39,nan
4.4,318.85938875337763
4.41,nan
4.42,nan
4.43,nan
4.44,nan
4.45,nan
4.46,331.62707428608195
4.47,324.8619295774612
4.48,314.76637494968986
4.49,nan
4.5,nan
4.51,nan
4.52,312.8549829244671
4.53,320.50639299264526
4.54,329.0605281897839
4.55,333.5124826021509
4.56,nan
4.57,334.9453540546076
4.58,330.08455732436033
4.59,324.442286398525
4.6,322.0269162501237
4.61,321.3550060618753
4.62,324.797918382798
4.63,329.38854499584806
4.64,333.64752306169527
4.65,nan
4.66,nan
4.67,nan
4.68,nan
4.69,nan
4.7,nan
4.71,nan
4.72,nan
4.73,nan
4.74,nan
4.75,nan
4.76,nan
4.77,nan
4.78,nan
4.79,nan
4.8,nan
4.81,326.1452323620778
4.82,326.620785073318
4.83,325.7571693732557
4.84,326.4944461047493
4.85,328.18034939350207
4.86,328.13570400518813
4.87,327.34344540888463
4.88,325.0760389304485
4.89,321.39561831587537
4.9,317.3310376835496
4.91,314.59768769484094
4.92,309.9764743417143
4.93,306.21190305928366
4.94,nan
4.95,nan
4.96,nan
4.97,305.8953418015958
4.98,309.5781048144337
4.99,314.1457476325912
5.0,317.2556564506187
5.01,320.9979364675532
5.02,323.8942137205852
5.03,323.7575293303122
5.04,320.8080376818706
5.05,316.9077399267794
5.06,313.45308645116285
5.07,307.4368727250928
5.08,303.7786576231495
5.09,301.49641721419994
5.1,nan
5.11,nan
5.12,303.4198622505034
5.13,306.9599104975913
5.14,312.4327068391499
5.15,318.0493660916991
5.16,324.7025997619881
5.17,nan
5.18,nan
5.19,323.2342402475607
5.2,315.7542947651242
5.21,313.1209335633647
5.22,311.5147635593365
5.23,311.36312140021806
5.24,309.41829797261926
5.25,306.21773182567864
5.26,306.66956846147866
5.27,310.9806991273304
5.28,312.5579067780476
5.29,313.893535728638
5.3,nan
5.31,nan
5.32,nan
5.33,nan
5.34,nan
5.35,nan
5.36,nan
5.37,nan
5.38,nan
5.39,nan
5.4,nan
5.41,nan
5.42,nan
5.43,nan
5.44,nan
5.45,nan
5.46,nan
5.47,nan
5.48,nan
5.49,nan
5.5,nan
5.51,nan
5.52,nan
5.53,nan
5.54,nan
5.55,nan
5.56,nan
5.57,nan
5.58,nan
5.59,nan
5.6,nan
5.61,nan
5.62,nan
5.63,nan
5.64,nan
5.65,nan
5.66,nan
5.67,nan
5.68,nan
5.69,nan
5.7,nan
5.71,nan
5.72,nan
5.73,nan
5.74,nan
5.75,nan
5.76,nan
5.77,nan
5.78,nan
5.79,nan
5.8,nan
5.81,nan
5.82,nan
5.83,nan
5.84,nan
5.85,nan
5.86,nan
5.87,nan
5.88,nan
5.89,nan
5.9,nan
5.91,nan
5.92,nan
5.93,nan
5.94,nan
5.95,nan
5.96,nan
5.97,nan
5.98,nan
5.99,nan
6.0,nan
6.01,nan
6.02,nan
6.03,nan
6.04,nan
6.05,nan
6.06,nan
6.07,nan
6.08,nan
6.09,nan
6.1,nan
6.11,nan
6.12,nan
6.13,nan
6.14,nan
6.15,nan
6.16,nan
6.17,nan
6.18,nan
6.19,nan
6.2,nan
6.21,nan
6.22,nan
6.23,nan
6.24,nan
6.25,nan
6.26,nan
6.27,nan
6.28,nan
6.29,294.956155914992
6.3,294.04091246080657
6.31,295.8781768842084
6.32,297.8995084732821
6.33,298.6221891555385
6.34,297.949729050901
6.35,296.27876439581365
6.36,292.5271940584232
6.37,284.5464730953073
6.38,284.1872422291743
6.39,285.5561905025597
6.4,285.93197593462804
6.41,286.1370893206395
6.42,284.15209613137176
6.43,280.076733936551
6.44,278.366128708503
6.45,nan
6.46,280.0242117347416
6.47,nan
6.48,nan
6.49,nan
6.5,285.3659112626422
6.51,nan
6.52,nan
6.53,nan
6.54,289.2639033043657
6.55,290.1053764133072
6.56,291.1205924539124
6.57,290.4742609759589
6.58,287.0717923861985
6.59,284.26278351428414
6.6,285.19010308006625
6.61,288.84148780120915
6.62,290.5923341099692
6.63,290.31199230706505
6.64,290.4610473058183
6.65,290.7112428866644
6.66,290.4569172670999
6.67,289.49385104431576
6.68,288.4287659050132
6.69,287.48388507918764
6.7,286.394557690493
6.71,285.30206124587346
6.72,283.98583226328304
6.73,283.8423676719551
6.74,285.18161225375985
6.75,287.0497938273901
6.76,288.13479825810424
6.77,288.1064823201048
6.78,288.10894306953963
6.79,288.48167287795803
6.8,289.63699626477387
6.81,291.3415370402284
6.82,292.7813589971618
6.83,293.54652002057384
6.84,293.02750960338506
6.85,291.88578518124336
6.86,290.1650417852293
6.87,288.5341772620364
6.88,285.81623263704125
6.89,282.7179119541967
6.9,281.8479287286466
6.91,282.58923251157387
6.92,284.8219645088903
6.93,287.7489076045725
6.94,290.8090545027812
6.95,294.21175948416027
6.96,296.1294818987319
6.97,296.4262578541956
6.98,295.4651738739556
6.99,294.13679783243145
7.0,291.7458699786506
7.01,286.1143254005479
7.02,282.9569038389433
7.03,282.4088415798551
7.04,282.9570239061306
7.05,284.603493812573
7.06,286.8536289792799
7.07,289.75685807392995
7.08,292.7094570477115
7.09,294.1016538354437
7.1,294.49526829817376
7.11,nan
7.12,nan
7.13,nan
7.14,nan
7.15,nan
7.16,nan
7.17,nan
7.18,nan
7.19,nan
7.2,nan
7.21,nan
7.22,nan
7.23,nan
7.24,nan
7.25,nan
7.26,nan
7.27,nan
7.28,nan
7.29,nan
7.3,nan
7.31,nan
7.32,nan
7.33,nan
7.34,nan
7.35,nan
7.36,nan
7.37,nan
7.38,nan
7.39,nan
7.4,nan
7.41,nan
7.42,nan
7.43,nan
7.44,nan
7.45,444.41896643816426
7.46,448.3620818080674
7.47,450.0711843401144
7.48,450.40116874198105
7.49,451.11352257837217
7.5,453.21685257259736
7.51,454.555557542378
7.52,455.05250117476754
7.53,454.63075308141634
7.54,452.9413155046271
7.55,448.989577463986
7.56,443.24513393570334
7.57,437.3487395710845
7.58,nan
7.59,nan
7.6,nan
7.61,437.0796604944514
7.62,442.7067195659285
7.63,450.3818911750769
7.64,nan
7.65,nan
7.66,nan
7.67,nan
7.68,454.0245617646829
7.69,448.0921749334268
7.7,nan
7.71,nan
7.72,nan
7.73,nan
7.74,nan
7.75,nan
7.76,nan
7.77,nan
7.78,nan
7.79,nan
7.8,nan
7.81,nan
7.82,nan
7.83,nan
7.84,nan
7.85,nan
7.86,nan
7.87,nan
7.88,nan
7.89,nan
7.9,nan
7.91,nan
7.92,nan
7.93,nan
7.94,nan
7.95,nan
7.96,nan
7.97,nan
7.98,nan
7.99,nan
8.0,nan
8.01,nan
8.02,nan
8.03,nan
8.04,nan
8.05,nan
8.06,nan
8.07,nan
8.08,nan
8.09,nan
8.1,nan
8.11,nan
8.12,nan
8.13,nan
8.14,nan
8.15,nan
8.16,nan
8.17,nan
8.18,nan
8.19,nan
8.2,nan
8.21,nan
8.22,nan
8.23,nan
8.24,nan
8.25,nan
8.26,nan
8.27,nan
8.28,nan
8.29,nan
8.3,nan
8.31,nan
8.32,nan
8.33,nan
8.34,nan
8.35,nan
8.36,nan
8.37,nan
8.38,nan
8.39,nan
8.4,nan
8.41,nan
8.42,nan
8.43,nan
8.44,nan
8.45,nan
8.46,nan
8.47,nan
8.48,nan
8.49,nan
8.5,nan
8.51,nan
8.52,nan
8.53,nan
8.54,nan
8.55,nan
8.56,nan
8.57,nan
8.58,nan
8.59,nan
8.6,nan
8.61,nan
8.62,nan
8.63,nan
8.64,nan
8.65,nan
8.66,nan
8.67,nan
8.68,nan
8.69,nan
8.7,nan
8.71,nan
8.72,nan
8.73,nan
8.74,nan
8.75,nan
8.76,nan
8.77,nan
8.78,nan
8.79,nan
8.8,nan
8.81,nan
8.82,nan
8.83,nan
8.84,nan
8.85,nan
8.86,314.4287434292517
8.87,301.6597948822529
8.88,297.7332213040275
8.89,299.33221526370227
8.9,304.14823823719905
8.91,307.74519094294976
8.92,310.2613381121514
8.93,308.8058682513466
8.94,300.51558755297214
8.95,298.4790129271516
8.96,300.1070189328759
8.97,nan
8.98,292.1676562760917
8.99,286.5537994987646
9.0,nan
9.01,nan
9.02,nan
9.03,nan
9.04,nan
9.05,nan
9.06,nan
9.07,nan
9.08,nan
9.09,nan
9.1,nan
9.11,nan
9.12,nan
9.13,nan
9.14,284.0944645733136
9.15,284.1267509520389
9.16,283.22423736461474
9.17,280.8187475743036
9.18,279.0968674765509
9.19,279.38009665581376
9.2,281.4173390998648
9.21,283.8404972435331
9.22,286.64115659497213
9.23,288.7391757884312
9.24,285.3211382990352
9.25,280.94254346312186
9.26,280.5969169242314
9.27,280.19837447958986
9.28,281.2116630743177
9.29,286.0765267607818
9.3,290.62572163186564
9.31,295.1566203627677
9.32,298.1623515644601
9.33,297.889883827877
9.34,295.3699356602958
9.35,292.193254346039
9.36,289.4003269832961
9.37,286.7555807933535
9.38,284.4248286334947
9.39,281.4743857870301
9.4,279.76517672164044
9.41,279.0050161688381
9.42,279.97755747130304
9.43,283.23100991126853
9.44,287.1274401398343
9.45,288.81232438913185
9.46,289.5292683026104
9.47,290.1220353404143
9.48,290.3216046878053
9.49,288.9704804956205
9.5,286.78178005216245
9.51,284.4852716704345
9.52,283.3357082452123
9.53,283.2318598814033
9.54,283.50845159573373
9.55,283.2919146378417
9.56,282.5665427590085
9.57,283.1218387277352
9.58,284.0512159819368
9.59,284.6191651647214
9.6,285.18188693792007
9.61,287.3099207963371
9.62,289.1241087676428
9.63,288.8878479256832
9.64,287.1591721503699
9.65,284.6677212920812
9.66,281.9585999980266
9.67,279.65730782251273
9.68,278.5814026352561
9.69,278.652688426175
9.7,279.89202032323783
9.71,283.7871625848832
9.72,287.3519597251841
9.73,290.5217273011757
9.74,291.8290702414117
9.75,290.6870362876575
9.76,nan
9.77,nan
9.78,279.4749249245531
9.79,280.03135829770656
9.8,277.6219565958006
9.81,274.7422868469676
9.82,nan
9.83,nan
9.84,nan
9.85,277.3225627470004
9.86,282.51817266672583
9.87,286.1891032101205
9.88,291.93032687446
9.89,nan
9.9,nan
9.91,nan
9.92,299.5170314510393
9.93,291.92531441408687
9.94,286.0124975839992
9.95,279.3115909583799
9.96,nan
9.97,275.09780793915434
9.98,277.52959589006804
9.99,282.664934056425
10.0,287.9950122550203
10.01,294.95604441518105
10.02,301.2213782571944
10.03,302.9413978735896
10.04,301.74750727890745
10.05,296.7918411866651
10.06,287.54067665829774
10.07,280.46992814124894
10.08,275.1668223834672
10.09,275.6782257371325
10.1,280.7623257602848
10.11,285.8019647603725
10.12,292.49388151040847
10.13,297.4953126574091
10.14,nan
10.15,nan
10.16,291.0112645502569
10.17,nan
10.18,nan
10.19,nan
10.2,nan
10.21,nan
10.22,nan
10.23,nan
10.24,nan
10.25,nan
10.26,nan
10.27,nan
10.28,nan
10.29,nan
10.3,nan
10.31,nan
10.32,nan
10.33,nan
10.34,nan
10.35,nan
10.36,nan
10.37,nan
10.38,nan
10.39,nan
10.4,nan
10.41,nan
10.42,nan
10.43,nan
10.44,nan
10.45,nan
10.46,nan
10.47,nan
10.48,nan
10.49,nan
10.5,nan
10.51,nan
10.52,nan
10.53,nan
10.54,nan
10.55,nan
10.56,nan
10.57,nan
10.58,nan
10.59,nan
10.6,nan
10.61,nan
10.62,nan
10.63,nan
10.64,nan
10.65,nan
10.66,nan
10.67,nan
10.68,nan
10.69,nan
10.7,nan
10.71,nan
10.72,nan
10.73,nan
10.74,nan
10.75,nan
10.76,nan
10.77,nan
10.78,nan
10.79,nan
10.8,nan
10.81,nan
10.82,nan
10.83,nan
10.84,nan
10.85,nan
10.86,nan
10.87,nan
10.88,nan
10.89,nan
10.9,nan
10.91,nan
10.92,nan
10.93,nan
10.94,nan
10.95,nan
10.96,nan
10.97,nan
10.98,nan
10.99,nan
11.0,nan
11.01,nan
11.02,nan
11.03,nan
11.04,nan
11.05,nan
11.06,nan
11.07,nan
11.08,nan
11.09,nan
11.1,nan
11.11,nan
11.12,nan
11.13,nan
11.14,nan
11.15,nan
11.16,nan
11.17,nan
11.18,nan
11.19,nan
11.2,nan
11.21,nan
11.22,nan
11.23,nan
11.24,nan
11.25,nan
11.26,nan
11.27,nan
11.28,nan
11.29,nan
11.3,nan
11.31,nan
11.32,nan
11.33,nan
11.34,nan
11.35,nan
11.36,nan
11.37,nan
11.38,nan
11.39,nan
11.4,nan
11.41,nan
11.42,nan
11.43,nan
11.44,nan
11.45,nan
11.46,nan
11.47,nan
11.48,nan
11.49,nan
11.5,nan
11.51,nan
11.52,nan
11.53,nan
11.54,nan
11.55,nan
11.56,nan
11.57,nan
11.58,nan
11.59,nan
11.6,nan
11.61,nan
11.62,nan
11.63,nan
11.64,nan
11.65,nan
11.66,nan
11.67,nan
11.68,nan
11.69,nan
11.7,nan
11.71,nan
11.72,nan
11.73,nan
11.74,nan
11.75,nan
11.76,nan
11.77,nan
11.78,nan
11.79,nan
11.8,nan
11.81,nan
11.82,nan
11.83,nan
11.84,nan
11.85,nan
11.86,nan
11.87,nan
11.88,nan
11.89,nan
11.9,nan
11.91,nan
11.92,nan
11.93,nan
11.94,nan
11.95,nan
11.96,nan
11.97,nan
11.98,nan
11.99,nan
12.0,nan
12.01,nan
12.02,nan
12.03,nan
12.04,nan
12.05,nan
12.06,nan
12.07,nan
12.08,nan
12.09,nan
12.1,nan
12.11,nan
12.12,nan
12.13,nan
12.14,nan
12.15,nan
12.16,nan
12.17,nan
12.18,nan
12.19,nan
12.2,nan
12.21,nan
12.22,nan
12.23,nan
12.24,nan
12.25,nan
12.26,nan
12.27,nan
12.28,nan
12.29,nan
12.3,nan
12.31,nan
12.32,nan
12.33,nan
12.34,nan
12.35,nan
12.36,nan
12.37,nan
12.38,nan
12.39,nan
12.4,nan
12.41,nan
12.42,nan
12.43,nan
12.44,nan
12.45,nan
12.46,nan
12.47,nan
12.48,nan
12.49,nan
12.5,nan
12.51,nan
12.52,nan
12.53,nan
12.54,nan
12.55,nan
12.56,nan
12.57,nan
12.58,nan
12.59,nan
12.6,nan
12.61,nan
12.62,nan
12.63,nan
12.64,nan
12.65,nan
12.66,nan
12.67,nan
12.68,nan
12.69,nan
12.7,nan
12.71,nan
12.72,nan
12.73,nan
12.74,nan
12.75,nan
12.76,nan
12.77,nan
12.78,nan
12.79,nan
12.8,nan
12.81,nan
12.82,321.82280319014745
12.83,nan
12.84,nan
12.85,nan
12.86,nan
12.87,nan
12.88,nan
12.89,nan
12.9,nan
12.91,nan
12.92,nan
12.93,nan
12.94,nan
12.95,nan
12.96,nan
12.97,nan
12.98,nan
12.99,nan
13.0,nan
13.01,nan
13.02,nan
13.03,nan
13.04,nan
13.05,nan
13.06,nan
13.07,nan
13.08,nan
13.09,nan
13.1,nan
13.11,nan
13.12,nan
13.13,nan
13.14,nan
13.15,nan
13.16,nan
13.17,nan
13.18,nan
13.19,nan
13.2,nan
13.21,nan
13.22,nan
13.23,nan
13.24,nan
13.25,nan
13.26,nan
13.27,nan
13.28,nan
13.29,nan
13.3,nan
13.31,nan
13.32,nan
13.33,nan
13.34,nan
13.35,nan
13.36,nan
13.37,nan
13.38,nan
13.39,nan
13.4,nan
13.41,nan
13.42,nan
13.43,nan
13.44,nan
13.45,nan
13.46,nan
13.47,nan
13.48,nan
13.49,nan
13.5,nan
13.51,nan
13.52,nan
13.53,nan
13.54,nan
13.55,nan
13.56,nan
13.57,nan
13.58,nan
13.59,nan
13.6,nan
13.61,nan
13.62,nan
13.63,nan
13.64,433.5803287018614
13.65,430.9030884630664
13.66,428.5313398400999
13.67,427.23689273176535
13.68,425.97047988778513
13.69,426.3154858435357
13.7,427.327211372137
13.71,429.6210339243511
13.72,432.7365828992851
13.73,434.2781978855245
13.74,433.320852126883
13.75,432.2464035979755
13.76,431.2007715082202
13.77,429.71159507292623
13.78,429.5119039338167
13.79,430.8187467948711
13.8,431.5398116008715
13.81,432.0384755056632
13.82,432.1024497369185
13.83,431.2885769953687
13.84,430.6507810019767
13.85,429.911292965242
13.86,427.9047409848419
13.87,427.7018917258523
13.88,428.9449259668587
13.89,429.7654849769747
13.9,430.1218062561711
13.91,430.4062432908215
13.92,430.32398990358206
13.93,430.266826171415
13.94,431.5890743692637
13.95,432.76866048084406
13.96,433.8299219471221
13.97,435.2533811535266
13.98,435.77615632116255
13.99,436.7622169392031
14.0,438.4313112822889
14.01,438.6094630063564
14.02,438.2465310778091
14.03,437.0447610801261
14.04,434.9588500725133
14.05,434.6833628573829
14.06,435.1494339811238
14.07,434.788433463005
14.08,434.4843905636296
14.09,434.105371491344
14.1,433.790798959565
14.11,434.4029899864625
14.12,434.53978901078136
14.13,433.7525857063157
14.14,434.1323422978621
14.15,434.672308412033
14.16,433.0708427078386
14.17,431.7335130527224
14.18,431.79515067735457
14.19,432.48061138331417
14.2,433.5781426292184
14.21,434.5465099938184
14.22,434.7685328555207
14.23,434.8806200783304
14.24,435.3622293753
14.25,435.38955849834616
14.26,436.4788720114976
14.27,437.4714290706708
14.28,437.0334966887194
14.29,436.9086891463995
14.3,437.4218988850917
14.31,437.7779755905629
14.32,438.3344344717467
14.33,437.8394972192313
14.34,436.1976977100061
14.35,434.9376626478894
14.36,435.1372840576588
14.37,434.56652628694167
14.38,434.8316965829664
14.39,435.38534500426215
14.4,433.58577058036417
14.41,432.644527544549
14.42,434.0243606658022
14.43,434.6693779691405
14.44,434.51453324225633
14.45,435.37462708155806
14.46,435.129763270058
14.47,434.1166204111751
14.48,433.94447493113705
14.49,432.3211837699531
14.5,431.1906520702945
14.51,431.7339211158171
14.52,431.88297138972223
14.53,431.4793243524824
14.54,432.7739553006225
14.55,434.03701736144177
14.56,434.4480562682051
14.57,435.2698786292517
14.58,435.47745588188513
14.59,435.83848202592384
14.6,436.4999301310005
14.61,435.1051903276378
14.62,433.3985115839414
14.63,433.2944945575221
14.64,433.8337262038126
14.65,434.3125194387693
14.66,435.2923999947163
14.67,435.28202764137694
14.68,433.8475231602872
14.69,432.98238639790753
14.7,433.2564205715917
14.71,434.1368669515027
14.72,434.8796426329113
14.73,434.8541145486771
14.74,434.5868117213441
14.75,435.0571470746347
14.76,435.5203446233542
14.77,435.90696383024834
14.78,437.0241721470473
14.79,437.1105602299045
14.8,435.74147050249655
14.81,434.9053726541402
14.82,435.39935228793183
14.83,436.5723687386182
14.84,438.0190298261573
14.85,438.30732728920304
14.86,437.5753200680662
14.87,437.1875528483722
14.88,436.6210349725209
14.89,436.24044139275713
14.9,436.236203886882
14.91,435.8908208681498
14.92,435.6712089786541
14.93,435.9587953919816
14.94,436.2132690649597
14.95,436.4738175420927
14.96,436.5307323646781
14.97,436.1533106888696
14.98,435.7321939689874
14.99,435.8484157211464
15.0,435.9242581075497
15.01,436.2267536842773
15.02,436.5962328286797
15.03,437.1302932532684
15.04,437.40923384360303
15.05,436.9982968590643
15.06,436.01004991732594
15.07,434.97416512556254
15.08,434.7154527439161
15.09,435.314506074423
15.1,435.37173587074926
15.11,434.4034384197538
15.12,433.37824707076254
15.13,432.9546270827837
15.14,432.9874141542346
15.15,433.2468195054888
15.16,433.6677058836465
15.17,433.9324911089802
15.18,434.0044334165218
15.19,433.46926769768857
15.2,432.1945699617072
15.21,431.45239787595904
15.22,431.6812019745541
15.23,432.4373839219217
15.24,433.2547247194982
15.25,433.5142347887432
15.26,433.5939717647433
15.27,433.3029751419664
15.28,432.3262093314239
15.29,431.6511894280631
15.3,431.5675298952466
15.31,431.4428372225043
15.32,431.55894079537205
15.33,431.714798657806
15.34,431.5226642322525
15.35,431.4896473212567
15.36,431.7594482340178
15.37,432.043375144802
15.38,432.5110249706319
15.39,432.5002885720156
15.4,432.60295823734873
15.41,433.37106182486735
15.42,434.7250870520284
15.43,435.8930530932493
15.44,435.98358938677086
15.45,435.5310234796772
15.46,435.29828053855454
15.47,436.1255792362098
15.48,436.7459091289692
15.49,436.3569770640835
15.5,435.6545300510276
15.51,435.014489252594
15.52,434.87163542057215
15.53,435.1819706949396
15.54,434.6150689251459
15.55,433.4608149706875
15.56,433.46595031464574
15.57,435.266949338922
15.58,437.0022799321268
15.59,437.81654242848754
15.6,437.8851098878085
15.61,438.2781304539536
15.62,440.3826254458862
15.63,442.62232156908686
15.64,444.35924448519296
15.65,447.0988718627472
15.66,450.0703017536364
15.67,453.5776391372604
15.68,nan
15.69,nan
15.7,nan
15.71,nan
15.72,nan
15.73,nan
15.74,472.7782843630917
15.75,467.2316048415696
15.76,nan
15.77,nan
15.78,nan
15.79,nan
15.8,nan
15.81,nan
15.82,nan
15.83,nan
15.84,nan
15.85,nan
15.86,nan
15.87,nan
15.88,nan
15.89,nan
15.9,nan
15.91,nan
15.92,nan
15.93,nan
15.94,307.87580991501136
15.95,nan
15.96,nan
15.97,nan
15.98,nan
15.99,nan
16.0,nan
16.01,nan
16.02,nan
16.03,nan
16.04,nan
16.05,nan
16.06,nan
16.07,nan
16.08,nan
16.09,nan
16.1,nan
16.11,nan
16.12,nan
16.13,nan
16.14,284.22484522673216
16.15,nan
16.16,nan
16.17,nan
16.18,nan
16.19,282.4654529999368
16.2,284.5498681600941
16.21,286.5818206502641
16.22,287.3987939327965
16.23,287.7310328689128
16.24,288.39748038258574
16.25,290.0191508940099
16.26,291.91068764062135
16.27,292.51783847001894
16.28,292.9049677653352
16.29,293.00450941878853
16.3,292.7114566091734
16.31,292.1931541801242
16.32,291.2601506296621
16.33,nan
16.34,nan
16.35,282.3330105497628
16.36,285.2998800244689
16.37,288.1574020381664
16.38,288.6537107473602
16.39,288.8986626448482
16.4,291.02136196347817
16.41,291.56821976241326
16.42,290.6016520939233
16.43,290.4703737237137
16.44,290.5591209984165
16.45,288.10318343679523
16.46,287.75328373037974
16.47,287.7110538804629
16.48,288.65333051341673
16.49,290.2626973316908
16.5,292.2870802380195
16.51,293.8659220445491
16.52,295.65026001226585
16.53,295.91612495568893
16.54,294.07274133032587
16.55,291.7106845155701
16.56,289.12700139357526
16.57,285.8692210268909
16.58,282.8204798507587
16.59,282.69755993859087
16.6,285.5909921925052
16.61,288.67730421258364
16.62,291.4479814168159
16.63,293.3348334551287
16.64,294.33735466906114
16.65,294.0076621129716
16.66,nan
16.67,nan
16.68,nan
16.69,nan
16.7,nan
16.71,nan
16.72,nan
16.73,nan
16.74,nan
16.75,nan
16.76,nan
16.77,nan
16.78,nan
16.79,nan
16.8,nan
16.81,nan
16.82,nan
16.83,nan
16.84,nan
16.85,nan
16.86,nan
16.87,nan
16.88,nan
16.89,nan
16.9,nan
16.91,nan
16.92,nan
16.93,nan
16.94,nan
16.95,nan
16.96,nan
16.97,nan
16.98,nan
16.99,nan
17.0,nan
17.01,nan
17.02,nan
17.03,nan
17.04,nan
17.05,nan
17.06,nan
17.07,nan
17.08,nan
17.09,nan
17.1,nan
17.11,nan
17.12,nan
17.13,nan
17.14,nan
17.15,nan
17.16,nan
17.17,nan
17.18,nan
17.19,nan
17.2,nan
17.21,nan
17.22,nan
17.23,383.3743844076959
17.24,384.9394731984505
17.25,384.334704142282
17.26,383.4780067064422
17.27,382.3503604311532
17.28,378.86287776463945
17.29,377.0691588754048
17.3,nan
17.31,384.0726011092521
17.32,390.0928054607112
17.33,nan
17.34,nan
17.35,nan
17.36,nan
17.37,nan
17.38,nan
17.39,nan
17.4,nan
17.41,nan
17.42,nan
17.43,nan
17.44,nan
17.45,nan
17.46,nan
17.47,nan
17.48,nan
17.49,nan
17.5,nan
17.51,nan
17.52,nan
17.53,nan
17.54,nan
17.55,nan
17.56,nan
17.57,nan
17.58,nan
17.59,nan
17.6,nan
17.61,nan
17.62,nan
17.63,nan
17.64,nan
17.65,nan
17.66,nan
17.67,nan
17.68,nan
17.69,nan
17.7,nan
17.71,nan
17.72,nan
17.73,nan
17.74,nan
17.75,nan
17.76,nan
17.77,nan
17.78,nan
17.79,nan
17.8,nan
17.81,nan
17.82,nan
17.83,nan
17.84,nan
17.85,nan
17.86,nan
17.87,nan
17.88,nan
17.89,nan
17.9,nan
17.91,nan
17.92,nan
17.93,nan
17.94,nan
17.95,nan
17.96,nan
17.97,nan
17.98,nan
17.99,nan
18.0,nan
18.01,nan
18.02,nan
18.03,nan
18.04,nan
18.05,320.371526880408
18.06,nan
18.07,nan
18.08,nan
18.09,nan
18.1,nan
18.11,322.2471215116793
18.12,314.7711620529972
18.13,306.3199484680238
18.14,nan
18.15,nan
18.16,nan
18.17,nan
18.18,nan
18.19,nan
18.2,nan
18.21,nan
18.22,nan
18.23,nan
18.24,nan
18.25,nan
18.26,nan
18.27,nan
18.28,nan
18.29,nan
18.3,nan
18.31,nan
18.32,nan
18.33,nan
18.34,nan
18.35,nan
18.36,nan
18.37,nan
18.38,nan
18.39,nan
18.4,nan
18.41,nan
18.42,nan
18.43,nan
18.44,nan
18.45,nan
18.46,nan
18.47,nan
18.48,nan
18.49,nan
18.5,nan
18.51,nan
18.52,nan
18.53,nan
18.54,nan
18.55,nan
18.56,nan
18.57,nan
18.58,nan
18.59,nan
18.6,nan
18.61,nan
18.62,nan
18.63,nan
18.64,nan
18.65,289.64049039269247
18.66,286.9184385637381
18.67,282.64764459158255
18.68,278.74832173888547
18.69,278.34514182868554
18.7,281.3468187037716
18.71,284.18423534471145
18.72,285.68331515957
18.73,286.7771390374218
18.74,286.8075645835868
18.75,285.9266466754777
18.76,284.8905756206187
18.77,284.33369375652467
18.78,284.11597719899373
18.79,283.5425048121278
18.8,282.28607898600336
18.81,280.82184280950617
18.82,278.5649022708349
18.83,277.50728738685245
18.84,276.8671005036221
18.85,277.4900490737736
18.86,281.9641568866596
18.87,287.31697383758444
18.88,289.0164157537937
18.89,292.17112476973074
18.9,nan
18.91,nan
18.92,294.9304038663831
18.93,293.2145585276964
18.94,291.22074553007815
18.95,281.2336985665414
18.96,276.8527830116852
18.97,276.1292592896775
18.98,277.1032992334666
18.99,278.0993508650513
19.0,280.0586443235921
19.01,282.60356003054187
19.02,283.8922991651809
19.03,nan
19.04,nan
19.05,nan
19.06,nan
19.07,nan
19.08,nan
19.09,nan
19.1,nan
19.11,nan
19.12,nan
19.13,nan
19.14,nan
19.15,nan
19.16,nan
19.17,nan
19.18,nan
19.19,nan
19.2,nan
19.21,nan
19.22,nan
19.23,nan
19.24,nan
19.25,nan
19.26,nan
19.27,nan
19.28,nan
19.29,nan
19.3,nan
19.31,nan
19.32,nan
19.33,nan
19.34,nan
19.35,nan
19.36,nan
19.37,nan
19.38,nan
19.39,nan
19.4,nan
19.41,nan
19.42,nan
19.43,nan
19.44,nan
19.45,nan
19.46,nan
19.47,nan
19.48,nan
19.49,nan
19.5,nan
19.51,nan
19.52,nan
19.53,nan
19.54,nan
19.55,nan
19.56,nan
19.57,nan
19.58,nan
19.59,nan
19.6,nan
19.61,nan
19.62,nan
19.63,nan
19.64,nan
19.65,nan
19.66,nan
19.67,nan
19.68,nan
19.69,nan
19.7,nan
19.71,nan
19.72,nan
19.73,nan
19.74,nan
19.75,nan
19.76,nan
19.77,nan
19.78,nan
19.79,nan
19.8,nan
19.81,nan
19.82,nan
19.83,nan
19.84,nan
19.85,nan
19.86,nan
19.87,nan
19.88,nan
19.89,nan
19.9,nan
19.91,nan
19.92,nan
19.93,nan
19.94,nan
19.95,nan
19.96,nan
19.97,nan
19.98,nan
19.99,nan
20.0,nan
