0.0,306.4035854961811,0.060628727
0.01,306.5609038924201,0.04830726
0.02,308.04353380589873,0.030185113
0.03,312.54518144374896,0.076970674
0.04,314.20529365675947,0.19753388
0.05,314.3341177405862,0.14299507
0.06,310.36577369309225,0.070425324
0.07,315.5432262589817,0.15376446
0.08,335.31794905545837,0.15390038
0.09,345.33327100579004,0.1893386
0.1,349.3259354022368,0.17069529
0.11,349.00835884360896,0.15391842
0.12,318.80042884117023,0.074647665
0.13,284.526224568287,0.11644374
0.14,261.76874644559376,0.104950994
0.15,233.67970501313724,0.058470666
0.16,211.51076629207245,0.09423206
0.17,189.83060746852732,0.13302799
0.18,184.86445971834638,0.43732947
0.19,185.44679550672097,0.62248665
0.2,182.39561449714176,0.5953818
0.21,177.50952780881792,0.508397
0.22,167.94786944899727,0.2906472
0.23,158.06737421762077,0.39606404
0.24,153.13873595530373,0.42509755
0.25,140.7038837041733,0.4166568
0.26,137.50847194312695,0.7331533
0.27,138.95760591081546,0.4046898
0.28,143.91473438582705,0.3205544
0.29,146.6105016640383,0.6912674
0.3,147.00934638579204,0.6325521
0.31,145.83144912236568,0.692033
0.32,142.16612146441972,0.5482905
0.33,137.60230146607518,0.54100096
0.34,134.65510782098326,0.38259456
0.35,130.35722694080374,0.6134263
0.36,131.234148582343,0.5986783
0.37,134.23086245033522,0.5498048
0.38,140.6575759456451,0.46013656
0.39,146.9718534938732,0.43723816
0.4,150.86057852605336,0.5110057
0.41,158.3326638927324,0.39415824
0.42,164.8644133168267,0.25435764
0.43,184.87076206346387,0.33921567
0.44,213.49587999865042,0.30090597
0.45,235.4454133837849,0.44588497
0.46,270.35312201527887,0.46751517
0.47,296.088483873976,0.58562756
0.48,303.16131875315637,0.6363136
0.49,307.92688038296654,0.4473796
0.5,328.2786129359068,0.27905393
0.51,361.41863622439257,0.40758064
0.52,359.4558598006862,0.09856961
0.53,358.6832992541776,0.16636398
0.54,354.07804674141914,0.068305664
0.55,347.7689391851667,0.12065329
0.56,346.23616353242414,0.03186206
0.57,330.20346171720377,0.020612411
0.58,322.8545397628241,0.018348407
0.59,319.7559985533276,0.0287272
0.6,310.76222909534704,0.02577033
0.61,299.88701511792317,0.015441737
0.62,297.7161084232368,0.022401296
0.63,297.7993365745108,0.06418506
0.64,292.06428457176514,0.18310444
0.65,300.31434019182535,0.14203483
0.66,309.06324319699246,0.084483825
0.67,291.9853288803555,0.2981881
0.68,332.3506093719658,0.2922546
0.69,339.0419793202401,0.13667777
0.7,333.4267424279465,0.03511529
0.71,324.166110379901,0.04631044
0.72,317.82114150246844,0.09308054
0.73,306.765337840853,0.075075075
0.74,296.86471198520826,0.1280819
0.75,292.5546791714714,0.07022338
0.76,289.8289365518827,0.044542152
0.77,280.6274334603223,0.013934552
0.78,267.6126342073548,0.46731818
0.79,271.5729381062904,0.727785
0.8,271.9409807817556,0.73823345
0.81,277.8323338485119,0.18881005
0.82,299.1721156168491,0.046371754
0.83,328.1591161471977,0.044272352
0.84,354.79628216459173,0.080151185
0.85,399.52740530162043,0.10130552
0.86,434.9105811420859,0.2527736
0.87,436.52478613694404,0.39257
0.88,435.1152836054197,0.64614683
0.89,430.07265100614853,0.6834051
0.9,428.8333642621051,0.5124263
0.91,405.43629064846067,0.41726688
0.92,396.3162751706349,0.6381609
0.93,389.7755607099342,0.71291316
0.94,382.8866794489262,0.6942467
0.95,383.0079054170557,0.7318951
0.96,388.62204988910065,0.6590756
0.97,386.22554321121834,0.67273074
0.98,383.8324451505304,0.55385405
0.99,378.30005951887443,0.553836
1.0,368.7498844462191,0.6001037
1.01,358.22311228576206,0.8776516
1.02,352.44987294242685,0.92456156
1.03,348.0235294894317,0.89918053
1.04,341.66369507275715,0.8623694
1.05,333.56318888124525,0.8504807
1.06,323.7623537476373,0.7236276
1.07,317.6874012313947,0.856163
1.08,314.0944336427709,0.8448539
1.09,311.19375741834654,0.8864445
1.1,311.2325536018356,0.89471203
1.11,309.2374223687935,0.90160424
1.12,306.70889943026845,0.76668555
1.13,299.26481260071483,0.52770424
1.14,283.6053390034538,0.71369064
1.15,274.84296123869893,0.8445855
1.16,263.33369624914104,0.68623656
1.17,256.14152969437134,0.88741124
1.18,252.73927447101894,0.8828946
1.19,247.03054913043945,0.5828703
1.2,230.04861792735164,0.41170007
1.21,223.0981437541466,0.7643064
1.22,221.29930130755835,0.9016318
1.23,221.41043630914965,0.9057145
1.24,221.82905136673395,0.9031072
1.25,222.59034102243726,0.9185337
1.26,223.28869573699268,0.9461656
1.27,222.35190415758922,0.92293286
1.28,219.72790314641426,0.7801087
1.29,212.75274837482817,0.5190694
1.3,206.95094339829976,0.43582863
1.31,187.49702203221193,0.24158408
1.32,170.12161068282026,0.4357633
1.33,159.50716847668755,0.44309765
1.34,153.2509488263197,0.32012177
1.35,151.11816207994343,0.26393944
1.36,164.2078497394602,0.2267033
1.37,178.6915624180277,0.48735535
1.38,181.41217839503395,0.7345814
1.39,182.9878910100278,0.8428432
1.4,183.96287269124537,0.8998504
1.41,186.16530777108696,0.8639611
1.42,191.13198869293453,0.8143313
1.43,195.75602902485696,0.8656617
1.44,197.1537766425646,0.9457592
1.45,196.29668124216468,0.896951
1.46,188.7813108656569,0.6683339
1.47,182.93189268451238,0.72805536
1.48,176.45513228384488,0.6421282
1.49,168.77233419051944,0.60273814
1.5,165.21535648670698,0.89582306
1.51,165.77283195140745,0.8286873
1.52,166.28443431243062,0.8464622
1.53,165.71312762644766,0.88576454
1.54,164.99479166251575,0.88740987
1.55,163.37364055044304,0.8385259
1.56,161.6385717090966,0.8407914
1.57,161.00706933914142,0.82994217
1.58,161.4954388291537,0.8421194
1.59,163.52299343315497,0.82620436
1.6,166.00311178881668,0.70542586
1.61,173.46418391779503,0.39850363
1.62,186.53035616872447,0.3468011
1.63,209.19778463640708,0.3455335
1.64,238.23844566243636,0.17255618
1.65,273.9478783496511,0.16529088
1.66,277.4158954784736,0.22469679
1.67,285.5838347603434,0.350226
1.68,306.8118543555882,0.44703576
1.69,349.0088919611839,0.22447108
1.7,399.70530226443657,0.3444785
1.71,407.5965918958035,0.45318702
1.72,394.6160944838447,0.62216145
1.73,388.5750174571366,0.80526596
1.74,387.5071851781621,0.8562247
1.75,387.1704082464464,0.8656493
1.76,390.95084995677837,0.77010906
1.77,400.21341085942595,0.85530883
1.78,403.64238184084485,0.89181906
1.79,425.32657149106683,0.5939024
1.8,491.3985885342291,0.44500652
1.81,533.0612839044536,0.4595452
1.82,537.3652290827016,0.80760425
1.83,533.6012351331881,0.7221142
1.84,507.9559099423765,0.80669975
1.85,507.5533721048089,0.88343656
1.86,511.08008004276246,0.90401673
1.87,514.144371051232,0.84120184
1.88,514.7301243574735,0.6918801
1.89,472.54733833198435,0.22973566
1.9,461.7447246563401,0.5223447
1.91,449.82004981829925,0.6299655
1.92,437.21559509875567,0.5844006
1.93,422.3955791100185,0.44771776
1.94,407.63787897756345,0.46670163
1.95,395.1443555815189,0.41337657
1.96,360.30945465124313,0.37005657
1.97,347.50726447589295,0.20325944
1.98,333.93368812966116,0.35198683
1.99,338.0095651919083,0.457453
2.0,340.04919731843535,0.47469625
2.01,334.78100147309794,0.57076013
2.02,330.16124456002416,0.49772722
2.03,302.6528314875931,0.59136075
2.04,298.0564598326452,0.775816
2.05,291.71883120422046,0.6813049
2.06,277.917086794326,0.62886775
2.07,266.719162269175,0.6521894
2.08,255.89666058592337,0.86219776
2.09,252.32965205999477,0.89231795
2.1,246.97466018723753,0.7591074
2.11,238.36672428355456,0.7606774
2.12,233.79993965574047,0.88023573
2.13,229.6846391677727,0.8652608
2.14,226.92166695476578,0.8523916
2.15,225.535621783122,0.7186961
2.16,226.03181211663588,0.32292178
2.17,199.89195492093302,0.5640876
2.18,195.49725813311846,0.7081134
2.19,192.2719699019132,0.7287087
2.2,191.5479520648827,0.73934597
2.21,196.70539165130154,0.3153696
2.22,213.8158658678198,0.45385355
2.23,213.3727009299883,0.56270796
2.24,209.30937787917287,0.62453055
2.25,205.96032192938335,0.71585155
2.26,196.984399424986,0.5524558
2.27,190.32840623009224,0.87619877
2.28,187.65200821451845,0.9200993
2.29,185.25163318065023,0.92597914
2.3,182.99461751239886,0.9272622
2.31,180.29126589883913,0.88470477
2.32,177.117069027981,0.8838102
2.33,174.81034051564552,0.89138
2.34,172.96518080987514,0.90133834
2.35,171.59855825378,0.8879428
2.36,170.77849118583043,0.88214344
2.37,170.0431112314588,0.87091166
2.38,169.25453506678022,0.8883411
2.39,168.73079351782377,0.8803555
2.4,168.00484372005582,0.84628963
2.41,167.5340476389388,0.86420375
2.42,167.418676110744,0.8550681
2.43,167.87479526449857,0.75192827
2.44,170.0886006542478,0.5573399
2.45,172.51765325426388,0.68155587
2.46,175.22322346003506,0.73874414
2.47,178.2713937731255,0.75506186
2.48,180.38205526509296,0.8285459
2.49,181.73955282553027,0.8894194
2.5,182.62761762915324,0.8462293
2.51,183.96353537131742,0.80540615
2.52,187.6376066097893,0.5310218
2.53,193.8734992877438,0.309077
2.54,202.99670545811236,0.36670423
2.55,212.30896147270545,0.2860978
2.56,222.55553873620192,0.44039664
2.57,230.68136748601586,0.38899678
2.58,240.87851573447952,0.48388633
2.59,247.45923803913064,0.20433868
2.6,264.1579281039278,0.3616805
2.61,291.52231985877955,0.2864838
2.62,322.0142128280387,0.49272883
2.63,324.7689913936713,0.7909647
2.64,331.04168438454144,0.88019985
2.65,338.062209339338,0.8813202
2.66,341.6201584995771,0.9534183
2.67,343.5414646713306,0.9700022
2.68,346.2377001243003,0.9720258
2.69,347.3846676185475,0.9638182
2.7,345.5007640771171,0.96180576
2.71,343.5700202869541,0.9142482
2.72,345.96784320746286,0.91107064
2.73,354.7649967604676,0.6975601
2.74,372.11207179242456,0.58352906
2.75,394.4305986649831,0.5703301
2.76,406.7598933239974,0.5020343
2.77,415.09371425927264,0.6392561
2.78,410.69353855818554,0.25755858
2.79,392.0548189351001,0.098239295
2.8,355.11533925305827,0.35798046
2.81,346.14226377095997,0.3050269
2.82,334.9629556796232,0.32447255
2.83,313.738883615709,0.38144615
2.84,305.36207256630746,0.26888368
2.85,306.72947074369426,0.6849985
2.86,310.11746233215706,0.54488295
2.87,347.5606974350974,0.26501974
2.88,344.8018389048267,0.567981
2.89,386.57792066112,0.6516484
2.9,409.6930588190013,0.70478153
2.91,409.8323096234767,0.75549257
2.92,408.17815972585066,0.6673049
2.93,404.2120286484862,0.6947445
2.94,396.10864569811264,0.5619801
2.95,352.21004586681437,0.6346425
2.96,355.33031806062246,0.52024627
2.97,321.52640575048156,0.28893068
2.98,270.5652746407712,0.5569953
2.99,244.70579902853703,0.6187952
3.0,241.72176825066452,0.35272586
3.01,240.47684582164823,0.4748494
3.02,224.64901878177827,0.34102872
3.03,221.20959522383401,0.42669654
3.04,194.8741567680218,0.32338437
3.05,173.73877129777446,0.14660941
3.06,175.1968271557604,0.38019753
3.07,174.91997351636567,0.17005834
3.08,176.86884312258206,0.05540492
3.09,193.74318734115752,0.10400423
3.1,208.09473242315494,0.22455029
3.11,235.6358324664946,0.14968653
3.12,255.09439680391054,0.4854985
3.13,284.30153796153786,0.33556396
3.14,310.57314175238366,0.1571598
3.15,340.44167255301556,0.24441086
3.16,339.4140995650759,0.11357873
3.17,342.660835183303,0.16861932
3.18,344.0074836505868,0.40256482
3.19,344.51779373450734,0.3283848
3.2,343.06671628159455,0.20166986
3.21,343.7762866467947,0.097676344
3.22,349.8200414042209,0.069290504
3.23,338.0365456981278,0.15575013
3.24,345.721329901644,0.6909311
3.25,345.9658668584317,0.8042811
3.26,350.03935832515344,0.8127902
3.27,353.37246482513547,0.70488274
3.28,353.8173870352963,0.18166377
3.29,356.8488751228094,0.33732617
3.3,351.26066852360634,0.3621587
3.31,348.90465197887977,0.4860009
3.32,348.0335173323484,0.40665638
3.33,347.14304266251065,0.19583389
3.34,346.3110238044443,0.36126938
3.35,350.57532348223344,0.26753253
3.36,351.56298124278976,0.28341204
3.37,349.44959640152797,0.24505259
3.38,350.75809436385475,0.13591586
3.39,395.7702394482826,0.08055777
3.4,384.038571886862,0.19193839
3.41,360.2643175354362,0.046683345
3.42,352.5917913414746,0.104052186
3.43,352.3378037252927,0.21789774
3.44,358.53297474650947,0.257597
3.45,355.19270901563397,0.05374183
3.46,344.3252577432377,0.2972421
3.47,342.9493464591249,0.64483595
3.48,342.62446518096573,0.5301059
3.49,344.4107110541986,0.18709213
3.5,345.6960072957612,0.12740998
3.51,371.9903031169249,0.1470201
3.52,406.4007018412599,0.10132059
3.53,439.56069264885014,0.11427722
3.54,442.78234919354634,0.14783326
3.55,441.6371016014308,0.09815135
3.56,431.6408976362629,0.13501321
3.57,418.8582097585191,0.15126547
3.58,411.23139944928874,0.09542155
3.59,404.6344683993983,0.04734219
3.6,404.1481325052519,0.04105389
3.61,403.80049871073817,0.05020164
3.62,399.66382337265634,0.043615326
3.63,395.72101962996067,0.05321549
3.64,388.02028799613845,0.054482024
3.65,390.4727683766197,0.042452414
3.66,392.59648611935523,0.046842355
3.67,394.1921640371686,0.16217954
3.68,396.53390713965166,0.11950436
3.69,395.11568080848895,0.06342832
3.7,394.90921525576755,0.071090296
3.71,396.55159148060227,0.057126064
3.72,400.6466967103843,0.10972259
3.73,396.97627170702333,0.07661988
3.74,399.58945007080865,0.15281218
3.75,403.34118195573615,0.12116794
3.76,402.1591874529883,0.44387233
3.77,401.230257899315,0.53000814
3.78,397.7976977731844,0.6325069
3.79,397.20490517591594,0.6207522
3.8,402.95208112750055,0.20437704
3.81,407.27336173807225,0.50611264
3.82,407.3148553729515,0.5946295
3.83,405.14813752779787,0.7515456
3.84,403.3341454126588,0.7829728
3.85,401.45352827454496,0.7018487
3.86,401.1165186741573,0.45773426
3.87,403.6930398703149,0.63922626
3.88,404.0704543103167,0.2528641
3.89,401.7081242814424,0.096320085
3.9,403.7875133581335,0.16396874
3.91,401.6989756146952,0.10758488
3.92,402.4942260529121,0.20347022
3.93,404.37595817319135,0.09555656
3.94,379.59747234969234,0.12650327
3.95,351.19323365094306,0.10324346
3.96,354.2693268121029,0.12598832
3.97,356.2696093426245,0.16796447
3.98,355.0232999701108,0.28228
3.99,361.3013228468675,0.089132056
4.0,353.9684683403441,0.052185263
4.01,335.2338345142026,0.058963314
4.02,327.9981625210268,0.055587586
4.03,318.82935683979485,0.060740802
4.04,302.7137345413096,0.06366805
4.05,294.35592190199577,0.043788947
4.06,281.758412253109,0.19667333
4.07,273.56723845192676,0.34546155
4.08,265.9774920178881,0.49670768
4.09,252.21550668460486,0.37190014
4.1,244.63759730427506,0.49475864
4.11,243.02984574834156,0.5846852
4.12,243.41130229910675,0.61132956
4.13,245.0200594464893,0.57925797
4.14,246.8847505378238,0.47957775
4.15,243.76762959264323,0.22388573
4.16,241.59185119267818,0.23220855
4.17,235.69848153508565,0.5078456
4.18,235.10722327545983,0.6705262
4.19,237.48033757218815,0.74133414
4.2,242.03661858024248,0.43763724
4.21,242.38678372581853,0.22360782
4.22,244.23194710719503,0.26132366
4.23,243.60958265737068,0.2895591
4.24,236.48638032871688,0.2411914
4.25,236.3308489658998,0.374881
4.26,241.84383887499718,0.10259229
4.27,240.48804629193043,0.14294025
4.28,238.3174229073327,0.10638134
4.29,233.18133530316663,0.11652051
4.3,236.06997427189071,0.08499665
4.31,231.30977954935923,0.12699
4.32,230.32857016384213,0.2837495
4.33,251.71794243482742,0.24595895
4.34,272.76136310951335,0.63977486
4.35,309.5326176340398,0.5876495
4.36,333.4007069049495,0.4214488
4.37,342.438806694684,0.49196127
4.38,348.72548918535443,0.4177349
4.39,352.2035610783957,0.31003293
4.4,343.82766991121696,0.3260595
4.41,380.1890487656869,0.65529037
4.42,384.08505267294186,0.8720801
4.43,385.65941226709936,0.87243325
4.44,386.83941584305563,0.7316938
4.45,394.37831769482466,0.6235452
4.46,399.80105057853024,0.65525657
4.47,398.47482002729606,0.7458223
4.48,395.76035974819115,0.7473552
4.49,390.664693751363,0.67183566
4.5,381.29423013774385,0.39655903
4.51,352.68742945925067,0.4975073
4.52,325.49728272664225,0.38865188
4.53,310.53719211038816,0.6386609
4.54,305.1974300806513,0.8260004
4.55,296.8991466805615,0.7433988
4.56,287.7294057937751,0.67160714
4.57,279.2655099056026,0.76149863
4.58,275.26218383897054,0.8285625
4.59,266.40675476639336,0.48129582
4.6,252.94640487846166,0.6422562
4.61,243.46771049931036,0.49331635
4.62,233.06103082307135,0.4167927
4.63,214.42381873403156,0.29148242
4.64,206.36090541759043,0.518134
4.65,196.68769623874581,0.43312517
4.66,194.31095125571971,0.7249215
4.67,195.96163683748574,0.49658996
4.68,204.0788019192658,0.35003674
4.69,220.825968726739,0.24402456
4.7,250.5544424270063,0.4621788
4.71,256.3545305475118,0.6087029
4.72,260.3921116540797,0.8366911
4.73,262.65764033839946,0.9417024
4.74,262.81950663398806,0.9571334
4.75,261.7160152267566,0.94085324
4.76,259.0557589431895,0.89084595
4.77,254.47058262861094,0.74626625
4.78,248.894593267822,0.8178035
4.79,246.07886091442353,0.7605199
4.8,241.74119288480736,0.47210968
4.81,233.26217535927162,0.62623614
4.82,228.38022196405012,0.67661744
4.83,222.45972104022,0.72414213
4.84,217.52875645852785,0.8369934
4.85,213.70906203479097,0.86746556
4.86,211.62434088082517,0.8926226
4.87,211.39080425162052,0.89964825
4.88,212.456051385963,0.87166524
4.89,215.15239469571074,0.7966855
4.9,219.40018324162506,0.81477904
4.91,222.10014025666723,0.84983844
4.92,226.2296969074109,0.83040595
4.93,229.76804181758587,0.77396345
4.94,231.9029882016128,0.8542394
4.95,233.15781202755062,0.9247234
4.96,234.1068271675331,0.9395833
4.97,236.20583137003766,0.91708773
4.98,237.85882440217847,0.8904387
4.99,238.00456315247084,0.79522836
5.0,234.7484868312709,0.5672008
5.01,226.74025963446525,0.66083217
5.02,229.36644597068272,0.68400323
5.03,233.76131227006266,0.7506564
5.04,235.7788045163882,0.84342813
5.05,236.3267788079797,0.87844086
5.06,235.3981062642385,0.803849
5.07,234.6815005954071,0.7798142
5.08,238.1802464424859,0.6915019
5.09,242.51636252558043,0.77566034
5.1,244.21414999960638,0.87520134
5.11,244.46222511374557,0.8707388
5.12,244.44406650418657,0.87737054
5.13,245.2593963621369,0.88292885
5.14,245.1401061833441,0.89292413
5.15,245.13528970469383,0.8911451
5.16,244.73718305343448,0.91904145
5.17,242.88158260032196,0.8444794
5.18,238.6097885347564,0.75528
5.19,233.21667237738325,0.7047635
5.2,226.99222477090882,0.5409664
5.21,219.06798807441197,0.7455594
5.22,219.6959221745692,0.7928488
5.23,223.51527348382464,0.7032166
5.24,235.18358254304587,0.46053615
5.25,239.8792408919847,0.7577707
5.26,241.10186633196162,0.7958295
5.27,239.85624345924032,0.70867413
5.28,232.44109486345843,0.399217
5.29,212.66218039767142,0.42295626
5.3,188.0848642525447,0.77139455
5.31,186.77092231856034,0.8510217
5.32,185.84146886770134,0.87504864
5.33,183.49256564324838,0.6843232
5.34,173.16258173227592,0.43794057
5.35,166.15157437689538,0.60604995
5.36,178.60016255164456,0.17235263
5.37,198.44043444363712,0.17619556
5.38,224.8479274434342,0.06536886
5.39,241.5206868531827,0.15851301
5.4,242.94963265577957,0.3408513
5.41,262.04165763603737,0.20133203
5.42,281.1829322209466,0.22386819
5.43,281.45005189777305,0.25256312
5.44,254.45586117031272,0.18062215
5.45,229.97127149485198,0.18531682
5.46,206.27548116476024,0.17511688
5.47,183.00363210982863,0.09242116
5.48,163.95439213305949,0.21033858
5.49,164.34527567905127,0.40898833
5.5,165.66677659732105,0.42739844
5.51,178.17822145387478,0.3357825
5.52,193.88376114568896,0.11925871
5.53,209.36375580781757,0.23804536
5.54,235.57237003308825,0.36784816
5.55,241.5004890700643,0.7921061
5.56,245.56573241113668,0.8763633
5.57,249.4223545029671,0.9271974
5.58,251.9881985517546,0.93950444
5.59,252.96950401704933,0.96019816
5.6,252.5430086049013,0.938891
5.61,251.02823102451612,0.9501017
5.62,248.7597378256729,0.9024077
5.63,247.3007358310575,0.8834466
5.64,245.98925085933195,0.8291593
5.65,243.77052736449554,0.8192888
5.66,240.67372557530663,0.79531705
5.67,230.83032776742772,0.5549495
5.68,226.4680606390461,0.6157674
5.69,206.55802653898797,0.5024875
5.7,185.03155383298892,0.54301924
5.71,178.27134669911575,0.5117725
5.72,172.27028049608847,0.3881169
5.73,163.73758443178392,0.3664198
5.74,158.17685482043808,0.36312836
5.75,151.01241876753278,0.18166903
5.76,141.6200798791822,0.3262127
5.77,130.6588417477176,0.4442644
5.78,123.38392070282175,0.28764725
5.79,117.41215535393648,0.5632664
5.8,118.23807704532769,0.55949205
5.81,122.45853184380007,0.3133852
5.82,135.00081402700897,0.36676994
5.83,152.21796416609482,0.2476236
5.84,169.23620914564722,0.34436858
5.85,177.79157378534097,0.37572792
5.86,191.98941600499694,0.31276098
5.87,196.5738448664551,0.59117705
5.88,201.1603855543777,0.54889387
5.89,204.99416309811963,0.6704277
5.9,207.96468369814045,0.81426156
5.91,210.07340432414162,0.79712695
5.92,212.16813531595335,0.73673046
5.93,213.96983183970067,0.6108519
5.94,222.65621258909349,0.6142248
5.95,227.13757597467463,0.5062649
5.96,241.1901797865827,0.42346466
5.97,244.72403270331432,0.4136134
5.98,242.45879029443333,0.25593093
5.99,256.2170030215148,0.22679809
6.0,254.17363561422746,0.26150787
6.01,256.1785461655943,0.20313819
6.02,262.6155949060506,0.2921465
6.03,289.71391927105265,0.41144007
6.04,262.22454313894013,0.45218867
6.05,260.33459180621855,0.53587073
6.06,264.84369079058837,0.2660885
6.07,233.0844248842018,0.7428378
6.08,234.9624764487247,0.7799945
6.09,240.51312224780122,0.7231986
6.1,247.0033234590858,0.839449
6.11,250.0842695869923,0.8255017
6.12,253.45931029684886,0.78837794
6.13,257.5437750766167,0.6730937
6.14,263.05155559313005,0.5015412
6.15,263.9317770998888,0.71171105
6.16,263.4886357424616,0.868486
6.17,262.7315170871128,0.8503579
6.18,259.63739196384137,0.61422586
6.19,251.52503846925626,0.5839454
6.2,240.97813848195383,0.3460383
6.21,227.20556026657036,0.62790716
6.22,228.4199837572603,0.6565205
6.23,239.0164964273926,0.57488596
6.24,243.1071025254644,0.8119104
6.25,245.51194319304136,0.88207823
6.26,247.43642964982539,0.9124207
6.27,249.18740535802692,0.8854113
6.28,250.8933821528262,0.8670932
6.29,251.77736166375226,0.87051344
6.3,251.66473194842018,0.8570611
6.31,250.16788035656765,0.86791325
6.32,248.2681660525348,0.88908446
6.33,246.16491186143105,0.87215006
6.34,242.90494764475898,0.7190978
6.35,237.00009798699438,0.60487103
6.36,229.0099876869234,0.58847237
6.37,222.98335891783472,0.50964105
6.38,218.89367461788333,0.2769439
6.39,247.18403243511983,0.18000998
6.4,288.3288607944447,0.560433
6.41,312.4846831434708,0.5399008
6.42,309.3252703380751,0.6306184
6.43,305.1386673231451,0.6409831
6.44,299.2009654419618,0.60452443
6.45,286.94641105401274,0.40643874
6.46,276.7324530752342,0.73829275
6.47,275.4256051270866,0.7723331
6.48,272.8586634676663,0.6450077
6.49,266.33513831921493,0.55968547
6.5,255.09034393365914,0.4314153
6.51,245.90175259372933,0.5149452
6.52,244.77833452767374,0.34211054
6.53,250.98531527894605,0.5305354
6.54,252.84765884394977,0.5407713
6.55,254.20253234815812,0.52473736
6.56,244.49827807188285,0.36368465
6.57,233.36568000674194,0.35876533
6.58,234.45145385275288,0.3933977
6.59,255.12210227855715,0.267768
6.6,255.7774146975758,0.18878962
6.61,271.30834527750915,0.19141851
6.62,272.2588678698538,0.19208801
6.63,267.8928636442405,0.29340705
6.64,236.4624902224678,0.12202515
6.65,221.51407977859742,0.26403973
6.66,223.77821101989048,0.38586485
6.67,228.39917196712202,0.48330393
6.68,243.5996730756612,0.56447214
6.69,276.77264696585263,0.29859406
6.7,298.1376515740625,0.2532406
6.71,304.42076496303986,0.73487705
6.72,306.97830585202644,0.90617377
6.73,308.50240374044523,0.91807675
6.74,307.05682952751374,0.9075566
6.75,303.8814406079788,0.9230154
6.76,299.9837371428769,0.83134997
6.77,293.639502823847,0.67943996
6.78,282.38604224294664,0.5930448
6.79,274.15860463782406,0.86244833
6.8,268.4559670922047,0.8229143
6.81,259.79611199482116,0.5285947
6.82,244.64163939844616,0.51017517
6.83,230.8082515115313,0.4741371
6.84,220.81083241289764,0.4723179
6.85,213.48017262773465,0.51881564
6.86,206.2498806408897,0.53735286
6.87,185.10251050799937,0.25391182
6.88,177.5765549690489,0.5300375
6.89,173.39587987541904,0.5047814
6.9,175.0599816919558,0.3300462
6.91,181.6049004820047,0.26170558
6.92,184.77699938894358,0.40156332
6.93,196.72780248058675,0.4789915
6.94,203.52060582368082,0.32695833
6.95,211.74020456108133,0.4514616
6.96,218.83278492715266,0.37974286
6.97,225.12405348764685,0.43330392
6.98,224.63441950289553,0.19038808
6.99,221.90909054868746,0.16411293
7.0,221.11517140379874,0.404711
7.01,220.74671203243494,0.55827236
7.02,222.3460486044234,0.77559793
7.03,225.97872013065924,0.6774068
7.04,235.5347509970706,0.5440009
7.05,244.10953527229873,0.6621763
7.06,249.0433269401329,0.8572413
7.07,251.68179051553602,0.90156317
7.08,253.4873380914756,0.9392112
7.09,253.7979257401659,0.9341264
7.1,253.363868016148,0.9312158
7.11,252.4711783933145,0.90774494
7.12,251.55239140154677,0.89800954
7.13,252.10981067813884,0.846788
7.14,253.9259160621381,0.7507372
7.15,254.75093568749446,0.58257604
7.16,269.83868844596833,0.37745634
7.17,284.97717285138384,0.32295993
7.18,304.1698922243864,0.53891355
7.19,308.15447765597946,0.7230477
7.2,307.03518518819544,0.7748152
7.21,304.7370204600364,0.7996855
7.22,303.74333133510225,0.9077618
7.23,304.3293227506898,0.88435864
7.24,308.27653518799167,0.7649478
7.25,313.897771880655,0.7576269
7.26,319.33314838917966,0.66766846
7.27,325.4937299302169,0.7076418
7.28,330.03632422909453,0.88394415
7.29,302.36127980211484,0.8051166
7.3,258.05212446406557,0.43395326
7.31,238.70408708052992,0.619621
7.32,202.2193574410149,0.71044433
7.33,181.0382416530054,0.79784906
7.34,182.37637382048848,0.8392907
7.35,182.45354977933704,0.845286
7.36,182.42608090270085,0.8370834
7.37,181.76215881915996,0.7483553
7.38,180.6457797084595,0.59228724
7.39,179.37104769482045,0.7176997
7.4,177.36468072124057,0.7596917
7.41,175.71723645841413,0.6848343
7.42,174.68406974427666,0.8129547
7.43,173.60426294550703,0.88455385
7.44,173.28329330597666,0.87717706
7.45,173.39302763571922,0.8781503
7.46,173.67755654227273,0.868959
7.47,174.05503693718745,0.79207426
7.48,174.0657627432752,0.8540354
7.49,174.07040746679385,0.8351631
7.5,189.57367443980726,0.7287519
7.51,220.05517912398957,0.70038646
7.52,243.31925042385626,0.8680935
7.53,263.9938546863221,0.7644972
7.54,309.9336311468944,0.6456888
7.55,331.5285231995009,0.71910334
7.56,329.9757365594383,0.8257751
7.57,331.234071412169,0.8227286
7.58,332.83776535606376,0.8603871
7.59,333.5686598124767,0.85465133
7.6,331.7385330327987,0.6839521
7.61,327.5403284810466,0.64188176
7.62,325.52184427124917,0.6740892
7.63,323.0747112693209,0.72523135
7.64,321.2648897336961,0.7105597
7.65,319.89749660180456,0.73852336
7.66,317.67787110469277,0.59801364
7.67,315.4617053251563,0.7188141
7.68,313.77603742651513,0.86064297
7.69,312.73985041013214,0.8977427
7.7,311.82942353576544,0.88093644
7.71,310.4569776232045,0.7247826
7.72,310.2243056804127,0.3987188
7.73,285.98235617746064,0.39176637
7.74,280.28248958454463,0.58805823
7.75,281.947296423194,0.6316922
7.76,314.05344597506183,0.27627861
7.77,315.1536677714386,0.4365576
7.78,309.99366220324697,0.7105951
7.79,309.36699895030023,0.86883247
7.8,307.5073104475763,0.8309964
7.81,302.209902646975,0.8056629
7.82,295.82752972074564,0.8142987
7.83,291.22352972455565,0.79784685
7.84,287.0779522308367,0.63666534
7.85,285.9472118296686,0.6893668
7.86,286.1855591829327,0.7828813
7.87,286.27852616899565,0.77837926
7.88,285.7046738268954,0.78508323
7.89,284.76049524340203,0.77484345
7.9,284.17909826107723,0.7717957
7.91,281.68253384634744,0.70748085
7.92,277.81694814931814,0.75643843
7.93,274.24404810820386,0.7403772
7.94,269.7599577543057,0.5551881
7.95,266.22382738169676,0.6383667
7.96,261.5966834869143,0.66266084
7.97,254.13386211611055,0.5942099
7.98,247.5414993221101,0.80232334
7.99,244.19285101738728,0.8001586
8.0,240.65973212044605,0.7098057
8.01,237.1002046721485,0.6144662
8.02,234.94150037808228,0.69111925
8.03,233.47361875941087,0.7049041
8.04,232.8325766689694,0.79401153
8.05,232.23033412686615,0.8101144
8.06,231.23947125882137,0.75847423
8.07,228.02984653099887,0.6308605
8.08,224.7552830868781,0.6996919
8.09,221.347614176563,0.6108334
8.1,218.72900053198518,0.6556557
8.11,216.17289047223832,0.7456795
8.12,212.76939516103323,0.7451979
8.13,209.4435356406831,0.77105916
8.14,208.79689095437982,0.767288
8.15,212.08473190940106,0.5879882
8.16,222.55259423008079,0.38659367
8.17,231.97168367967163,0.3329765
8.18,237.16907374833286,0.4918462
8.19,236.2275708933956,0.5842004
8.2,234.22752569091276,0.5510317
8.21,227.74229558417562,0.4120889
8.22,220.48301460148988,0.65401894
8.23,213.11762867273848,0.68252176
8.24,207.88110138155912,0.72271854
8.25,202.92427836582237,0.6567124
8.26,199.88033712787018,0.6099947
8.27,190.55433993102298,0.50530875
8.28,185.21091164502104,0.79265386
8.29,181.6543448511082,0.8875442
8.3,178.80303850367184,0.9055781
8.31,175.97898364849598,0.90272564
8.32,173.27780270547004,0.9241272
8.33,170.56535639956695,0.8531366
8.34,167.16814200172786,0.8995784
8.35,164.74155210954038,0.9140745
8.36,162.3195291561434,0.8882148
8.37,159.24093494154806,0.86285454
8.38,157.00486372252132,0.8462274
8.39,153.8926910390092,0.55219305
8.4,145.46363144424535,0.42685258
8.41,139.49397759267444,0.6321952
8.42,135.3850533523084,0.470103
8.43,138.45093036213996,0.17373492
8.44,144.68726452773655,0.08362852
8.45,153.1472698366011,0.15084915
8.46,157.68050263647783,0.26543823
8.47,163.39953345702415,0.4555973
8.48,169.79615738710135,0.421435
8.49,175.54995642814785,0.41882068
8.5,180.2246208638327,0.31231916
8.51,185.829395923608,0.20078829
8.52,196.56861724965268,0.095809475
8.53,203.17575633513945,0.08887931
8.54,208.55760743863115,0.098468624
8.55,198.31071573608318,0.10261728
8.56,181.81063275766658,0.057095177
8.57,201.09353248058102,0.36492378
8.58,186.91788746529423,0.1910714
8.59,179.2417968220099,0.5233301
8.6,177.34259918836725,0.41971803
8.61,176.85959221185794,0.34519163
8.62,168.3884721177601,0.20555171
8.63,168.98404793618164,0.14230034
8.64,177.336977714773,0.23368065
8.65,199.27834011474798,0.067395166
8.66,213.1433434417367,0.25911567
8.67,230.3184667066681,0.13205348
8.68,240.73588739045977,0.2438956
8.69,274.4789508190138,0.31276834
8.7,313.82348881666934,0.44155207
8.71,316.5713503331308,0.5429453
8.72,323.1103347201697,0.50830853
8.73,331.4162423729782,0.58928746
8.74,332.27107848976345,0.48960465
8.75,359.63642976740033,0.42593753
8.76,407.0823670697808,0.13543811
8.77,407.11081438099393,0.10394425
8.78,402.9017636698443,0.13643888
8.79,426.9203326565399,0.11201968
8.8,438.2716883745518,0.072499685
8.81,405.977020882687,0.16573781
8.82,358.08602150169327,0.1966795
8.83,353.1201113564853,0.0915303
8.84,325.7272628836241,0.22209239
8.85,288.6619356953997,0.27236724
8.86,249.73224575943416,0.066834986
8.87,228.99595170028832,0.19270806
8.88,231.91061809483088,0.32463136
8.89,227.44359920641773,0.5429535
8.9,224.92577841086035,0.70067656
8.91,223.90275685040336,0.70835334
8.92,222.41020650671004,0.7321542
8.93,223.52395356494097,0.59912723
8.94,223.41311439844003,0.35302317
8.95,226.28778345406843,0.253951
8.96,224.65614894549935,0.21612757
8.97,225.40430295047804,0.24149252
8.98,226.49550582644463,0.14474624
8.99,226.66272258362045,0.122861765
9.0,230.53130193859033,0.10576184
9.01,233.52048152149936,0.40183854
9.02,224.0281545392676,0.20494021
9.03,217.80606016241939,0.34275484
9.04,241.1571006697393,0.44886383
9.05,221.18951772170004,0.26833084
9.06,222.80998631237668,0.26318052
9.07,228.32727737593248,0.20543641
9.08,232.06813231995085,0.26005962
9.09,228.57897187109867,0.7228759
9.1,231.13683209219136,0.8224196
9.11,236.7572570197527,0.7811769
9.12,239.66768121824282,0.2750231
9.13,242.55522527668464,0.24640419
9.14,266.0093565314764,0.21081609
9.15,284.4567415013622,0.20343569
9.16,307.0665148302703,0.22778848
9.17,318.46906878454234,0.5258634
9.18,320.1861427775146,0.8390942
9.19,323.2385086298993,0.92919755
9.2,325.04821196236384,0.92463225
9.21,324.3054510990334,0.94332594
9.22,324.1241083985872,0.9477683
9.23,325.0841016435615,0.93574464
9.24,326.4624037019687,0.96612394
9.25,326.4723242985303,0.96078753
9.26,325.5912884977707,0.90195954
9.27,320.64572412073437,0.7481931
9.28,316.10125860199156,0.7023122
9.29,312.3309048675422,0.73017675
9.3,311.9701547411214,0.8802491
9.31,314.7298543015762,0.87451094
9.32,318.83423588558463,0.71336395
9.33,324.74615645103665,0.6122622
9.34,334.63244046556275,0.29713872
9.35,351.3806134426506,0.46397018
9.36,360.53299165237837,0.6840293
9.37,363.2747651861785,0.88281983
9.38,362.3240577958223,0.91827446
9.39,361.2596476059107,0.8918349
9.4,360.0806932196058,0.88897574
9.41,361.0072096386705,0.8315335
9.42,362.83801843331224,0.82691485
9.43,362.72377869961923,0.8183902
9.44,361.322029295174,0.83062416
9.45,358.99706640330663,0.9005051
9.46,355.60477305228693,0.9170839
9.47,352.78569416533463,0.8901935
9.48,350.1971031161654,0.9135349
9.49,349.6365986444306,0.9184939
9.5,349.0568867128297,0.91455215
9.51,349.320960534453,0.8872126
9.52,351.26450576845923,0.89072126
9.53,355.65579794784026,0.8594775
9.54,359.43406142521314,0.82357097
9.55,362.52018201567614,0.8838108
9.56,362.2258805185198,0.8661088
9.57,359.8400858247603,0.8257669
9.58,358.0253362704014,0.82753575
9.59,356.54007321716955,0.849249
9.6,355.3056500487187,0.82544446
9.61,353.8046371291923,0.882751
9.62,351.4029928753922,0.8990276
9.63,345.74785156638575,0.711524
9.64,336.88990200335263,0.8217047
9.65,337.3955840871023,0.86728925
9.66,341.4159234861005,0.8720067
9.67,342.89662850269485,0.89794415
9.68,342.3510574232208,0.84457356
9.69,342.85821907117366,0.68411493
9.7,351.17233775562164,0.507476
9.71,367.28256994222124,0.85109574
9.72,369.64953561651316,0.9379995
9.73,370.18812453464966,0.95291966
9.74,369.74288685469514,0.8938607
9.75,368.3019959735137,0.76734114
9.76,359.03295283139647,0.6919171
9.77,352.75021246569634,0.77618164
9.78,349.88999095150683,0.81252116
9.79,347.42562712155825,0.7555545
9.8,346.8788007015181,0.66968906
9.81,348.07561030227765,0.58443844
9.82,351.3831587520917,0.54366136
9.83,354.81523038787986,0.3716637
9.84,359.56553110650015,0.4749918
9.85,363.13995227960424,0.3985931
9.86,363.80605058200786,0.2745375
9.87,365.4355113657187,0.23608662
9.88,368.87541885868734,0.27886862
9.89,370.72930575183887,0.218058
9.9,369.7613641459619,0.16023731
9.91,363.27580927710085,0.31947654
9.92,357.1341353603118,0.7279302
9.93,352.9442464399566,0.7045559
9.94,350.56194235058103,0.50380933
9.95,346.0074716151771,0.5886783
9.96,337.37318497452407,0.7642524
9.97,331.0979156987159,0.95201004
9.98,329.2449429160615,0.9403339
9.99,332.6999918372893,0.8709856
10.0,351.294295033525,0.7432131
10.01,362.5139295752286,0.8793285
10.02,367.4120944747037,0.788824
10.03,378.3641199256473,0.41247702
10.04,380.5759590475484,0.32767484
10.05,353.0986217476931,0.19742636
10.06,351.1084068599788,0.37502235
10.07,355.8597607027485,0.30703014
10.08,367.44528479226915,0.4524173
10.09,367.45694196904225,0.3415617
10.1,369.41118128105313,0.41256884
10.11,369.2768031713328,0.4639657
10.12,358.5050240559969,0.7711718
10.13,352.2694461812255,0.8352747
10.14,340.50198577405376,0.8407229
10.15,335.82748716926983,0.89840233
10.16,339.5654998361265,0.7014997
10.17,351.39858523907253,0.83122045
10.18,356.95970897122083,0.8649027
10.19,363.86826094760585,0.772069
10.2,365.0205387444626,0.6620426
10.21,360.9353725503951,0.6619727
10.22,363.4461767773182,0.63994783
10.23,366.6156155341187,0.56570184
10.24,366.78763126333024,0.7967392
10.25,365.4196160415159,0.8109093
10.26,363.41092652088463,0.8369538
10.27,361.7648499472944,0.86181676
10.28,358.5945514607324,0.8825221
10.29,354.8609685951293,0.85802066
10.3,352.0974250757049,0.88688004
10.31,350.2057162885839,0.8792127
10.32,347.76486037638193,0.8631748
10.33,344.1634368457364,0.833467
10.34,338.520774986221,0.8362173
10.35,338.30067740618597,0.85341895
10.36,343.2836830033706,0.75757456
10.37,351.9842852709951,0.786917
10.38,371.3961719391494,0.42685807
10.39,382.154065452428,0.85757285
10.4,384.73640415546606,0.88155836
10.41,386.28325242733865,0.879075
10.42,384.3172776938173,0.8433746
10.43,378.50160964574354,0.7261966
10.44,361.54215179843135,0.4526081
10.45,345.5181194106735,0.7864134
10.46,337.28736111917016,0.81462955
10.47,323.9461154328614,0.6762994
10.48,319.6958893925424,0.7893728
10.49,324.3112300832857,0.4057119
10.5,347.16033612918517,0.37743074
10.51,365.42424416204346,0.45260578
10.52,371.66211468576165,0.6067528
10.53,379.8945630100599,0.78729224
10.54,383.2741378232315,0.84839046
10.55,384.5440042933823,0.9031071
10.56,385.1569815455596,0.85654783
10.57,384.87778175888144,0.8001718
10.58,381.4942866464151,0.72406346
10.59,377.2882520522609,0.47945955
10.6,348.7186715301034,0.3052006
10.61,330.62507451286115,0.28554216
10.62,298.2080180670512,0.3534678
10.63,275.8586030304398,0.37803784
10.64,242.1570086240445,0.37529328
10.65,239.25325191037913,0.2738969
10.66,254.5326146517309,0.13918382
10.67,272.4311811696798,0.14905985
10.68,287.1117794452659,0.07830451
10.69,308.70475915161165,0.062409963
10.7,322.97700527212305,0.25352928
10.71,323.2228889400764,0.3846369
10.72,321.854205023715,0.29836103
10.73,316.4146770659893,0.42159772
10.74,313.269345104598,0.36060414
10.75,324.2232192704454,0.29588166
10.76,361.7273734310446,0.69990826
10.77,385.840778810313,0.7776801
10.78,384.12144165954396,0.7535316
10.79,380.21240350915537,0.6845847
10.8,378.6437020210321,0.5140805
10.81,386.00814482385056,0.61365294
10.82,385.88354146368687,0.7596617
10.83,389.93901548103196,0.76298606
10.84,388.72900954688185,0.20165047
10.85,381.49627779042385,0.14741506
10.86,378.3236266461836,0.08373362
10.87,368.1200178478824,0.07537848
10.88,350.1842572561381,0.116232924
10.89,341.7694605351761,0.18004896
10.9,348.91462580371893,0.11550303
10.91,350.7703986199204,0.15478335
10.92,371.7231734850986,0.23005223
10.93,390.3318137909053,0.39571765
10.94,390.776932042339,0.703762
10.95,389.6495593649761,0.8499742
10.96,387.7916139731626,0.8540755
10.97,384.9873858909553,0.85403425
10.98,382.5983412995912,0.85769784
10.99,381.2310708035537,0.8608977
11.0,380.6787268812541,0.86554265
11.01,382.28673039711975,0.8469377
11.02,382.59493826359187,0.8395446
11.03,381.21215833353517,0.8629226
11.04,378.9649303052286,0.839402
11.05,375.704479620861,0.8879569
11.06,372.91300429718365,0.87202775
11.07,370.1147999862685,0.81604934
11.08,365.3803241689433,0.69581544
11.09,355.55489032331786,0.75645465
11.1,349.04939103350904,0.74534225
11.11,337.60950312458635,0.58975405
11.12,329.2089216840317,0.7600731
11.13,326.225850782435,0.84953314
11.14,327.5768790986313,0.5901578
11.15,333.4927101378731,0.42242143
11.16,362.33137673336955,0.6157438
11.17,393.15947685813694,0.736043
11.18,396.9783701265073,0.8072637
11.19,402.35808514959905,0.70150125
11.2,406.4274690975151,0.6470801
11.21,406.7476443286876,0.45467418
11.22,397.6439759851823,0.31919527
11.23,387.2505803353995,0.30160883
11.24,378.92100351333255,0.23001201
11.25,379.80532321873204,0.42916662
11.26,380.0681781147756,0.4359066
11.27,383.342497799045,0.50088006
11.28,383.4966766719262,0.21648553
11.29,389.0564776767539,0.26281416
11.3,359.12913622557494,0.21027415
11.31,333.87854034608836,0.24283344
11.32,333.2567633737844,0.28095144
11.33,336.12755868306834,0.12441037
11.34,349.08978132586515,0.098186046
11.35,354.62197655476274,0.17662409
11.36,364.3587724224744,0.14687803
11.37,365.0823173910534,0.22458868
11.38,365.34339504715956,0.2531582
11.39,361.9406853060726,0.40966892
11.4,360.3942645058691,0.31926265
11.41,360.01265129492106,0.33877575
11.42,362.1963426977373,0.49658924
11.43,362.81050881914604,0.27720836
11.44,362.7795501725143,0.14053904
11.45,385.6337217126978,0.27050722
11.46,347.31129322542233,0.19868779
11.47,347.97818165457335,0.19331396
11.48,348.60683702147605,0.12805624
11.49,354.97629683484064,0.23367757
11.5,368.7387139129763,0.13544707
11.51,369.1785747527529,0.18676525
11.52,359.6239381590289,0.22870232
11.53,357.71370438086785,0.42036143
11.54,358.56603632008625,0.30512607
11.55,357.76653978772487,0.1662492
11.56,358.7917567636234,0.13195582
11.57,359.7334845756136,0.28536823
11.58,360.66027190173475,0.5212891
11.59,361.30083828537744,0.82204115
11.6,362.71121397656077,0.883031
11.61,362.9243316244538,0.85575235
11.62,361.0945864724834,0.8577143
11.63,359.9049642157215,0.82510966
11.64,357.70726009684813,0.64727306
11.65,357.8965240702723,0.41111818
11.66,351.59456414010725,0.17264017
11.67,314.00274271703563,0.1645004
11.68,288.7515687659908,0.1851487
11.69,280.82033517526065,0.11044782
11.7,290.6776778198064,0.21819624
11.71,274.924798878859,0.5186809
11.72,276.0862843629539,0.49413642
11.73,280.5837045630649,0.3955827
11.74,284.3565402250684,0.3710367
11.75,307.13960346764037,0.25181666
11.76,350.76338112899816,0.08382714
11.77,389.35862547977376,0.24888769
11.78,402.1996913848364,0.7952624
11.79,401.7698283624519,0.90382725
11.8,398.8872444644241,0.75805974
11.81,389.23542642311793,0.4408375
11.82,368.77761014938255,0.104321495
11.83,354.8634062534601,0.1436018
11.84,348.16502888106305,0.57546103
11.85,345.3196048498754,0.7382696
11.86,345.627606661919,0.83540857
11.87,345.3198451407626,0.8061313
11.88,330.2577480482786,0.57015747
11.89,320.0144587011826,0.8221642
11.9,316.560256462805,0.9035538
11.91,320.86224695287694,0.5903785
11.92,347.80080209189737,0.5479637
11.93,386.23999150360027,0.41028976
11.94,390.65113723568294,0.7447351
11.95,392.2382945222475,0.90481424
11.96,392.23657565099364,0.91068023
11.97,391.4367899417979,0.8185466
11.98,390.92881097804,0.77153575
11.99,386.8663041599279,0.7831635
12.0,380.12287718108433,0.7836423
12.01,371.2423744385179,0.5478937
12.02,361.85718478920677,0.36417228
12.03,350.7962032322657,0.49719298
12.04,342.6504508260724,0.24536893
12.05,301.09789410033795,0.2323848
12.06,275.22638610806206,0.4029133
12.07,270.45946124495896,0.5231027
12.08,253.86018689653355,0.43312475
12.09,277.80687479046446,0.4171163
12.1,310.69605745664666,0.15804088
12.11,356.64587157582264,0.298634
12.12,387.4595656540381,0.5035025
12.13,389.4029399178505,0.49171817
12.14,391.66356629998864,0.29726914
12.15,393.8021232651247,0.1465834
12.16,374.2712689571763,0.23028614
12.17,357.2270232063027,0.20679402
12.18,387.83897677340036,0.18945104
12.19,391.472812454428,0.3857068
12.2,392.89601798107356,0.33732957
12.21,392.13653124442897,0.30297485
12.22,389.9189110609231,0.564797
12.23,388.1133647836986,0.65185285
12.24,387.07618332001294,0.49850821
12.25,349.54946920331537,0.3315798
12.26,392.10799017089994,0.12356288
12.27,394.989178187233,0.120626636
12.28,400.4292278202053,0.08989083
12.29,400.35243607154234,0.042256705
12.3,401.1283977499194,0.23503938
12.31,398.522747911992,0.16145185
12.32,398.6844636522676,0.5346877
12.33,393.30229667051356,0.67990947
12.34,387.56466677421395,0.6139609
12.35,383.66352859431925,0.6398537
12.36,380.73467037271746,0.5220601
12.37,377.0917598903577,0.1708379
12.38,369.27472888527836,0.1550775
12.39,364.61798005886146,0.13031384
12.4,357.64679172769974,0.17308034
12.41,353.0726698098286,0.30683434
12.42,352.0202235516442,0.14425655
12.43,348.11883655559967,0.22648624
12.44,347.4030689916339,0.38514724
12.45,351.17076268449046,0.3311167
12.46,355.2818437648456,0.1879243
12.47,340.1235828749344,0.10836727
12.48,338.5676530169173,0.0922994
12.49,340.7629320612107,0.5054186
12.5,347.11455532278416,0.7525724
12.51,348.09187082138436,0.8433734
12.52,349.263103637544,0.9483001
12.53,349.28706384054647,0.94826585
12.54,349.55240505234565,0.9444995
12.55,351.2114179960451,0.92769766
12.56,351.44514849218547,0.8934225
12.57,351.2299455317662,0.822884
12.58,347.17699806075444,0.50432605
12.59,334.5941780442689,0.30404198
12.6,306.0287712079812,0.2502432
12.61,285.8716000446935,0.23887904
12.62,262.15768125232006,0.41821033
12.63,245.46237515126677,0.38411382
12.64,272.7559097686697,0.2640566
12.65,275.4887270487742,0.24496154
12.66,296.363738577842,0.3005357
12.67,306.68312746944457,0.35143355
12.68,324.83879758768694,0.28726444
12.69,354.5128811959665,0.5896464
12.7,361.73896420274673,0.38414827
12.71,381.98581219758375,0.2882758
12.72,389.86893338733114,0.46725008
12.73,397.128648088417,0.4636167
12.74,397.703051191188,0.43463758
12.75,392.50411291528286,0.3974729
12.76,379.5032395723684,0.4075385
12.77,372.8173395955712,0.43610153
12.78,344.84915926766587,0.41329667
12.79,316.29364904297825,0.3069529
12.8,303.21784814801157,0.48554397
12.81,291.5644656026529,0.54429376
12.82,280.4731318401632,0.63825333
12.83,273.7708291540827,0.32978928
12.84,321.8351999919989,0.07752935
12.85,349.8099012850423,0.1600952
12.86,382.38183777529963,0.109527156
12.87,406.08982501323715,0.3211068
12.88,409.0622524906781,0.65654093
12.89,405.6831487259731,0.8818158
12.9,403.01639153042566,0.9042474
12.91,398.8187113912773,0.9025815
12.92,392.9873172252533,0.8518273
12.93,387.08438889219565,0.6291509
12.94,374.9393162757258,0.519682
12.95,358.23977718192856,0.5490324
12.96,347.27176010836695,0.5354951
12.97,337.5994640039525,0.6309103
12.98,330.73704446219926,0.7387322
12.99,324.1437970139901,0.707202
13.0,321.60239756743715,0.72864157
13.01,327.6324747791309,0.7797004
13.02,332.0573291964962,0.8113837
13.03,337.95806478791866,0.4244659
13.04,351.4977624334822,0.4284053
13.05,368.0307799919726,0.47696984
13.06,376.89034747152556,0.55797297
13.07,380.19088478951176,0.60580105
13.08,383.56209343474,0.43279126
13.09,393.6481413260109,0.30241254
13.1,395.6655492081737,0.36687323
13.11,423.27152716348235,0.40677223
13.12,431.7608947297316,0.38179785
13.13,415.4378619813901,0.13886614
13.14,392.1414341287457,0.05044432
13.15,368.4182438654668,0.060548052
13.16,337.88292843237855,0.1378214
13.17,318.6052454085732,0.07813534
13.18,305.8252086483731,0.06567868
13.19,279.73444081597273,0.16942717
13.2,266.1938393858884,0.19929159
13.21,242.82552552816816,0.12731056
13.22,229.9228215827506,0.29350346
13.23,215.29838071027456,0.54950815
13.24,194.9158491184576,0.40256208
13.25,186.54855859266308,0.20722826
13.26,184.15884759048117,0.6745293
13.27,183.06127471087098,0.7531916
13.28,183.64110982632215,0.6749595
13.29,185.8489354945159,0.4888848
13.3,188.67933417236105,0.39138442
13.31,191.99214964094654,0.6785105
13.32,195.44143270485804,0.8150544
13.33,199.0530490902363,0.74855393
13.34,201.69495429162706,0.60228175
13.35,202.0263568733699,0.48132366
13.36,201.07260084007973,0.59255034
13.37,220.8402094651775,0.30446
13.38,253.97248181474023,0.7448895
13.39,288.7597967656602,0.81056935
13.4,314.99499672015537,0.9338988
13.41,351.4963305960907,0.9508135
13.42,346.43558132329224,0.8981924
13.43,342.43963500203745,0.6206681
13.44,345.1069129497916,0.6750637
13.45,351.4440811999607,0.8142797
13.46,359.6855812965723,0.8361949
13.47,381.5644263293265,0.67937195
13.48,388.1351822037018,0.88669205
13.49,389.98292409137804,0.8522919
13.5,388.31881544184137,0.6289722
13.51,360.82109942527376,0.27182487
13.52,350.13432279117745,0.5774236
13.53,347.5128811452395,0.3547402
13.54,349.31365874446465,0.08903945
13.55,317.3011699815644,0.1857662
13.56,271.0602511562907,0.3927209
13.57,242.88702358125852,0.28316215
13.58,230.9690778670327,0.22467205
13.59,229.8226085306838,0.24190927
13.6,242.9639160894234,0.39693418
13.61,249.06960959295725,0.7518963
13.62,252.17925456025517,0.7955224
13.63,256.2807333157139,0.7024655
13.64,284.85707120002087,0.24774845
13.65,314.6195571499368,0.4714769
13.66,331.91811295711835,0.8181302
13.67,334.8943922230369,0.8982582
13.68,336.6676629080663,0.8968931
13.69,336.1596471561618,0.89924127
13.7,333.0993859865886,0.87402385
13.71,330.1182649194953,0.8797179
13.72,324.00776214432375,0.8369493
13.73,319.8371703643386,0.89093727
13.74,310.2444152610448,0.38370523
13.75,294.04482622821286,0.4276553
13.76,284.63604849518424,0.3520354
13.77,277.6219695268857,0.6296269
13.78,277.30018792442826,0.77178395
13.79,278.1780688635644,0.87814885
13.8,281.6900106027864,0.78248066
13.81,294.34153664617986,0.46567065
13.82,303.84689802352364,0.57827246
13.83,308.26498982564175,0.8475884
13.84,310.13042978122354,0.9214976
13.85,310.4935427222127,0.9295791
13.86,289.6656239803732,0.91446364
13.87,249.74529960923405,0.85177237
13.88,226.4344341438129,0.67649907
13.89,202.1547393997683,0.46068108
13.9,176.82837792409944,0.25954244
13.91,159.92641199177936,0.20189482
13.92,156.04211264522152,0.4367922
13.93,154.51924285415612,0.6156007
13.94,154.0385930279108,0.4519358
13.95,155.25550475110035,0.17998007
13.96,155.26455878174355,0.46730068
13.97,155.48781826638728,0.35688207
13.98,156.78955318368028,0.3756989
13.99,156.910824471304,0.31569532
14.0,155.84204356152244,0.49528837
14.01,152.72369343460377,0.35525075
14.02,165.3430477110177,0.5570479
14.03,189.87839834408078,0.13278663
14.04,209.1903211750505,0.21382783
14.05,207.83463966130185,0.49163023
14.06,207.29663092074196,0.7740958
14.07,206.11667642540564,0.8640664
14.08,204.06081162467808,0.853201
14.09,201.4954122861551,0.73931205
14.1,200.5513711108115,0.59211254
14.11,181.6022181926755,0.09439398
14.12,187.9072305510067,0.035883643
14.13,198.6498441755536,0.16992742
14.14,204.826927574527,0.56973433
14.15,217.73657352916825,0.11414128
14.16,231.51865604940983,0.08398098
14.17,239.8820240776049,0.23993255
14.18,246.21642952771475,0.35435063
14.19,240.0030248876933,0.4774559
14.2,226.86385718908855,0.4580907
14.21,224.8093968840804,0.69232726
14.22,224.865169970772,0.80321693
14.23,223.97389531368574,0.876552
14.24,223.49494155145555,0.903052
14.25,224.16334727491068,0.8631693
14.26,225.36714517679025,0.8281127
14.27,227.45236335788036,0.7549025
14.28,230.0357793791758,0.7703293
14.29,232.75479783630834,0.7970046
14.3,237.244419207602,0.8400974
14.31,240.20679594330937,0.88488567
14.32,242.9523984129415,0.9188181
14.33,244.44463213281992,0.9365358
14.34,244.4949984379073,0.9387429
14.35,244.10536852988187,0.90625626
14.36,241.26319063311763,0.7872013
14.37,236.41356342809115,0.7431745
14.38,232.00743586897917,0.7898288
14.39,228.82641454525708,0.844945
14.4,226.06600521738153,0.8364272
14.41,224.93295426809203,0.8050276
14.42,221.99729222764938,0.814788
14.43,219.72757913493996,0.83046436
14.44,216.6305692767807,0.80747795
14.45,217.3866098110501,0.7574345
14.46,221.44266930704364,0.5181718
14.47,246.96023926541,0.2729932
14.48,256.3092355967044,0.42395964
14.49,268.8671725223071,0.5143886
14.5,274.7911755383638,0.7195259
14.51,278.37337192768047,0.86723125
14.52,278.480767403067,0.8879286
14.53,277.71253208289676,0.8085404
14.54,276.7014092252161,0.68915904
14.55,277.8515211584439,0.58459234
14.56,278.21449093787413,0.6281479
14.57,276.9761331753128,0.55449396
14.58,279.3734708531635,0.3177865
14.59,259.9099556522036,0.39009082
14.6,245.59820693857347,0.52472275
14.61,238.0703008859061,0.7717472
14.62,235.9702818040285,0.78811944
14.63,236.91775488686247,0.59844095
14.64,250.60809404764723,0.732728
14.65,256.19516054621704,0.83627844
14.66,262.2349789315895,0.7991613
14.67,269.5877940511047,0.7453154
14.68,272.0680171688065,0.7457746
14.69,275.69228205970154,0.39740902
14.7,291.80417737399586,0.61427236
14.71,290.3909889372916,0.69434017
14.72,285.75738964036793,0.6669006
14.73,280.3135233903175,0.5713874
14.74,267.56276030797426,0.61198896
14.75,254.46863852141684,0.63829154
14.76,245.4191335040076,0.5777365
14.77,237.7257346256108,0.15886125
14.78,211.97629052792846,0.7841997
14.79,200.78127374100703,0.49867707
14.8,223.26033104694523,0.6615289
14.81,224.92675007761045,0.39149028
14.82,242.95995985856422,0.14198013
14.83,266.8793605582178,0.25425953
14.84,286.1870064281129,0.24135312
14.85,276.17666787318444,0.6160403
14.86,271.0823803111257,0.5383509
14.87,250.32443265980578,0.37833053
14.88,242.49893920802663,0.38608024
14.89,236.84183008783248,0.4013041
14.9,213.9945214976402,0.115165815
14.91,206.374822392377,0.16016681
14.92,217.96235310535113,0.103539184
14.93,242.31439572337936,0.08940991
14.94,265.2626256932668,0.081018396
14.95,288.0931694778754,0.09134016
14.96,301.54113852168325,0.07662487
14.97,302.3958288698985,0.43000054
14.98,302.3703453009366,0.4948432
14.99,301.1772300594562,0.70160246
15.0,301.4961924106333,0.7914216
15.01,304.9829638168006,0.6881709
15.02,308.23365254416507,0.4936551
15.03,310.52833952622103,0.49310306
15.04,311.63000639275555,0.8264582
15.05,310.26203511469186,0.7641895
15.06,308.2317338839093,0.47492033
15.07,303.2815778233063,0.27002695
15.08,296.7540525142218,0.4052042
15.09,281.0341689602332,0.2752525
15.1,265.283679726966,0.32419765
15.11,237.3755324180777,0.2497294
15.12,220.1957561355415,0.35282162
15.13,214.27504067269953,0.6225161
15.14,210.51668355111946,0.8680962
15.15,209.23563665359006,0.88646597
15.16,211.16576087818072,0.8070895
15.17,220.6403147243373,0.6589777
15.18,230.07299606550728,0.74788225
15.19,233.60557442520044,0.92668545
15.2,234.83220611228887,0.93870187
15.21,236.38494277692462,0.917367
15.22,238.61906202289066,0.91672707
15.23,241.72467409566224,0.96689457
15.24,243.3462573181498,0.9453884
15.25,244.04913549756006,0.91845113
15.26,243.56071349935408,0.8135645
15.27,242.15801298499233,0.72363704
15.28,240.5507169749563,0.7266435
15.29,229.43710691932367,0.4184968
15.3,221.57455175189438,0.6688449
15.31,212.53155101307345,0.32603082
15.32,199.68470047030135,0.2038725
15.33,190.41654146079028,0.14421578
15.34,213.06007421553227,0.14103562
15.35,238.15695907209346,0.22288688
15.36,262.25199162900617,0.31152678
15.37,290.14725995963397,0.40820676
15.38,330.9347349106529,0.4602911
15.39,356.5371051995024,0.33038965
15.4,350.36811782626205,0.45531535
15.41,347.8440554807002,0.39569563
15.42,348.1716042565526,0.20823169
15.43,356.7231360093745,0.023723409
15.44,381.51852113635744,0.053824276
15.45,397.6470525849836,0.10750375
15.46,404.65268606526143,0.1592722
15.47,411.9786420074164,0.23590271
15.48,416.269801899399,0.06046193
15.49,414.8096533679782,0.04286581
15.5,402.9036060629836,0.1696114
15.51,431.2854003404852,0.29233226
15.52,432.9804809569038,0.27705252
15.53,417.5509530861872,0.12984629
15.54,398.18420000717276,0.05182955
15.55,381.86906669251533,0.036118172
15.56,347.3820138747881,0.045837328
15.57,333.37460285736137,0.30935127
15.58,312.90294450806147,0.23373342
15.59,294.1057965634912,0.1602087
15.6,273.0476046405169,0.08282837
15.61,259.8111574680981,0.20490469
15.62,244.42706663915047,0.13205071
15.63,234.09284289136693,0.24744345
15.64,226.99688150657576,0.24674396
15.65,250.94134942491348,0.16386913
15.66,270.33726787190074,0.053151403
15.67,295.8816881633916,0.18281327
15.68,314.49822746501843,0.3038953
15.69,321.4934141279218,0.3584506
15.7,325.854627210834,0.11490813
15.71,331.37505811977746,0.22175822
15.72,325.3064554730935,0.09134865
15.73,306.38942721930243,0.12768771
15.74,302.0778296293237,0.039700776
15.75,292.12082992533885,0.06542075
15.76,269.96880580074685,0.24133234
15.77,256.99051145926626,0.1536836
15.78,247.62175041857276,0.19717915
15.79,227.81818646741937,0.331143
15.8,225.09204446576686,0.4553098
15.81,222.7147693027116,0.6126529
15.82,222.8110492760855,0.6496589
15.83,222.11207035745537,0.51647997
15.84,223.323992393468,0.31656915
15.85,214.51252182995944,0.22131991
15.86,232.18206689434172,0.30721417
15.87,251.00403470760875,0.4259397
15.88,285.17572987443106,0.48097324
15.89,308.12887920428966,0.36719134
15.9,332.2602541495422,0.25106716
15.91,376.33185390605865,0.14052957
15.92,398.41985694710684,0.13624255
15.93,392.6812127189662,0.6060817
15.94,383.5870750835171,0.59946775
15.95,377.52168896359075,0.67858326
15.96,377.0891122969148,0.7769083
15.97,379.4087863185342,0.89712214
15.98,379.277794217013,0.84796333
15.99,374.7774163407359,0.7444683
16.0,373.9813337599419,0.77665406
16.01,377.9945008552792,0.82105225
16.02,380.2055874349131,0.8401418
16.03,379.6875526807611,0.89258564
16.04,375.9206513272681,0.89336205
16.05,371.43091275156195,0.92804164
16.06,367.92882313425315,0.9210755
16.07,366.3358770738557,0.9352813
16.08,365.19859072120204,0.897299
16.09,363.7706567406493,0.8520053
16.1,358.8868400124626,0.7969673
16.11,351.278879755159,0.7991757
16.12,345.13624762007333,0.8121267
16.13,346.53468581826166,0.8195754
16.14,353.08725139309945,0.87033707
16.15,361.4822512911451,0.705588
16.16,388.1928452759174,0.7769673
16.17,392.4285770936367,0.67475426
16.18,400.46591862548644,0.7216397
16.19,403.2221170268255,0.92395127
16.2,401.45107399286394,0.93183553
16.21,398.3771959246513,0.90700126
16.22,394.36531537079185,0.86236507
16.23,390.8433333967927,0.6641661
16.24,360.2825953278434,0.6056075
16.25,350.19581617751044,0.58402604
16.26,347.5594190563192,0.5776074
16.27,340.1944576504284,0.46133065
16.28,329.5324689621247,0.3117969
16.29,301.246523648021,0.26680958
16.3,272.67665501051636,0.54986596
16.31,268.6575802963336,0.41352648
16.32,244.01320504901548,0.35505998
16.33,260.08068596493024,0.18344411
16.34,288.16287196019107,0.441877
16.35,316.73021625836424,0.5621273
16.36,346.4301481863346,0.6695823
16.37,357.9655574064657,0.6309189
16.38,361.54989410208987,0.711261
16.39,362.5260708353773,0.81786937
16.4,360.74535646620336,0.6463148
16.41,368.9381468415469,0.42124638
16.42,365.8167447046315,0.47734004
16.43,336.78024427641054,0.11078248
16.44,299.6999456574873,0.09350655
16.45,264.87877417794004,0.0508053
16.46,242.96048287526202,0.109047055
16.47,217.9100322935452,0.24175237
16.48,221.07948685958561,0.32021415
16.49,226.66525167721002,0.39983976
16.5,237.01546477403593,0.51082605
16.51,244.34967240724137,0.76676214
16.52,248.29248093852368,0.85862654
16.53,251.3865761022592,0.6093374
16.54,247.94280015451284,0.37842363
16.55,240.26230460924984,0.34795177
16.56,235.8404450591733,0.5849624
16.57,231.6615933097877,0.5648157
16.58,229.24194613445417,0.43676817
16.59,238.44964741237686,0.3425919
16.6,240.93324384922994,0.52214617
16.61,244.6417904729288,0.636463
16.62,246.2827190766009,0.6015209
16.63,254.92988967859907,0.4170388
16.64,248.33549863335492,0.2789239
16.65,249.79043043845144,0.438558
16.66,243.03158056732855,0.68481046
16.67,241.06039839909454,0.8076471
16.68,238.8399331819718,0.86342597
16.69,237.02968025552022,0.89718884
16.7,235.3128652896379,0.9043245
16.71,234.8499166989651,0.9362404
16.72,235.05036416841435,0.9191034
16.73,235.72202125473734,0.89353573
16.74,236.70055910603855,0.90356636
16.75,238.7982678514614,0.9028249
16.76,241.18947458864687,0.9390601
16.77,241.98356570798114,0.9659207
16.78,241.89484542246447,0.9645313
16.79,243.22609371936505,0.9229334
16.8,247.19815871102568,0.77540565
16.81,253.0996324561497,0.80747974
16.82,258.06104092360033,0.89876
16.83,258.43970411899494,0.92395276
16.84,256.9655749477683,0.96264875
16.85,256.6935591642604,0.97513676
16.86,257.50920461486476,0.9669001
16.87,257.74825444767083,0.95626676
16.88,257.01842457297255,0.9576745
16.89,255.76204473442485,0.9118421
16.9,253.98651529345003,0.93510205
16.91,253.41496772252162,0.94893694
16.92,253.16267628286022,0.9380985
16.93,251.89041562699248,0.8646641
16.94,247.48099626086866,0.8071832
16.95,244.86048093336225,0.8718805
16.96,243.8900757376798,0.8498354
16.97,244.55065787202085,0.8892625
16.98,246.9185079865653,0.8366503
16.99,250.15148977829827,0.8128227
17.0,252.70590289018702,0.75723726
17.01,255.91983228495394,0.8532297
17.02,255.85683829388313,0.90489155
17.03,255.11452825809346,0.9226821
17.04,255.00389348816856,0.9374641
17.05,257.56694487614686,0.9513668
17.06,258.5886612883116,0.92568105
17.07,254.96613967075086,0.878422
17.08,251.5030589610128,0.8838413
17.09,250.92788649196905,0.9050345
17.1,251.01367114325149,0.87226623
17.11,254.0009874926896,0.8629387
17.12,255.58633462285766,0.8774309
17.13,256.37693368287734,0.8744333
17.14,256.8329962956053,0.84922224
17.15,257.5454790154903,0.8404936
17.16,258.6500989824091,0.8938706
17.17,259.2238690424047,0.89334035
17.18,259.56465521409723,0.8731271
17.19,258.9264861699239,0.7131924
17.2,256.86967398872804,0.59622407
17.21,251.36589212196446,0.5256852
17.22,245.678019941508,0.57489514
17.23,241.50890532424467,0.69074374
17.24,237.98526196822422,0.69854933
17.25,234.90354609754286,0.8152108
17.26,234.30409039679796,0.9048677
17.27,235.90833232692535,0.8716112
17.28,239.4975265491094,0.8647676
17.29,247.35057373786194,0.7825571
17.3,252.37259057032358,0.7975689
17.31,256.1167795921059,0.7251329
17.32,259.38054862901464,0.53656167
17.33,266.36701866757346,0.36398694
17.34,274.9808572573096,0.35347828
17.35,279.1420836502155,0.628255
17.36,277.35604814115663,0.72703534
17.37,271.3746741346625,0.772118
17.38,263.44089177699743,0.7560407
17.39,256.84154162910903,0.79009235
17.4,251.6702827747905,0.7002208
17.41,244.72516154561885,0.6363401
17.42,241.67478418355552,0.7645304
17.43,242.86943658478575,0.7788832
17.44,242.4490960629062,0.45146888
17.45,223.85834660343045,0.69729185
17.46,224.2720070982325,0.8624327
17.47,227.36940808496016,0.8263293
17.48,233.58753732407905,0.7697842
17.49,239.68953254704726,0.8461805
17.5,243.33640111815785,0.86276263
17.51,244.73882843541193,0.87415427
17.52,245.02779449872526,0.89274967
17.53,245.12927555643603,0.9346723
17.54,244.79620071053625,0.93669033
17.55,245.78411410142093,0.92852175
17.56,246.49063163802572,0.9236983
17.57,245.51838170682038,0.9387126
17.58,242.81535131814852,0.73638946
17.59,226.473231167871,0.3711365
17.6,220.0190827849316,0.38995314
17.61,193.6589231971905,0.3381691
17.62,176.42068798301432,0.5051512
17.63,165.4182789012344,0.44643688
17.64,160.65424689574422,0.42553037
17.65,152.4629425712325,0.15423098
17.66,135.89858754100612,0.15467319
17.67,129.75424296709065,0.0635816
17.68,120.73092805022505,0.015017541
17.69,114.65853274208231,0.10947628
17.7,109.8255918202468,0.11784723
17.71,103.60773071066731,0.10349103
17.72,95.3857473112263,0.08734552
17.73,87.59143770746405,0.12893532
17.74,88.45499899783164,0.15966345
17.75,89.49222297628104,0.2085525
17.76,88.6714710116461,0.21473324
17.77,85.90695128450726,0.27134034
17.78,79.3055053572389,0.17812204
17.79,73.33780229374997,0.13068733
17.8,68.47414541008023,0.19268286
17.81,63.56939290718426,0.1871492
17.82,58.287100833891266,0.32000777
17.83,55.19677619630407,0.18559141
17.84,55.3120525981905,0.36077106
17.85,48.7360046566411,0.15480138
17.86,43.2911881065068,0.46494922
17.87,43.166625733101974,0.38648477
17.88,42.976885695374065,0.44246897
17.89,43.01078651685997,0.3470855
17.9,42.57849122593243,0.16232206
17.91,41.401524392506424,0.32544053
17.92,40.27198010112653,0.26116905
17.93,40.528057872837735,0.23213714
17.94,40.49636387781854,0.11688246
17.95,38.847925745493264,0.34356675
17.96,37.93137302185842,0.079764
17.97,36.94783332682025,0.086558536
17.98,36.13873850328021,0.36324316
17.99,36.043460007188315,0.09400661
18.0,34.994445625638456,0.038628355
18.01,38.64518976960019,0.07659007
18.02,43.04546115325864,0.04689821
18.03,44.03761441494875,0.098024055
18.04,46.66694513735693,0.09551298
18.05,49.25908126811489,0.1870693
18.06,51.77661402931537,0.62257373
18.07,54.693219785796146,0.54548293
18.08,58.79312063436565,0.340101
18.09,62.36161507828493,0.038853858
18.1,66.57977296370075,0.042746954
18.11,69.17377495197081,0.037145283
18.12,75.4085247787121,0.055881828
18.13,78.07585859008617,0.24021639
18.14,76.66699361844452,0.06972874
18.15,76.78583857684629,0.059351478
18.16,82.52909357756394,0.07808462
18.17,90.94871630753845,0.2171427
18.18,102.35149938861602,0.36491445
18.19,112.58667060262755,0.65901273
18.2,126.48449036659257,0.0837081
18.21,140.4217714043966,0.10374695
18.22,151.62592534794047,0.26818976
18.23,154.77861671278595,0.41341147
18.24,164.7626620462666,0.69899976
18.25,167.36407809889087,0.7895156
18.26,171.70120079750046,0.8259316
18.27,183.27063742118128,0.7936567
18.28,206.76825254284128,0.33590168
18.29,233.23804871522313,0.25844377
18.3,256.13016854014296,0.50488424
18.31,276.72258005178105,0.36783254
18.32,281.89870501896536,0.67112327
18.33,290.13647376491656,0.7326642
18.34,297.4715087851312,0.8121675
18.35,304.6705761670221,0.594221
18.36,322.3763295345267,0.43942583
18.37,331.2310185565567,0.41573164
18.38,355.173994093528,0.5161668
18.39,364.6423532618717,0.71560365
18.4,368.7937016635409,0.8479701
18.41,368.33108322521,0.79982454
18.42,365.6962967043967,0.81844103
18.43,362.2655579757055,0.7536303
18.44,353.5608434647617,0.6229903
18.45,343.0078614496122,0.57969844
18.46,340.05983138111924,0.4428079
18.47,303.2275167132857,0.33746654
18.48,266.0018343122612,0.6945831
18.49,263.588419812495,0.82614195
18.5,266.6132718363261,0.6387573
18.51,277.9751385344209,0.5373156
18.52,289.6390312551011,0.6522949
18.53,295.82552750481995,0.7764029
18.54,328.5412787962497,0.6335385
18.55,332.0046290965362,0.7496687
18.56,344.5067033053272,0.6079536
18.57,352.55146020856364,0.8353271
18.58,356.2188767650541,0.8877155
18.59,356.9084445543223,0.86945724
18.6,356.87994177648807,0.85326093
18.61,355.07733888675784,0.87332755
18.62,352.07357130962714,0.7937283
18.63,349.1949329242786,0.45264083
18.64,348.7716226432886,0.23627022
18.65,354.3486635028208,0.4129747
18.66,353.96534770780363,0.7266865
18.67,353.90010243179086,0.697155
18.68,353.3316601529241,0.8096164
18.69,350.5620405508605,0.9164129
18.7,347.5308616104629,0.89758945
18.71,344.33879178449496,0.8531433
18.72,344.79383809537546,0.88211846
18.73,348.39735578844204,0.90409505
18.74,350.55628969715576,0.95388645
18.75,351.96743086937954,0.9158445
18.76,354.1923736279417,0.9323027
18.77,354.7486440862636,0.93678236
18.78,353.97650494238627,0.8643543
18.79,355.5536248920084,0.819967
18.8,357.18748470414,0.79443306
18.81,357.47700335890363,0.64391774
18.82,366.55453385568035,0.5241603
18.83,363.6174427010204,0.7563039
18.84,358.8116209674323,0.839581
18.85,353.21559928573237,0.81274796
18.86,348.99260971364174,0.8410524
18.87,346.48271112261784,0.8514382
18.88,344.1031379618016,0.8045864
18.89,342.0865625549121,0.7609646
18.9,340.0471192631594,0.661587
18.91,341.7723502306151,0.7104054
18.92,343.19220239600753,0.6633598
18.93,346.51725598474934,0.6425793
18.94,352.249685314078,0.57465786
18.95,358.7059806960212,0.6021561
18.96,368.08660090907574,0.46989927
18.97,380.39010648827946,0.455784
18.98,387.2358486049376,0.72926885
18.99,389.4156232396517,0.87548864
19.0,390.42575662792717,0.904047
19.01,389.0771218478691,0.88899666
19.02,385.4211277237669,0.7585989
19.03,378.7926492491329,0.778991
19.04,373.69795816521025,0.84937567
19.05,365.91236524320436,0.76579714
19.06,359.3085059853421,0.81869113
19.07,353.8736400639798,0.8651723
19.08,347.08978029575036,0.80898327
19.09,339.7871637966312,0.6627422
19.1,330.66303979931195,0.76066077
19.11,328.07368757533834,0.8963873
19.12,329.5856190315036,0.9261292
19.13,331.5737994391458,0.9361992
19.14,332.81126991188984,0.88768715
19.15,335.26063210765335,0.7789938
19.16,339.9084970735833,0.55679494
19.17,348.326271354178,0.50540674
19.18,394.65025501130003,0.797906
19.19,408.0540405884938,0.9237836
19.2,406.34495009625675,0.9123826
19.21,402.4114531913463,0.91182685
19.22,398.17287028802974,0.892961
19.23,392.1187602172382,0.8132908
19.24,380.8225516491893,0.71236175
19.25,374.7834293095196,0.82992935
19.26,372.6972624841544,0.8663662
19.27,373.0633377235015,0.74959576
19.28,371.0043170246558,0.5706219
19.29,359.7170216952659,0.52336997
19.3,348.433998683173,0.44071227
19.31,341.032127711672,0.6808237
19.32,348.26230473284346,0.8575196
19.33,352.5880817371762,0.92076486
19.34,355.68063256372113,0.9344303
19.35,359.0915731757573,0.8913698
19.36,378.0401950932116,0.6201489
19.37,384.5454107085127,0.9071767
19.38,385.9551286121198,0.8285326
19.39,383.7724931337384,0.58505374
19.4,382.29641129592767,0.6029877
19.41,384.52728012795774,0.8417067
19.42,381.38041312202813,0.88713616
19.43,376.8061174593657,0.8386311
19.44,370.2010175541583,0.80844486
19.45,364.3537007650361,0.74396014
19.46,355.1016852154833,0.69219804
19.47,346.6902398417368,0.73142576
19.48,337.2059655406174,0.72035396
19.49,333.4487466862021,0.8578306
19.5,333.43386029463744,0.8963617
19.51,333.2114313976098,0.9009216
19.52,334.2857382023871,0.90829974
19.53,338.26310704045113,0.7739229
19.54,346.51123307236134,0.6148302
19.55,355.1891210972849,0.4333675
19.56,366.71330468461133,0.37713367
19.57,379.4259280265043,0.61905485
19.58,381.5219730510994,0.749802
19.59,380.99230142007696,0.7623214
19.6,379.0704293024819,0.6746056
19.61,375.88415962614374,0.8001778
19.62,373.2392698623146,0.822464
19.63,371.46392153162583,0.8129854
19.64,368.0065267424776,0.70764965
19.65,360.7268926023687,0.68790513
19.66,352.55655215058607,0.78727263
19.67,348.0921533049461,0.8608043
19.68,342.43033859947025,0.66256607
19.69,332.66706942739853,0.53514117
19.7,325.9300459272182,0.6993449
19.71,327.62880315384496,0.688924
19.72,331.5633098037023,0.651453
19.73,337.15599237409594,0.4843489
19.74,350.40233102473854,0.45692036
19.75,391.0965310835198,0.37674642
19.76,397.8613129119771,0.8527596
19.77,401.2092008663,0.88234496
19.78,401.79405905480166,0.84679407
19.79,400.3132620117165,0.6971597
19.8,397.0095328482806,0.65379393
19.81,390.5389032824353,0.662244
19.82,378.8963419530981,0.5914068
19.83,370.4353720867493,0.49497974
19.84,376.1779774206881,0.35991383
19.85,351.23251779205026,0.4792559
19.86,342.2665422172395,0.37141603
19.87,324.74522619520627,0.7731477
19.88,318.3004699284368,0.8701392
19.89,314.094225322837,0.89799684
19.9,312.1245796290634,0.8498906
19.91,344.83805942956053,0.2884047
19.92,378.9606789845956,0.24975818
19.93,394.2518723873163,0.8618722
19.94,398.65756928223425,0.9440615
19.95,401.72057238894354,0.91372204
19.96,399.9078697228637,0.7927886
19.97,393.52487232548236,0.719769
19.98,388.6490794234564,0.6572232
19.99,386.36718219425853,0.4474853
20.0,392.0973333158844,0.5883161
