0.6021193,0.41238785,0.40633836,0.50931823,0.42425275,0.73388654,0.9922207,0.95369136,0.91406035,1.0,0.76776356,0.667956
0.51821846,0.55718035,0.6931527,0.6699583,0.54671043,0.7794359,0.9778347,1.0,0.72442275,0.81707954,0.7039032,0.6679518
0.3361723,1.0,0.7074124,0.10738475,0.093950145,0.25770468,0.59115094,0.5417905,0.24933285,0.28120226,0.24374321,0.27959034
0.119175635,0.74496865,0.26035547,0.012501144,0.021880502,0.24140833,1.0,0.3501781,0.019641317,0.013551048,0.01594744,0.018581916
0.12000617,0.29122198,0.08580905,0.013278197,0.06920725,0.77869564,1.0,0.17722984,0.00889215,0.011511925,0.007776928,0.018533505
0.09223999,0.09483714,0.037007358,0.039248966,0.09694493,1.0,0.8440135,0.15019695,0.040742457,0.019659372,0.010294373,0.018532958
0.045689013,0.06922649,0.07529371,0.25623724,0.20215002,0.70174974,1.0,0.5107922,0.5146594,0.22340786,0.030263988,0.019735482
0.010506809,0.013650035,0.035341952,0.24430896,0.2998762,0.09453274,0.18044415,0.29167002,0.5842706,1.0,0.18897948,0.01162663
0.030179136,0.041276477,0.012486798,0.023210716,0.079087466,0.026860293,0.07591795,0.18522075,0.46815073,1.0,0.1963661,0.023754131
0.12186373,0.12539238,0.028407233,0.022211015,0.032909717,0.03315546,0.11337399,0.39798275,1.0,0.93945676,0.1373273,0.04849348
0.23429468,0.18866582,0.060244545,0.047328405,0.04103151,0.07442073,0.21072367,0.78777075,1.0,0.6735055,0.14293528,0.08193492
0.16682032,0.18707542,0.16528773,0.29304603,0.138854,0.0969753,0.19193739,0.59395856,1.0,0.71066684,0.21512188,0.15138176
0.3618022,0.586683,0.19181412,0.29373837,0.23796608,0.3909603,0.69172025,0.41121292,0.6142249,1.0,0.38356864,0.3427439
0.15954003,0.26940194,0.08946471,0.13622934,0.14932966,0.5640749,1.0,0.25936228,0.358253,0.61063504,0.1657384,0.09149644
0.080273636,0.076102585,0.061803173,0.09941076,0.10741081,0.5671878,1.0,0.19229893,0.38866428,0.5754241,0.11252817,0.04031733
0.065185495,0.0766659,0.055994537,0.14778392,0.18358316,0.80603886,1.0,0.1823736,0.27351376,0.28424942,0.06002896,0.026420487
0.1362318,0.12134945,0.06579021,0.25014824,0.38486922,0.78997594,1.0,0.36539623,0.22832088,0.2650505,0.09003229,0.0331742
0.26457444,0.23334448,0.15163761,0.22754179,0.40027297,0.86230737,1.0,0.6024612,0.43633673,0.520154,0.2437591,0.14236918
0.30875713,0.57296586,0.33974534,0.25208586,0.32138792,1.0,0.9548164,0.76091003,0.8093035,0.92991763,0.77872413,0.44791535
1.0,0.34522653,0.0729797,0.06531303,0.114879414,0.35619035,0.32405475,0.3336861,0.6737211,0.62543017,0.23265155,0.61297864
0.57357234,0.040753964,0.004041104,0.015033877,0.013426977,0.027107881,0.089263245,0.055753436,0.096742235,0.19459483,0.19977339,1.0
0.14586742,0.0036652582,0.0009848594,0.0022225005,0.0010745538,0.0054276087,0.018821461,0.007976685,0.034507394,0.0849465,0.60210407,1.0
0.060052913,0.0010433834,0.0005391876,0.0005462207,0.000248106,0.0016641635,0.0019575339,0.0018093552,0.010062187,0.060295753,0.9187055,1.0
0.0988822,0.0031587812,0.0005831312,0.0006674589,0.00023713775,0.00057521247,0.0010061729,0.0022870929,0.0121564865,0.07870744,0.91300505,1.0
0.21162191,0.015780471,0.002024559,0.0024324858,0.0021956842,0.0031946395,0.0059576896,0.008825589,0.05782847,0.229967,1.0,0.9310655
0.14973727,0.023328362,0.05336539,0.09126702,0.04727461,0.07498047,0.10919304,0.10899094,0.15843992,0.44974986,1.0,0.5103563
0.18679415,0.023543356,0.024791501,0.05365006,0.02795689,0.047882862,0.10446075,0.11282244,0.13115382,0.14612855,0.8252592,1.0
0.16184643,0.04609475,0.016794631,0.059658915,0.0383998,0.1027859,0.21863933,0.10774832,0.12402189,0.28066432,1.0,0.7590084
0.15368694,0.059791677,0.03676691,0.07814706,0.046486754,0.17614518,0.29700935,0.15534185,0.15725219,0.5114588,1.0,0.51466036
0.13502358,0.03700501,0.038921546,0.047446392,0.034639932,0.04021891,0.054385386,0.06911877,0.06626446,0.14766878,0.8414789,1.0
0.84648716,1.0,0.58331734,0.13155597,0.07369538,0.14021465,0.43288985,0.18287222,0.039151903,0.034934103,0.12022257,0.39276993
0.8445097,1.0,0.57327014,0.16650334,0.06835265,0.054002255,0.20095879,0.14716661,0.023573063,0.016627377,0.03767415,0.27347088
0.9681727,1.0,0.6882051,0.35362324,0.18694606,0.25198078,0.47387567,0.28247774,0.08153508,0.099179864,0.6405749,0.9833268
0.03758302,0.03120914,0.047360267,0.023423342,0.034534954,0.124317095,0.090829045,0.04495253,0.032299466,0.30907896,1.0,0.2604417
0.0098053925,0.019213133,0.022701472,0.0044639786,0.03568467,0.06649087,0.014924251,0.019076873,0.026810467,0.64330894,1.0,0.06838396
0.020135947,0.032377325,0.02533497,0.015204275,0.08703238,0.07924488,0.026041592,0.044072133,0.0801401,1.0,0.9061152,0.061331417
0.046491895,0.07393311,0.062168606,0.057074256,0.1114771,0.11896617,0.09016925,0.16818817,0.51541805,1.0,0.625863,0.12323986
0.038797047,0.06331939,0.0442848,0.043057032,0.04021821,0.03655639,0.04461254,0.17334878,1.0,0.93690664,0.1483189,0.052303977
0.004813046,0.007835973,0.007472897,0.010477687,0.01031008,0.00426887,0.0050128605,0.1026381,1.0,0.6349679,0.032689597,0.0063922396
0.0013654007,0.002909762,0.0027297656,0.0050392156,0.003786774,0.0023809513,0.009057923,0.20188698,1.0,0.36318493,0.010406175,0.000984239
0.002248287,0.0024005952,0.0033963365,0.0050279,0.0030538966,0.004423935,0.028856123,0.42748332,1.0,0.22182372,0.012304115,0.0029316251
0.008902717,0.011996283,0.0113053825,0.010269881,0.00828647,0.0140828425,0.05741413,0.4635571,1.0,0.23558468,0.05835763,0.020441657
0.027663223,0.04782999,0.028141433,0.01717158,0.0252757,0.04280305,0.045792658,0.20855853,1.0,0.76209325,0.17068268,0.066261455
0.16956,0.16406237,0.117340796,0.074960746,0.11680541,0.17349917,0.12779833,0.32058138,0.6105561,1.0,0.96113545,0.4694232
0.070092924,0.13307577,0.14770934,0.045280524,0.05341667,0.100068465,0.072469175,0.15469915,0.36265177,0.53263766,1.0,0.43108284
0.12490391,0.111842774,0.07553633,0.06916462,0.08927981,0.13048181,0.1862911,0.094954535,0.20290266,0.73372644,1.0,0.39560905
0.2289245,0.2440883,0.13388245,0.08629419,0.06981884,0.09459909,0.19326158,0.17868695,0.42501575,0.87101775,1.0,0.56530726
0.49047014,0.8433254,0.7425873,0.31143475,0.2098639,0.16616221,0.5772718,0.7648005,0.70736635,0.9863743,1.0,0.8855463
0.2074184,0.61497194,0.5430904,0.35429075,0.42795563,0.2296199,1.0,0.6427315,0.27643898,0.1556874,0.18823351,0.14787374
0.14838141,0.31659135,0.13040964,0.34764832,0.5011088,0.3844455,1.0,0.21400124,0.23040675,0.09866549,0.1235964,0.0898273
0.1986113,0.387647,0.18998533,0.46758902,0.61726123,0.38983905,1.0,0.35784903,0.21668157,0.10206261,0.11817291,0.10883266
0.16180348,0.30428782,0.2683814,0.28535354,0.42678446,0.22425126,0.9177713,1.0,0.17366946,0.08985092,0.085053615,0.07632309
0.04115918,0.055233564,0.055962496,0.09414872,0.18987727,0.16907094,0.41345453,1.0,0.20653597,0.037591893,0.029437836,0.0206607
0.021835389,0.023181757,0.006413986,0.011342436,0.03289253,0.11355942,0.27544445,1.0,0.2448461,0.033187408,0.02026911,0.0058921985
0.011038434,0.012241061,0.0040307865,0.005598312,0.008122266,0.057933036,0.43042496,1.0,0.1907218,0.031599212,0.02103705,0.007924818
0.009144853,0.008719765,0.0061702444,0.008204842,0.020946024,0.23101133,1.0,0.8338501,0.15199988,0.05678391,0.03737766,0.0162898
0.012184028,0.013594398,0.0119238375,0.024125045,0.21632896,0.9660808,1.0,0.30378583,0.187384,0.095294796,0.040613595,0.013766944
0.013943252,0.02118405,0.056366272,0.11760651,0.5100794,1.0,0.25295997,0.10356988,0.17891651,0.13366418,0.06151784,0.01133418
0.03692713,0.09108613,0.30249998,0.6614609,0.5456866,1.0,0.38810012,0.23696764,0.32110015,0.21066183,0.14607622,0.039760232
0.07336416,0.22619663,0.3304999,0.37091807,0.17430778,0.7273549,1.0,0.48163638,0.36847293,0.18972038,0.18386203,0.087099664
0.057697628,0.27849555,0.20928608,0.083889104,0.07671037,0.23284875,1.0,0.639435,0.25594014,0.16576499,0.18010092,0.07020615
0.02640259,0.086081475,0.06250531,0.036448084,0.059121888,0.3212169,1.0,0.38019967,0.14342934,0.12487297,0.1472842,0.044803694
0.025783602,0.08335834,0.0414795,0.024660077,0.05520559,0.51083374,1.0,0.25119266,0.2079857,0.07155137,0.050835177,0.01677433
0.06910769,0.09907044,0.069414906,0.038168654,0.092775576,0.78440726,1.0,0.24137829,0.26518196,0.066701986,0.03656727,0.033283822
0.39681792,0.3613993,0.4856932,0.18043956,0.19054145,1.0,0.78398144,0.099697135,0.15143497,0.052495264,0.03576072,0.06658585
1.0,0.97551715,0.3421338,0.14935806,0.06297517,0.33619004,0.31437993,0.043581717,0.08720672,0.04330343,0.034915254,0.06007765
0.4655632,1.0,0.31000057,0.043100696,0.020486332,0.12177229,0.2937742,0.09323189,0.019778844,0.014247115,0.010676713,0.02520374
0.103441276,1.0,0.9015234,0.0526839,0.021910712,0.041012194,0.50026083,0.40844595,0.021003991,0.008161896,0.006275822,0.019157156
0.038443472,0.53692263,0.77745837,0.07061381,0.10062202,0.17576928,1.0,0.71176076,0.03498405,0.017533053,0.0155724995,0.025143676
0.071505144,0.19207114,0.15136681,0.07152479,0.26337543,0.6297738,1.0,0.2443476,0.032706264,0.024421718,0.04159456,0.035369467
0.23163296,0.10445717,0.06749965,0.08341381,0.36248773,1.0,0.7475214,0.20371847,0.15753417,0.19182365,0.20406933,0.13849689
0.4207061,0.06594583,0.03195285,0.053982124,0.581581,1.0,0.17934547,0.10815471,0.32348937,0.5574165,0.39685264,0.34009203
0.31138277,0.054080207,0.02881389,0.036163185,0.6192609,1.0,0.12079774,0.027906656,0.15689372,0.34974837,0.25276855,0.20979427
0.1543257,0.03593665,0.022194395,0.061857183,0.669181,1.0,0.13643888,0.01764326,0.070051886,0.1898731,0.08654999,0.07023875
0.049132165,0.01734382,0.02202159,0.09133209,0.60901135,1.0,0.23982434,0.027542312,0.04457781,0.06920511,0.025238646,0.02230465
0.0635239,0.043507013,0.031664662,0.042932365,0.22630201,1.0,0.810231,0.1034199,0.04970692,0.054308847,0.055274736,0.04107054
0.3152231,0.24942717,0.1437921,0.07035181,0.13462329,0.43647423,1.0,0.38245147,0.24237894,0.19910517,0.20058799,0.2029489
0.71987647,0.2446827,0.1356201,0.05765655,0.2714876,0.75128573,1.0,0.6355377,0.38300973,0.23487568,0.19397907,0.38746044
1.0,0.19897409,0.049536586,0.016094364,0.18573663,0.6789103,0.36591634,0.12327158,0.1127554,0.09962278,0.14669657,0.45985496
1.0,0.29789713,0.11293796,0.027639205,0.118240304,0.722373,0.32469195,0.03720682,0.035111517,0.04267586,0.120983884,0.32047075
0.5659884,1.0,0.57925785,0.09820617,0.08656626,0.7407965,0.8450961,0.10994691,0.034023516,0.045701582,0.08517784,0.14337479
0.16185552,1.0,0.51548874,0.12721829,0.09741042,0.28595614,0.8422939,0.14110586,0.025236929,0.035871707,0.020984234,0.029884748
0.151999,0.4302403,0.12881483,0.12926131,0.24630094,0.7047809,1.0,0.107990324,0.026837206,0.032373644,0.027770506,0.034380823
0.057840064,0.04950188,0.025948206,0.035397023,0.23529758,1.0,0.34725818,0.051776346,0.028051998,0.024974203,0.020907104,0.038737327
0.071962886,0.016355984,0.023602422,0.017180104,0.24514511,1.0,0.2593524,0.06372433,0.041219164,0.029548254,0.017156387,0.058522485
0.19206499,0.0611966,0.06450782,0.04756592,0.40307882,1.0,0.615204,0.3742103,0.23407178,0.13757098,0.082931206,0.30659214
0.25257933,0.15908346,0.06452167,0.06854857,0.36638,0.7517251,1.0,0.5317418,0.29978296,0.25916302,0.17095217,0.3902405
0.07024515,0.16531818,0.030833324,0.023407068,0.056967042,0.39114362,1.0,0.2071826,0.049995527,0.054868605,0.058262575,0.039389163
0.02041183,0.13645075,0.052412197,0.014275895,0.03148554,0.12183416,1.0,0.4045376,0.036102306,0.049165007,0.05940854,0.021698356
0.016955722,0.11758531,0.057518296,0.024293326,0.051829755,0.108291306,1.0,0.46132207,0.041789565,0.06404906,0.0766399,0.028627636
0.029057307,0.105610944,0.045770124,0.027898949,0.08096921,0.19715768,1.0,0.35766542,0.044624988,0.11218375,0.0654825,0.030568138
0.15936013,0.116261445,0.043843493,0.058981404,0.28571862,1.0,0.84842527,0.20360225,0.11954671,0.15850481,0.0626332,0.059538238
0.21914701,0.119624674,0.07961447,0.10752691,0.6030808,1.0,0.21392642,0.05106243,0.08657422,0.07575218,0.048715726,0.18721078
0.24438293,0.25588655,0.13610771,0.23272152,1.0,0.9455574,0.33754653,0.11818409,0.06788415,0.10938467,0.10717057,0.3306825
0.25981793,0.75588036,0.13964276,0.1412146,0.37067124,1.0,0.995238,0.28392392,0.09418716,0.062260363,0.05888996,0.07187194
0.16630116,0.9104577,0.32821643,0.10398694,0.21539366,0.27846926,1.0,0.48620448,0.07424597,0.045423232,0.044863444,0.04402847
0.118199155,0.4956691,0.5866939,0.1349596,0.18035555,0.14834616,0.64897937,1.0,0.19127691,0.05760692,0.045421183,0.048161495
0.053706527,0.34134105,0.5426335,0.08928081,0.071178,0.10300268,0.44874975,1.0,0.20311663,0.037559412,0.029268758,0.01569214
0.86672306,0.98522115,0.40982595,0.07135645,0.15215798,0.46567798,1.0,0.6704142,0.08815204,0.045338266,0.09515776,0.34972593
0.6079555,0.14354008,0.032860816,0.04799273,0.11580079,0.21966399,0.13290696,0.05289158,0.035497025,0.046332598,0.31105682,1.0
0.21244399,0.038685586,0.07066384,0.1407894,0.080811046,0.09441483,0.09996002,0.1197868,0.049732268,0.27737442,1.0,0.9506205
0.100672185,0.04582126,0.08039406,0.13469958,0.049182132,0.085068084,0.15683894,0.18998063,0.10128261,0.35959595,1.0,0.34832948
0.19980846,0.14567228,0.08953373,0.0927512,0.10026255,0.34798858,1.0,0.7524184,0.33983058,0.33327731,0.985222,0.49370047
0.04394754,0.07264194,0.04267824,0.030290682,0.07514231,0.20712137,1.0,0.97693604,0.24262346,0.075928204,0.09195781,0.04147772
0.10741251,0.08323476,0.07470033,0.060745675,0.10244234,0.21499857,0.6360236,1.0,0.324312,0.09207454,0.089516416,0.11608384
0.35857436,0.20092696,0.17452839,0.32043093,0.28781304,0.31696704,0.49320647,1.0,0.6974917,0.31714582,0.28093725,0.3283889
0.37378374,0.30969048,0.25494686,0.42647767,0.32486695,0.42124733,0.5982459,0.7905996,1.0,0.71886086,0.54469585,0.3083765
0.5331555,0.24209319,0.30477452,0.15798885,0.31291047,0.6096079,0.6535553,0.6721619,0.3389708,0.72047764,0.7579272,1.0
0.40378526,0.19955467,0.2905787,0.23714477,0.23294017,0.5641138,0.8964956,0.78880244,0.29628628,0.28641656,0.58225185,1.0
0.10463272,0.07698528,0.104343444,0.1426021,0.1572265,0.30259982,0.7355876,0.8992996,1.0,0.6503693,0.46731013,0.18852997
0.068583146,0.036124453,0.024240427,0.03012483,0.07013473,0.37784982,1.0,0.98238945,0.5854027,0.19038895,0.14721061,0.19451152
0.082010396,0.021613937,0.016292244,0.019580128,0.078165345,0.80610883,1.0,0.3245864,0.16435845,0.062092155,0.098865785,0.27875713
0.10616932,0.02560972,0.017390028,0.01216892,0.041689456,0.5780986,1.0,0.20911391,0.071731925,0.048157524,0.061153434,0.18574119
0.17922084,0.04675081,0.024847437,0.012051535,0.01441524,0.19174784,1.0,0.6140041,0.13160801,0.084937595,0.06720224,0.09436858
0.056113414,0.021482926,0.019548958,0.009258992,0.014239049,0.08332828,0.6568479,1.0,0.20111574,0.08889018,0.051422097,0.029404655
0.016658228,0.01387429,0.014893886,0.0073038777,0.03044735,0.21473044,0.8811468,1.0,0.20020595,0.050492525,0.027825607,0.018426176
0.0056318864,0.007012257,0.0050937403,0.0038025703,0.01711356,0.20032105,0.7760038,1.0,0.29872394,0.033218853,0.0053557693,0.0055213626
0.0050919796,0.005028165,0.004737617,0.007181641,0.10990489,0.6697546,1.0,0.40543702,0.076555215,0.0126270875,0.00871883,0.008650249
0.0036149612,0.0027397648,0.0030951228,0.023842428,0.32656106,1.0,0.544219,0.0517041,0.013553926,0.008732317,0.012483696,0.012061653
0.007624451,0.0061897165,0.0053776265,0.07001275,0.6701083,1.0,0.39823166,0.07088701,0.017125327,0.015811536,0.020564154,0.017164234
0.041002996,0.033016283,0.04988674,0.076414876,0.25069475,1.0,0.8088723,0.24668019,0.17970826,0.09962775,0.08625234,0.09149303
0.06242776,0.06116829,0.097122446,0.09922559,0.085754104,0.334076,0.52700895,0.54929876,1.0,0.26084659,0.15190536,0.09600275
0.06938521,0.040504426,0.055794813,0.088753335,0.06669348,0.10967801,0.19842778,0.5984606,1.0,0.14203267,0.090246014,0.11077527
0.04789588,0.017576888,0.04435187,0.12201498,0.20235458,0.3786971,0.37312517,0.7255681,1.0,0.22751592,0.13971855,0.05845731
0.012954885,0.006579587,0.02361752,0.08172279,0.33646426,0.43513316,0.5897546,1.0,0.4901238,0.136427,0.053373463,0.018139834
0.0036052694,0.0024528722,0.0037038382,0.025340706,0.18013544,0.34530264,1.0,0.63372976,0.13134998,0.045416176,0.008957002,0.004895758
0.0019350596,0.0013330854,0.0015280594,0.012858142,0.06386872,0.5715326,1.0,0.24866039,0.050014447,0.011701627,0.0028297596,0.0019902936
0.0042989887,0.0025145377,0.0041491836,0.021125656,0.070551835,1.0,0.921488,0.111327715,0.03284494,0.012289792,0.0053848806,0.005459424
0.011378647,0.006259937,0.009157898,0.04083369,0.08957257,1.0,0.7130242,0.06796172,0.03290106,0.018422255,0.008938213,0.017798724
0.008584949,0.0051865526,0.006102514,0.041626498,0.06521667,0.6389985,1.0,0.17282303,0.02345098,0.01861277,0.010750984,0.016825208
0.0011875393,0.0020332574,0.0012340518,0.010829877,0.021905003,0.19561176,1.0,0.56295073,0.04468583,0.0049331714,0.0035069357,0.0026925013
0.00020906967,0.0006389385,0.00054364174,0.0019252753,0.005013878,0.057722874,0.64287317,1.0,0.13876759,0.0030439452,0.00073250924,0.0002581446
0.00019774064,0.00032272818,0.00045726413,0.0007593959,0.003022062,0.04410195,0.56015486,1.0,0.19933711,0.005885143,0.00071381265,0.00040397968
0.0019924445,0.0034155557,0.0028184224,0.0050661596,0.014116413,0.21216984,1.0,0.77718776,0.12810944,0.013267433,0.0067703873,0.0033119943
0.05158096,0.05850433,0.051608015,0.12170537,0.09133918,0.34041438,1.0,0.9858122,0.29793608,0.064401574,0.12037981,0.06350876
0.045837644,0.045822054,0.031281754,0.06949701,0.056702636,0.13680792,0.5688678,1.0,0.29142848,0.055396054,0.09872206,0.062383868
0.23413292,0.20181131,0.15090163,0.24743246,0.2582696,0.67788243,1.0,0.87263435,0.46116796,0.2746433,0.36639643,0.39186502
0.38680455,0.2682296,0.246679,0.31339803,0.37140185,1.0,0.9786691,0.72746587,0.25918767,0.24166308,0.26582074,0.3956062
0.060447864,0.048817724,0.043512348,0.05977582,0.10171245,0.66568065,1.0,0.33045655,0.04264074,0.030359711,0.033991285,0.06221636
0.036427807,0.025382645,0.01760355,0.020426927,0.045770723,0.43555546,1.0,0.24477273,0.049154688,0.032532472,0.040381093,0.043706503
0.07431771,0.062101714,0.044719324,0.034853984,0.07512337,0.56723917,1.0,0.46005946,0.18200803,0.14414029,0.15435079,0.1073094
0.09702046,0.11310305,0.09031937,0.0606799,0.12926324,0.67281944,1.0,0.4508531,0.3507836,0.29088116,0.27986872,0.19919504
0.15455088,0.19587143,0.13854714,0.1355202,0.18969539,0.7236971,1.0,0.6167175,0.43558568,0.42421412,0.26172763,0.21196415
0.20226425,0.19449349,0.13320352,0.22402409,0.22831272,0.6035386,0.8396675,1.0,0.8812156,0.8991872,0.32588515,0.17185752
0.22668543,0.19135453,0.18777685,0.33036354,0.51373905,0.7863815,0.83640707,0.8988871,1.0,0.76814723,0.3576865,0.22623251
0.16690958,0.27155936,0.23452964,0.4659589,0.85357445,0.7045713,0.52829266,0.7084147,1.0,0.69563746,0.41184387,0.25846258
0.1815313,0.3426309,0.26660672,0.4334367,0.83208555,0.7302785,0.59719807,1.0,0.9243335,0.5736683,0.36727098,0.21762668
0.20347674,0.25819105,0.2738848,0.4115556,0.66989654,0.77910894,0.80142593,1.0,0.8539616,0.71366936,0.4535074,0.23381864
0.14407876,0.20456453,0.3306209,0.5719146,0.6692013,0.86273795,0.9780621,1.0,0.81093395,0.484117,0.26098213,0.13958855
0.09370444,0.13309892,0.3795873,0.51286525,0.34101504,0.6678962,1.0,0.5199795,0.41186973,0.17198524,0.116555914,0.10511814
0.10637981,0.13067716,0.23558371,0.2925462,0.31818354,0.74749696,1.0,0.43927458,0.27084067,0.15231669,0.12934983,0.10998939
0.1564026,0.20367932,0.17728014,0.21939948,0.39929184,0.73360085,1.0,0.9624463,0.34942377,0.2184743,0.20530593,0.1581034
0.17624187,0.14654405,0.15875775,0.19506365,0.19983359,0.48683614,1.0,0.45721832,0.14936647,0.12924495,0.13591649,0.23162778
0.5216641,0.45804057,0.6185328,0.9301175,0.59074396,0.8143933,1.0,0.541327,0.52960426,0.47252345,0.63975286,0.617584
0.4588433,0.5494575,0.66327494,1.0,0.46943772,0.40284306,0.4172314,0.59188104,0.7015145,0.76602864,0.79294515,0.4764263
0.48911875,0.55162317,0.59412706,0.7506487,0.5500382,0.43301395,0.28259218,0.42313477,1.0,0.88653165,0.6591343,0.6509222
0.48034057,0.38484207,0.25100604,0.23784773,0.2616329,0.49287462,0.63946104,0.76380455,1.0,0.5918199,0.5277048,0.50976694
1.0,0.8659362,0.3653647,0.11226106,0.05986348,0.12708043,0.29844713,0.42171034,0.7387196,0.43403342,0.49915546,0.6542093
0.6353176,1.0,0.737061,0.61128074,0.6504285,0.35020173,0.1487467,0.22796974,0.2626448,0.08743652,0.09224716,0.23056124
0.049769204,0.08864008,0.15206636,0.21152022,0.56689924,1.0,0.37962282,0.13707994,0.13863988,0.07674358,0.066504754,0.04537577
0.099135555,0.052701548,0.0994566,0.059604656,0.120362304,0.72853905,1.0,0.7454711,0.46660706,0.1739691,0.18483233,0.21775395
0.040700447,0.02554183,0.076385066,0.056275073,0.03201291,0.09623319,0.3019466,1.0,0.5691797,0.08539797,0.07000275,0.07383727
0.044867437,0.0526,0.1933619,0.17831346,0.12052899,0.22187181,0.3676215,1.0,0.6175369,0.10075074,0.037518665,0.029767841
0.041710723,0.039470024,0.063557155,0.048614245,0.06596997,0.15770778,0.38932717,1.0,0.62715703,0.21923769,0.090049334,0.029933395
0.06881202,0.156037,0.10954291,0.018525347,0.02677831,0.096140586,0.61485285,1.0,0.42017335,0.18754748,0.12260082,0.041525777
0.20297506,0.5998386,0.409427,0.06620547,0.11943341,0.8059434,1.0,0.61763656,0.5284097,0.36831057,0.25102815,0.08071171
0.16276388,0.2708787,0.2212675,0.075435445,0.19351095,1.0,0.41647807,0.24901356,0.7774388,0.3961769,0.2200389,0.08440107
0.2157864,0.45601326,0.26291466,0.11539755,0.18013425,0.927545,1.0,0.5903145,0.72952205,0.6695011,0.4546777,0.122975156
0.085322194,0.22918735,0.103415154,0.040153578,0.103284664,0.35406694,1.0,0.69863516,0.2952079,0.53189147,0.41225892,0.05861266
0.011631737,0.023498751,0.019186039,0.021112535,0.16829516,0.7245785,1.0,0.35968134,0.23615064,0.24814191,0.18360463,0.01817459
0.0037548575,0.00464085,0.0043453597,0.009845004,0.049556624,0.2039813,0.35060772,0.99396014,1.0,0.20596437,0.075516164,0.006069225
0.00041330047,0.00040353677,0.0003781871,0.0008215887,0.002989299,0.027242886,0.4251794,1.0,0.40931275,0.061555784,0.011814798,0.0019092151
0.00034559058,0.00029926896,0.00010714773,0.0005663164,0.003776873,0.092190504,1.0,0.86724204,0.09424832,0.021823455,0.011040056,0.0019186221
0.00056730455,0.0008279574,0.00018487289,0.0017166365,0.024415346,0.3797484,1.0,0.32870242,0.025699498,0.008680115,0.011387831,0.0010764941
0.0014971619,0.0015180983,0.001972236,0.024218222,0.23485892,1.0,0.70265293,0.06788519,0.012988234,0.0066324067,0.005974042,0.0006787632
0.002791672,0.0021786087,0.012030108,0.105612084,0.6098701,1.0,0.36356717,0.034610845,0.009436519,0.008553336,0.0045147017,0.0012745637
0.017779052,0.016260374,0.091022454,0.29822,0.85110325,1.0,0.63882476,0.18892083,0.044822294,0.039983746,0.017033912,0.010094609
0.036169607,0.035250187,0.09074461,0.16824439,0.23319751,0.75029737,1.0,0.14684942,0.07448971,0.05487714,0.032622524,0.028402073
0.07943043,0.08062714,0.09667431,0.074702814,0.15433653,0.55561393,1.0,0.50793904,0.5962915,0.28655052,0.14999738,0.08847809
0.085834585,0.06660626,0.05982738,0.071376,0.19516143,0.35901743,0.49916282,0.46935093,1.0,0.68824565,0.31892586,0.10535285
0.10413865,0.079657316,0.05151035,0.062624514,0.1695102,0.29490772,0.4257131,0.5453244,1.0,0.7209264,0.3373266,0.091642335
0.09082891,0.14097725,0.104013726,0.08109956,0.10577802,0.13075836,0.4038137,0.7103718,1.0,0.5528712,0.23724009,0.07765531
0.20713907,0.46006706,0.5499049,0.44693255,0.30016387,0.22584258,0.41254658,1.0,0.87447894,0.42155665,0.18920432,0.10415452
0.08827423,0.22540797,0.36099547,0.34980497,0.38826853,1.0,0.97333384,0.7706871,0.3288505,0.18247715,0.10420803,0.039560705
0.03734053,0.033849575,0.053800453,0.05653831,0.14302291,0.99865496,1.0,0.30958575,0.18683234,0.13372682,0.06446062,0.033516083
0.30412605,0.24052949,0.3586841,0.2849846,0.40375322,1.0,0.83576417,0.90241104,0.72694194,0.46447447,0.2564671,0.21049987
0.095823035,0.14978829,0.18271485,0.11811648,0.3102728,0.764817,0.57962036,1.0,0.5838134,0.12856947,0.14430109,0.08796188
0.13384013,0.18988366,0.2947621,0.17257902,0.31470165,1.0,0.9506958,0.47065413,0.42421886,0.38521212,0.110663064,0.043344323
0.19036748,0.10112356,0.11820464,0.05433516,0.22228892,1.0,0.7530584,0.32239717,0.32451382,0.37157103,0.092686914,0.053986385
0.17660595,0.16110204,0.053878453,0.019235319,0.087382935,0.71235746,1.0,0.35087654,0.20683953,0.24681751,0.13204321,0.06310472
0.052716196,0.14570782,0.064142525,0.013389896,0.017486406,0.25839886,1.0,0.54229516,0.1511633,0.0978385,0.15240058,0.07279249
0.009120934,0.043246,0.08223217,0.016777644,0.013479739,0.049922984,0.3991787,1.0,0.24908791,0.05289571,0.07996059,0.046314042
0.0039257216,0.009727359,0.045553472,0.024081532,0.016793462,0.05411187,0.13469024,1.0,0.46175453,0.02531121,0.008393171,0.010450151
0.007872979,0.013063847,0.041700277,0.044652443,0.025763595,0.07779539,0.18346071,1.0,0.516419,0.030511366,0.008552115,0.008445515
0.027063156,0.03381881,0.06433995,0.07882248,0.047479317,0.16010736,0.3420531,1.0,0.84852034,0.156866,0.06285555,0.02454484
0.015259883,0.017357375,0.022121964,0.016724486,0.02589625,0.0773194,0.3721587,1.0,0.3281157,0.073305994,0.036769316,0.025708664
0.06715504,0.11280243,0.07641533,0.041466653,0.04987023,0.3406869,0.87452644,1.0,0.3887747,0.13458969,0.07273234,0.052963335
0.07657069,0.12542409,0.09584608,0.058823228,0.06362252,0.8466934,1.0,0.3140553,0.15209718,0.09022363,0.05239563,0.02303342
0.04317582,0.055712126,0.041712485,0.03050279,0.06359805,0.9272984,1.0,0.18689232,0.06839011,0.0542463,0.03395728,0.0154888
0.023794908,0.05507626,0.043809667,0.02076671,0.030535284,0.44430634,1.0,0.2299073,0.039764717,0.021732153,0.022759492,0.011429414
0.01198892,0.029920926,0.026598405,0.030226469,0.10078904,0.51755875,1.0,0.3063156,0.04407069,0.01064589,0.0084326565,0.004778679
0.006814916,0.012069543,0.029377144,0.062124953,0.22670096,0.937596,1.0,0.247905,0.057190176,0.013856253,0.008380285,0.004828615
0.01711045,0.020701507,0.024033844,0.017379405,0.050187502,0.46071172,1.0,0.26839212,0.06539274,0.02868342,0.011849506,0.007624789
0.031706654,0.032176122,0.020245139,0.018180737,0.049455237,0.5682142,1.0,0.45917,0.168153,0.060963485,0.027869465,0.012984551
0.10987826,0.16823046,0.12328763,0.10252755,0.17124775,0.8583094,1.0,0.7889843,0.36240107,0.1331122,0.09397321,0.05891817
0.093180515,0.14057752,0.21552917,0.14337836,0.12764257,0.6747881,1.0,0.6465726,0.42646378,0.21814255,0.1608739,0.06614733
0.014097271,0.012998393,0.063548245,0.09663845,0.08505693,0.20271228,0.2608578,0.51992327,1.0,0.43491852,0.07988605,0.022430636
0.0020652558,0.008217837,0.092085674,0.041709166,0.029114157,0.11356887,0.09083111,0.5865229,1.0,0.27640116,0.021228962,0.0030058306
0.013594384,0.019462941,0.157918,0.048904087,0.037304737,0.1321876,0.22130468,0.98480827,1.0,0.24468619,0.022404999,0.007632767
0.017761128,0.03313933,0.0639124,0.016556825,0.03134533,0.07524348,0.9990392,1.0,0.16298352,0.034965795,0.009904012,0.00765367
0.00970378,0.06536189,0.03621494,0.011720838,0.042708017,0.08055401,1.0,0.662261,0.022988377,0.005867399,0.008328888,0.0055367257
0.040395904,0.18484399,0.033514913,0.015812064,0.037458837,0.2306542,1.0,0.25964332,0.016993206,0.01596664,0.01525822,0.009311774
0.050914507,0.29038647,0.053640638,0.008739739,0.017241426,0.21470979,1.0,0.15852772,0.018646173,0.028311433,0.04322026,0.016006144
0.067616224,0.32638827,0.044919774,0.0049090097,0.008855101,0.20846567,1.0,0.13797243,0.03021893,0.04489167,0.11141893,0.015172997
0.19940893,0.5958371,0.04768629,0.016195392,0.013453101,0.2644558,1.0,0.1301245,0.10238961,0.07134875,0.1361553,0.014681217
0.842547,1.0,0.041089453,0.038066003,0.021829184,0.23653246,0.40657818,0.11562584,0.15838633,0.20631598,0.104350954,0.029430386
1.0,0.59199035,0.025940051,0.016546914,0.008442324,0.09441433,0.10586487,0.06675615,0.06977311,0.2905572,0.082739376,0.052864
1.0,0.72422874,0.15052207,0.033297192,0.011201329,0.093374684,0.28397676,0.5262672,0.26533246,0.26582778,0.11160225,0.062202808
0.14043267,0.16355073,0.14979084,0.07902258,0.029479297,0.12830359,0.23278667,0.98669744,1.0,0.13963935,0.028947487,0.016487598
0.050211288,0.032279644,0.026541412,0.056528073,0.03419087,0.09232198,0.19351183,0.46355623,1.0,0.28833705,0.02755013,0.011267259
0.04987334,0.040863845,0.06175012,0.045427054,0.0174567,0.059215613,0.34682217,1.0,0.745207,0.1814518,0.031954966,0.009089672
0.13858071,0.09550147,0.08094174,0.057997346,0.058672596,0.108328834,0.36483878,1.0,0.4009005,0.107609585,0.046298284,0.016941074
0.1228171,0.10677668,0.065902196,0.027538588,0.04943744,0.09874779,0.5057613,1.0,0.290225,0.055199362,0.029377,0.015935784
0.15017422,0.122835845,0.040751405,0.015927646,0.018976813,0.17738034,1.0,0.7346355,0.11817318,0.04424662,0.024744349,0.018275497
0.18676127,0.14488646,0.02572043,0.014415719,0.024452968,0.28424442,1.0,0.42916802,0.103717655,0.037149742,0.022595098,0.024998022
0.027301174,0.044683717,0.022680925,0.007829324,0.0051956116,0.039186742,0.5813326,1.0,0.23667084,0.03887367,0.026353396,0.029700104
0.057743605,0.17920904,0.16640401,0.024520775,0.008766296,0.030230606,0.5504098,1.0,0.24893615,0.044171765,0.041397475,0.097688116
0.15790127,0.8644416,1.0,0.20758389,0.07279063,0.13041022,0.6750832,0.40117893,0.074084036,0.043185934,0.043238264,0.14715546
0.07427121,0.3726869,0.37347105,0.114918314,0.06995472,0.22538853,1.0,0.375001,0.028735982,0.018655784,0.01411108,0.02639175
0.009693165,0.04277482,0.03995128,0.03436483,0.019268276,0.10395688,1.0,0.6243962,0.02398789,0.0047554215,0.003991929,0.0037460458
0.0034534037,0.019360142,0.01876887,0.034923404,0.10763763,0.3636215,1.0,0.57683486,0.026529199,0.0034293411,0.003954548,0.0016442984
0.013512278,0.021788657,0.03212894,0.16290659,0.55765504,1.0,0.47154176,0.050968606,0.01458264,0.007473055,0.0037716033,0.0037083968
0.12406635,0.2414187,0.16361676,0.44063747,0.6380644,1.0,0.85186917,0.3061351,0.105080165,0.06110481,0.038553517,0.026740007
0.13506316,0.33128726,0.17780577,0.10274856,0.1379517,0.37295943,1.0,0.5517201,0.22238357,0.14016324,0.10615055,0.06620314
0.2384087,0.27814737,0.16691606,0.12804447,0.17136711,0.27582273,1.0,0.5141151,0.28666914,0.2405323,0.17018618,0.122370765
0.70819134,0.88428706,0.2606906,0.17852512,0.258408,0.37624225,1.0,0.68307644,0.4348686,0.41212302,0.22802962,0.15523502
0.870259,1.0,0.32083362,0.14174977,0.14515674,0.18862897,0.70714664,0.57967335,0.24921915,0.18946353,0.14707756,0.121635996
0.88474846,1.0,0.5035347,0.16295336,0.15038598,0.20138882,0.9497549,0.71924174,0.33854344,0.39756075,0.30236647,0.20184062
0.82996637,1.0,0.3627572,0.11340577,0.1275234,0.1902955,0.96647286,0.87249017,0.36219323,0.44021612,0.50369847,0.50599164
0.18281929,0.1804882,0.059347175,0.02767248,0.023675138,0.0898046,0.47006693,1.0,0.3555783,0.13332385,0.12134252,0.118610725
0.010352991,0.009375918,0.009481206,0.0033376634,0.0024400146,0.020770606,0.30775014,1.0,0.33296242,0.020598032,0.00988117,0.007398272
0.0062731546,0.0071096304,0.0073592057,0.004588559,0.0016612033,0.009328812,0.25286022,1.0,0.43000644,0.02032044,0.004705712,0.006202669
0.01225125,0.015485858,0.014875978,0.016962249,0.006500278,0.019730212,0.2367151,1.0,0.8838309,0.06353584,0.0087554315,0.012391297
0.01070328,0.01578363,0.020231264,0.010822263,0.016524931,0.065863214,0.43909296,1.0,0.68649614,0.07137655,0.013905551,0.015202273
0.013037572,0.015179475,0.0148712285,0.0038244198,0.009695954,0.060352463,0.653449,1.0,0.3762937,0.045340948,0.024927262,0.031779796
0.043071367,0.038576085,0.01897247,0.007187684,0.020343969,0.1465322,1.0,0.9508222,0.20513578,0.026216343,0.043604903,0.074538216
0.102977835,0.07179086,0.031144066,0.022576291,0.041077863,0.29888487,1.0,0.4722739,0.08662972,0.017922921,0.03449609,0.104011916
0.077407196,0.12692493,0.097824514,0.06943336,0.057585087,0.27347007,1.0,0.5101556,0.12624215,0.045929514,0.03900935,0.04368773
0.033645503,0.08334357,0.07655276,0.04669178,0.09295247,0.5331093,0.9216428,1.0,0.32326433,0.22609098,0.11276483,0.020345867
0.015082024,0.059947483,0.055187996,0.08345408,0.1553078,0.093043424,0.42589107,1.0,0.6160428,0.2285884,0.09556595,0.036085766
0.14564255,0.25229618,0.22097267,0.25515947,0.33817887,0.20300135,0.64003277,1.0,0.6581161,0.29013526,0.21998271,0.18805821
0.35683674,0.4221862,0.30249846,0.32867107,0.3948531,1.0,0.6765167,0.30814797,0.16445889,0.10013541,0.11759534,0.16002288
0.20852315,0.15685485,0.1084807,0.11507656,0.20979357,1.0,0.3600747,0.07575641,0.030518867,0.02961391,0.023750413,0.03735642
0.27568477,0.37313697,0.11920337,0.12895596,0.16940443,1.0,0.7852017,0.11598345,0.059448548,0.056168195,0.04582274,0.04360988
0.1429697,0.44370076,0.13742115,0.09216513,0.12262402,0.55466866,1.0,0.18351817,0.15385053,0.11442721,0.06445121,0.052577693
0.051022418,0.19936223,0.102808446,0.06234946,0.16213459,0.72300977,1.0,0.2523964,0.19921346,0.14464904,0.053326473,0.040535014
0.12722099,0.19792932,0.12639947,0.17147599,0.1708568,0.41916588,0.71444887,1.0,0.8843071,0.27674255,0.08137113,0.06121702
0.064785,0.025576588,0.025737515,0.05730697,0.023890695,0.05446816,0.26338443,0.8911324,1.0,0.16718405,0.013495053,0.054636277
0.00850339,0.0066960393,0.007852785,0.0040208753,0.0054628346,0.104382716,0.69323975,1.0,0.3291006,0.02890621,0.003029928,0.010229808
0.0012133272,0.0037851825,0.0020707592,0.00090569066,0.016573898,0.3242271,1.0,0.47671035,0.0497371,0.0032097606,0.00075572974,0.0009237165
0.0013143931,0.0023727221,0.0014520447,0.003050132,0.05230331,0.7060048,1.0,0.18551856,0.008584996,0.00109587,0.00044918148,0.00037867273
0.003424566,0.003793693,0.004052668,0.009603511,0.08230585,0.8418885,1.0,0.16530041,0.017382594,0.003396788,0.00162105,0.0012391224
0.009292721,0.010318398,0.008033362,0.009692406,0.022466887,0.29164585,1.0,0.44664133,0.07166174,0.017954368,0.0061929957,0.0037297965
0.062369738,0.0570263,0.042857144,0.062803455,0.089531325,0.61638075,1.0,0.35417178,0.34019172,0.21091683,0.08814285,0.035082445
0.13728623,0.18646905,0.101459935,0.085179105,0.16704296,0.7334952,1.0,0.30423847,0.27370444,0.17384665,0.12094135,0.09460637
0.20421551,0.30481732,0.17835023,0.18101974,0.26477343,0.9123875,0.98214513,0.6785899,1.0,0.6708444,0.30579603,0.15502031
0.008204981,0.024139712,0.010157111,0.03283455,0.09977097,0.1783347,0.599293,1.0,0.6238305,0.095795244,0.0099818995,0.0031121415
0.07004504,0.096751966,0.014573741,0.040831834,0.08599668,0.29750666,1.0,0.8911188,0.42929766,0.08748162,0.014791395,0.00785589
0.25137964,0.28021312,0.030694228,0.03226386,0.051018413,0.526551,1.0,0.3347956,0.16138314,0.06324984,0.033073388,0.03324313
0.2449617,0.3318036,0.09331471,0.035244375,0.0416737,0.3968272,1.0,0.4639106,0.2194705,0.07008106,0.072434336,0.06804325
0.07789329,0.18062475,0.2516461,0.046541944,0.043852627,0.19211626,1.0,0.83703786,0.48707542,0.12011112,0.06331728,0.04009442
0.09450414,0.25181675,0.36817554,0.0624311,0.08465131,0.40095505,1.0,0.94094193,0.78569376,0.28477624,0.0783244,0.041519523
0.25631654,0.59852374,0.41221038,0.20424315,0.19528136,0.2246473,0.46440735,0.86888826,1.0,0.7079497,0.26557854,0.1574568
0.035319146,0.048293743,0.038489062,0.03372343,0.019515466,0.018450815,0.060063276,0.3057793,1.0,0.51251554,0.03643447,0.01008932
0.010252154,0.03464163,0.097282894,0.0344495,0.004915439,0.008894409,0.026121916,0.3286196,1.0,0.43105817,0.027988149,0.0062605287
0.1451941,0.34788677,0.59093726,0.1154737,0.013855441,0.02656452,0.18769327,0.77896065,1.0,0.46223363,0.10872669,0.109201804
0.513635,0.82421094,1.0,0.24936223,0.11338815,0.09152182,0.5844446,0.91699433,0.18103853,0.09869233,0.1615429,0.33688432
0.47575888,1.0,0.95176685,0.14900255,0.16401057,0.103735924,0.43147948,0.57052225,0.09682674,0.061011493,0.05909693,0.18974657
0.15999812,0.6936094,1.0,0.14759411,0.05675409,0.04014276,0.2210151,0.3298436,0.061943468,0.028134888,0.03184427,0.056994848
0.123986214,0.33051902,0.94263965,1.0,0.58193433,0.124960534,0.5422578,0.69948447,0.969459,0.42109677,0.061374415,0.07018285
0.019945942,0.021496067,0.03505909,0.38435695,0.302025,0.019627158,0.060672645,0.16477978,1.0,0.4026976,0.014252866,0.0082638655
0.0078060767,0.009256847,0.023638457,0.08172201,0.050899494,0.010080374,0.05976688,0.538901,1.0,0.20520629,0.006957439,0.0033224996
0.0034463892,0.0053126155,0.017388381,0.012901025,0.0039805216,0.022948463,0.28790328,1.0,0.5163063,0.03467772,0.0025334244,0.0023329738
0.008298775,0.019298125,0.020611754,0.0059731477,0.007959716,0.05347714,0.68929785,1.0,0.18076803,0.01967242,0.004318267,0.00442544
0.1689766,0.94241613,0.5140011,0.05669419,0.015363625,0.13520363,0.66321766,1.0,0.32074344,0.10108142,0.0696299,0.059693664
0.2371491,1.0,0.3704299,0.026276061,0.0068607084,0.1142378,0.77043563,0.6027752,0.10842832,0.040300235,0.046753798,0.03992491
0.12959641,0.34857598,0.089779235,0.007780692,0.0090820175,0.23974136,1.0,0.31998616,0.07955915,0.06372584,0.074763305,0.047143698
0.07180245,0.056906246,0.021126574,0.0064536706,0.014586302,0.32995954,1.0,0.27865905,0.0934592,0.098099105,0.058967955,0.051090937
0.07955734,0.06537893,0.036196616,0.014453209,0.05213545,0.64238065,1.0,0.28232157,0.11955168,0.11579619,0.043251656,0.06633912
0.37518257,0.09383077,0.04475455,0.048542805,0.29699153,1.0,0.52150637,0.2356399,0.26145905,0.433018,0.16424693,0.3966041
1.0,0.17966588,0.057958424,0.074407026,0.3725708,0.2893566,0.0726969,0.055501405,0.084436685,0.18408853,0.18206505,0.8365813
0.42352843,0.15373091,0.12500569,0.21984649,1.0,0.79012793,0.10298664,0.045612052,0.023473099,0.017788852,0.063007504,0.370345
0.1494642,0.26018846,0.3962666,0.4513526,1.0,0.8256931,0.22665685,0.1370096,0.04001162,0.02719835,0.04644009,0.096173085
0.87719864,1.0,0.841054,0.44702214,0.2677239,0.24791878,0.29900628,0.3196293,0.278452,0.3577854,0.5464652,0.78483146
0.283981,0.17404757,0.19206092,0.22211814,0.12207713,0.14644365,0.33966118,0.5180304,0.9548865,1.0,0.8081725,0.51365894
0.03662097,0.025813138,0.05624391,0.10543322,0.103066966,0.18039148,0.47029954,0.69547766,1.0,0.92334837,0.46332845,0.15723258
0.034695707,0.016387932,0.052609272,0.18963607,0.15243752,0.22487758,0.46775478,0.75709724,1.0,0.96465427,0.57066417,0.1752621
0.03414678,0.020095145,0.081298545,0.16467436,0.110606,0.20311604,0.30092943,0.5230607,1.0,0.8173459,0.4399438,0.08773697
0.05189387,0.03107319,0.07086978,0.06907142,0.13730969,0.2517038,0.43463826,0.6224209,0.9542893,1.0,0.4569228,0.12096601
0.058062043,0.029647058,0.06412172,0.089108095,0.16808288,0.26639044,0.5981304,0.67933786,1.0,0.565685,0.36568758,0.12178573
0.31644535,0.16366012,0.08819237,0.1875958,0.19789341,0.14290169,0.28661814,0.47828522,1.0,0.31279466,0.18112797,0.18712567
1.0,0.8855023,0.17595987,0.12732798,0.14888771,0.06698677,0.107123815,0.25376764,0.30884102,0.08146509,0.085429765,0.17117088
0.68724835,1.0,0.18998735,0.032909673,0.044650722,0.028758677,0.030996831,0.057468634,0.039281677,0.018278947,0.027997816,0.0647875
0.5744486,1.0,0.19244748,0.036336076,0.032049667,0.031204239,0.035849515,0.064083494,0.039255306,0.012941645,0.016378146,0.03863232
1.0,0.68382525,0.08167675,0.0337094,0.056138035,0.035057187,0.06457387,0.10577912,0.054189652,0.015866045,0.021675251,0.19904085
1.0,0.15954961,0.013921761,0.071130015,0.047156826,0.008022192,0.037541404,0.049489927,0.0077005518,0.0039087175,0.015289383,0.38662544
1.0,0.10605337,0.027346056,0.17275742,0.061015226,0.0027189725,0.012596585,0.017666258,0.0018340608,0.0018729118,0.0119360695,0.41526672
1.0,0.10278612,0.023473602,0.11247823,0.056758262,0.0035373026,0.010918898,0.019872151,0.0022708802,0.0021520613,0.013664193,0.43866238
0.8778687,0.0558185,0.0113282865,0.022962091,0.01562688,0.0030234577,0.02312725,0.022976594,0.0023077407,0.0037536733,0.060712416,1.0
0.29017246,0.010367631,0.010274453,0.0093411915,0.0024967035,0.0029009238,0.016689565,0.00616922,0.0012094805,0.0037660946,0.1324647,1.0
0.20825748,0.004350792,0.003634821,0.006531267,0.0019535122,0.0030158586,0.016261768,0.0061627845,0.0009181868,0.0042254687,0.18590376,1.0
0.2938709,0.0061634392,0.0049239243,0.006838224,0.002195114,0.0038296771,0.021064328,0.008466776,0.0017708589,0.005235409,0.16103472,1.0
0.257577,0.0133211315,0.009803827,0.009847672,0.005062615,0.0074485634,0.029719057,0.013554658,0.0032855624,0.0073594074,0.19127966,1.0
1.0,0.108069964,0.010762354,0.02658134,0.03259497,0.009227828,0.042128168,0.096559316,0.016281797,0.013151076,0.14380357,0.9726268
1.0,0.25272092,0.009585301,0.011853437,0.0272758,0.0063828323,0.02735279,0.1791088,0.062457945,0.020674378,0.030372653,0.19044606
1.0,0.8548141,0.072275996,0.012439688,0.03602353,0.02218661,0.019072637,0.2607899,0.31121272,0.0660531,0.06147977,0.12103845
0.3464302,1.0,0.68164265,0.20031682,0.05635332,0.042471953,0.011682474,0.10286643,0.45220304,0.53512216,0.27175215,0.07587092
0.7289831,0.42609453,0.9808838,0.61748093,0.20735998,0.1896961,0.046578787,0.024558749,0.16352163,0.86974216,1.0,0.58786196
1.0,0.1884856,0.1331509,0.1389166,0.10731282,0.15477963,0.071017645,0.037780777,0.050908536,0.09822542,0.39039463,0.6754695
0.5129059,0.12535134,0.060499556,0.07294445,0.04322577,0.04112524,0.08986817,0.06581809,0.0607349,0.039388534,0.18903507,1.0
0.26902524,0.10841301,0.08113129,0.06293852,0.036547627,0.025807822,0.10654071,0.16868271,0.082550414,0.07170524,0.21489304,1.0
0.42643842,0.25858566,0.13440523,0.059572436,0.059982907,0.028947476,0.15537845,0.2797467,0.15710215,0.14265111,0.38664111,1.0
0.5452889,1.0,0.15729098,0.028259909,0.041619565,0.030203415,0.11477603,0.1255073,0.07171332,0.065041445,0.25855356,0.43123385
0.67116356,1.0,0.06254391,0.006831584,0.00903901,0.026226103,0.039317492,0.0062652854,0.0025604696,0.01201153,0.037812494,0.06017018
1.0,0.7723414,0.02540356,0.002908415,0.0052094427,0.037790556,0.041524127,0.0027675976,0.0009557738,0.003413971,0.0051741935,0.09976302
0.8257338,1.0,0.056336377,0.0069958763,0.008746844,0.05139016,0.097364776,0.00872605,0.0018195454,0.004719197,0.007820895,0.08995071
0.21014793,1.0,0.13620313,0.008776202,0.012363835,0.028503314,0.10810284,0.018167807,0.002056994,0.004914364,0.013302645,0.006471032
0.13021244,1.0,0.18486933,0.0054027676,0.008023281,0.012664637,0.07451698,0.01728036,0.0017141715,0.007528107,0.036065836,0.0092111565
0.23830573,1.0,0.26546016,0.005558008,0.004087942,0.009240122,0.06638695,0.025912728,0.008465002,0.021146083,0.08762725,0.04621278
0.4752692,1.0,0.297687,0.0093526235,0.0038784896,0.012840024,0.07848705,0.04735849,0.023339942,0.02937018,0.07102976,0.090971455
0.29365027,1.0,0.24003045,0.006817611,0.0035979408,0.014452268,0.08334512,0.027740205,0.011022317,0.026536034,0.05036214,0.051849186
0.30572385,1.0,0.18142383,0.006128744,0.0038034152,0.014624586,0.0759925,0.016655909,0.0069546564,0.02372784,0.03430945,0.03918732
0.37447506,1.0,0.14253825,0.0076006125,0.003935162,0.021118667,0.069063365,0.010732088,0.0052461685,0.01297715,0.0151445065,0.037594367
0.4259255,1.0,0.14236604,0.0115553895,0.0048654,0.022244403,0.076981716,0.018750587,0.0139564015,0.03181107,0.010658134,0.058612324
0.1903563,1.0,0.32698384,0.038796905,0.013956006,0.020023365,0.1371017,0.065526515,0.051090457,0.106161565,0.043157768,0.13115032
0.10096564,1.0,0.29938024,0.030246371,0.009771099,0.021982165,0.13755943,0.050803334,0.047488052,0.10929735,0.027532429,0.05140529
0.086345114,1.0,0.40331632,0.019776126,0.0049745846,0.013753603,0.116157964,0.061219707,0.031880144,0.11393718,0.019948727,0.027371803
0.08469841,1.0,0.975223,0.0367218,0.007052403,0.011742249,0.18685773,0.21171433,0.026114985,0.18162555,0.058509875,0.03109699
0.1045004,0.63378876,1.0,0.048706573,0.0076271524,0.0069667585,0.17991692,0.30080023,0.023892464,0.14950126,0.071986616,0.027978668
0.056376535,0.4114238,1.0,0.064315684,0.009373978,0.0061534382,0.21251714,0.4571267,0.034828015,0.15340635,0.10535939,0.017490728
0.04035592,0.44854164,1.0,0.060757037,0.008470722,0.005785352,0.22829299,0.46791825,0.03257066,0.13772498,0.09567373,0.020048993
0.0779688,0.5424063,1.0,0.050216503,0.010005617,0.0061074956,0.23150864,0.40271023,0.025859384,0.12072402,0.06405232,0.03350589
0.049923893,0.6315524,1.0,0.045208853,0.008155307,0.0060262466,0.2144334,0.32791448,0.02175833,0.12706675,0.058760047,0.020834718
0.03962007,0.54231304,1.0,0.049987543,0.007669059,0.0048692976,0.20198658,0.3485912,0.026158534,0.17425352,0.08923863,0.01850747
0.03505636,0.54485214,1.0,0.04925041,0.0074914326,0.005885719,0.22627518,0.37900555,0.028315706,0.22287305,0.116138585,0.016008154
0.034387477,0.5542948,1.0,0.047564927,0.0067679663,0.007490228,0.2458448,0.3980611,0.028732622,0.21950896,0.120199755,0.016384898
0.043131325,0.7011219,1.0,0.04130063,0.0072661606,0.009186783,0.26317692,0.34599024,0.026458567,0.1986259,0.08119098,0.02805092
0.053110413,0.67690635,1.0,0.044259243,0.007323399,0.00928479,0.2774275,0.40166798,0.028361263,0.19083408,0.08999151,0.03471581
0.2412962,0.56533676,1.0,0.05547585,0.013275008,0.008612578,0.3322731,0.5545628,0.035889518,0.19897959,0.10841286,0.15089726
0.3188844,0.56245947,1.0,0.054146968,0.01571051,0.009245667,0.38936988,0.6378019,0.041171733,0.22188704,0.10816432,0.175033
0.27732617,0.60542214,1.0,0.057187214,0.014117793,0.009849844,0.37811044,0.5758935,0.035832334,0.22858684,0.11917833,0.17276946
0.97552216,0.53292257,1.0,0.07427515,0.02818708,0.009997626,0.35322374,0.63845176,0.0464754,0.30225652,0.17050613,0.47895306
0.85892075,0.6875135,1.0,0.0725268,0.02967053,0.015445552,0.45527673,0.649498,0.052650895,0.3202618,0.14421822,0.38807666
0.65599436,0.97611254,1.0,0.08300308,0.033882607,0.022064863,0.5743362,0.6044027,0.050944325,0.36853957,0.1412351,0.5246523
0.67764336,0.7701949,1.0,0.077572286,0.031614106,0.021311095,0.49048123,0.680871,0.062878504,0.5286878,0.24780186,0.46298748
0.652734,0.74004096,1.0,0.08124611,0.032817386,0.026270041,0.52447826,0.74129665,0.06601856,0.52325904,0.25541025,0.38737094
0.34032813,0.9093109,1.0,0.07166848,0.02446117,0.024469733,0.55678785,0.5978454,0.050643716,0.4266983,0.16445372,0.2611672
0.11977519,0.8203859,1.0,0.051455006,0.012058133,0.01408512,0.3869317,0.46632463,0.035875704,0.29314205,0.11451254,0.07595925
0.15424973,0.7921441,1.0,0.04917375,0.011670399,0.012978186,0.41336218,0.5193582,0.039935794,0.29863054,0.11988732,0.10907205
0.20811652,1.0,0.9773629,0.049461212,0.021020047,0.021603487,0.47968683,0.4398145,0.045552243,0.30562598,0.09517631,0.1712919
0.29572603,1.0,0.6272939,0.057988282,0.023175394,0.032951336,0.44601312,0.25124362,0.04564245,0.23925118,0.059854615,0.32007742
0.1839038,1.0,0.44703436,0.051639985,0.016945291,0.033513933,0.41811177,0.18902412,0.05552738,0.2654319,0.056330334,0.28230986
0.23166443,1.0,0.45666084,0.0901111,0.02657233,0.046105284,0.54043144,0.22421372,0.05507091,0.21988848,0.06294144,0.50012165
0.38143852,1.0,0.42312533,0.15710285,0.040697284,0.05645439,0.70086706,0.28795424,0.038577713,0.13453104,0.07687811,0.8920912
0.4382777,0.79408264,0.3823926,0.1716376,0.04576082,0.042081267,0.6184741,0.2748875,0.02043931,0.071337655,0.069887266,1.0
0.39356276,0.5538637,0.27096683,0.16784197,0.050590646,0.03735913,0.52712053,0.25142002,0.020595422,0.03662995,0.07278647,1.0
0.39282927,0.32861117,0.18241556,0.15692931,0.046178523,0.034103006,0.35743582,0.18323019,0.036935307,0.030491257,0.091618784,1.0
0.5680318,0.2325179,0.17046532,0.12543534,0.038166877,0.018051546,0.26086745,0.18312864,0.021289816,0.019787675,0.057958227,1.0
0.70698154,0.21773927,0.16438541,0.068042204,0.028797114,0.009242824,0.21113764,0.16544864,0.008954704,0.0144058205,0.038910888,1.0
0.5386513,0.2776564,0.15173456,0.076569706,0.02187749,0.013930405,0.22867222,0.116965115,0.0043544555,0.008576454,0.04840509,1.0
0.36109874,0.34727445,0.13235024,0.12229994,0.024124272,0.032527994,0.29681262,0.08605536,0.002746003,0.004710611,0.0811017,1.0
0.23626016,0.40197378,0.1084078,0.1466037,0.020793198,0.06491828,0.4008972,0.07593609,0.0031295163,0.0050121187,0.14147452,1.0
0.30559403,0.484999,0.11241523,0.13083111,0.019706259,0.12332412,0.42402774,0.050019994,0.0071395426,0.017008312,0.19727726,1.0
0.46328628,0.38250974,0.09410392,0.07865335,0.018800376,0.10895336,0.3458654,0.03885442,0.021066772,0.039337873,0.16145878,1.0
0.23897411,0.19397281,0.070257366,0.09795348,0.011997436,0.08198615,0.294482,0.032574482,0.010917384,0.019516844,0.18562117,1.0
0.25619313,0.37390363,0.10720457,0.09661605,0.01677767,0.20717764,0.5792298,0.052613944,0.052239604,0.09064326,0.2284145,1.0
0.20487647,0.26189283,0.11191118,0.10407382,0.0129750455,0.19658165,0.46485364,0.038142014,0.049270917,0.06878233,0.2519645,1.0
0.22400431,0.18027027,0.13874863,0.1123389,0.022028547,0.48527378,0.57043624,0.023840465,0.01259321,0.029308828,0.5308435,1.0
0.43214238,0.28578335,0.15822358,0.09242591,0.056678828,1.0,0.74765116,0.024257995,0.025032379,0.06675565,0.7353116,0.9384258
0.41340324,0.18602705,0.12248444,0.06292998,0.09317163,1.0,0.4184834,0.01855108,0.039472908,0.066652305,0.7433856,0.86793816
0.32560503,0.10786777,0.09548752,0.030305259,0.20227836,1.0,0.18225405,0.01344003,0.025483485,0.08513913,0.59406096,0.4840322
0.308226,0.08071263,0.061333425,0.021345096,0.26987088,1.0,0.123105474,0.011718036,0.02292573,0.102462925,0.49171296,0.27939665
0.3646733,0.09234173,0.08510063,0.041364968,0.735116,1.0,0.06478176,0.007101535,0.014434825,0.18424274,0.5629492,0.45208523
0.21140431,0.041835178,0.036113802,0.12067124,1.0,0.3938083,0.011195195,0.002714605,0.014581559,0.12729444,0.26919636,0.5794818
0.07069258,0.0172656,0.017493602,0.27031893,1.0,0.13983294,0.0038437443,0.0029799382,0.016225113,0.09570398,0.20625195,0.47505733
0.032618344,0.0140619045,0.014335958,0.39816666,1.0,0.07678817,0.00402843,0.0056921747,0.025818322,0.110412404,0.14632924,0.29731327
0.020328484,0.014542717,0.024131648,0.5313372,1.0,0.06256819,0.0050325356,0.010899112,0.035729263,0.1255679,0.11140021,0.15863855
0.014209144,0.015399095,0.05800272,1.0,0.80566365,0.03093593,0.0058593154,0.009023167,0.04484305,0.12813681,0.15226734,0.12475912
0.0070133344,0.010378548,0.10540908,1.0,0.4074708,0.008637854,0.0019295041,0.006828999,0.03515586,0.0670477,0.08753709,0.04434902
0.002791184,0.011364714,0.33661556,1.0,0.15104489,0.0019257568,0.00063371955,0.006241481,0.01554304,0.03494708,0.055469412,0.012767232
0.0031181553,0.09910276,1.0,0.9183932,0.06078927,0.001576556,0.0015532962,0.005962379,0.015943,0.056924753,0.043767646,0.0054768934
0.0072083464,0.3596455,1.0,0.19501829,0.0077929045,0.0021145267,0.0010182905,0.0033685584,0.015657153,0.050148327,0.010656725,0.0017255764
0.029403623,0.8528388,1.0,0.0462366,0.0033035935,0.0014520773,0.0003546138,0.0010032487,0.02270181,0.03913776,0.0029165563,0.00067575206
0.1776258,1.0,0.5720629,0.020496355,0.0057927445,0.0013121511,0.0007776477,0.004849022,0.027145583,0.020761967,0.0048629185,0.02095437
0.7257036,1.0,0.29352802,0.024350073,0.020648934,0.01716194,0.0088493,0.01810652,0.028211635,0.027356531,0.11323409,0.3371237
0.4067066,0.1481692,0.21504408,0.22548766,0.1973624,0.22601709,0.0802393,0.036951452,0.27606562,0.761728,0.9727147,1.0
0.024976367,0.085121796,0.58257616,0.9625902,0.33601877,0.14182459,0.104092225,0.33367702,1.0,0.88988763,0.23018545,0.09514326
0.18408898,0.27363044,0.80687773,0.7866861,0.24948514,0.39381906,0.70306444,0.90868217,1.0,0.4781478,0.65134436,0.6248711
0.40651426,0.28505352,0.2872144,0.19710875,0.37015957,0.66110426,0.9693513,0.9722866,1.0,0.51696813,0.71001536,0.8802741
0.33384347,0.28725722,0.2763806,0.30736876,0.38615993,0.53958106,0.811089,1.0,0.9070904,0.5952164,0.5053254,0.51568514
0.20611876,0.37764934,0.4439522,0.4615499,0.5169347,0.410315,0.59076905,1.0,0.8699585,0.65277994,0.47978964,0.31869316
0.32193506,0.8322967,0.7536956,0.7945275,1.0,0.54689044,0.5885829,0.58821607,0.51973593,0.48328984,0.33122382,0.2785968
0.28301477,0.4497274,0.5834285,1.0,0.64905035,0.40977845,0.49493566,0.5758048,0.47611207,0.3912368,0.32077366,0.29957965
0.20365094,0.21958967,0.45404968,1.0,0.54987943,0.42132947,0.54490155,0.42397925,0.33356243,0.50482637,0.34008956,0.21735533
0.12755267,0.3601784,0.96992594,0.6178985,0.27140725,0.23302065,0.453564,0.4072026,0.38618395,1.0,0.7210119,0.30872178
0.13827236,0.32409555,1.0,0.98135084,0.38840315,0.17286418,0.2565764,0.25822896,0.23469338,0.48371324,0.43499178,0.16308455
0.3670941,0.45249486,0.65080565,0.9371482,0.69293797,0.4625156,0.49700564,0.5059669,0.72845644,1.0,0.9598084,0.4936379
0.1961443,0.21638672,0.24558091,0.2698907,0.6059629,0.31557366,0.44160634,0.5089822,0.76509136,1.0,0.99777704,0.47883368
0.16502461,0.21812895,0.2563859,0.40382576,0.59504884,0.36767155,0.520432,0.5598595,0.69380534,0.7787023,1.0,0.4802367
0.25636268,0.23896216,0.30837196,0.85441613,0.945509,0.71537036,0.6418093,0.9251438,0.7471503,0.91459656,1.0,0.5163864
0.15655106,0.15923016,0.36441582,1.0,0.6081456,0.33218545,0.3537058,0.5238291,0.5613977,0.59341854,0.63848513,0.3408188
0.119888976,0.12572552,0.3226183,0.81954646,1.0,0.33707795,0.2489689,0.2619806,0.4498812,0.47350627,0.39567468,0.23855878
0.10155517,0.114086956,0.26748416,0.6790094,1.0,0.57358366,0.2889362,0.19219327,0.19287293,0.27754146,0.1839835,0.110195845
0.15506974,0.17761175,0.2502191,0.65604466,1.0,0.49592417,0.22755045,0.22773102,0.23598383,0.33043256,0.32735977,0.23476322
0.3993799,0.41878867,0.54857165,0.8785613,0.5672923,0.3772619,0.35729033,0.5436917,0.85299927,1.0,0.8328399,0.54556304
0.52127665,0.45003676,0.36520323,0.4705108,0.23584376,0.28687084,0.4852819,0.7395024,0.90227175,0.8807624,0.9973554,1.0
0.7410021,0.16112888,0.129362,0.12225865,0.11219872,0.1401232,0.2684077,0.44798854,0.43588808,0.5907692,0.77816516,1.0
0.4149568,0.080496214,0.104264274,0.10398888,0.07235826,0.09471711,0.1980569,0.20010622,0.30989987,0.7064646,1.0,0.56267345
0.096080095,0.09866995,0.24965578,0.16637489,0.10731464,0.2789304,0.42820403,0.25315303,0.6832328,1.0,0.84751177,0.2354058
0.06305549,0.2535841,0.9075442,1.0,0.3446361,0.39470372,0.8199183,0.5530166,0.8188837,0.58935803,0.18102291,0.06440666
0.046241708,0.09303806,0.5530561,1.0,0.30156615,0.07598166,0.11040067,0.093506485,0.060678322,0.051103365,0.043750323,0.0406696
0.1571222,0.53305537,1.0,0.66249985,0.20199749,0.08760973,0.061345298,0.0655275,0.082775325,0.0897973,0.052995987,0.075219624
0.77435464,1.0,0.5970546,0.23973188,0.17204301,0.22096281,0.19019434,0.18528324,0.13640088,0.30498928,0.59177184,0.41944826
0.30017325,0.19856617,0.22339791,0.14935285,0.12835972,0.1262006,0.071582325,0.07283465,0.090415485,0.43693352,1.0,0.67492557
0.9223187,0.49367964,0.6124078,0.6958675,0.4580205,0.54426444,0.40293062,0.18371423,0.15954576,0.44524494,0.88338315,1.0
0.87643564,0.9774998,0.7400548,0.63648677,0.63052535,1.0,0.7008613,0.66433233,0.22875993,0.1890965,0.24278286,0.28649986
0.33086658,0.97408015,0.6733727,0.37977895,0.4404041,0.86809576,0.84765893,1.0,0.3417465,0.19623497,0.12526011,0.08199604
0.13465841,0.25724232,0.22638477,0.22654063,0.43574685,1.0,0.7068702,0.5641603,0.41977477,0.18754135,0.089857444,0.045184065
0.031571243,0.035892215,0.033621743,0.047688488,0.20466651,1.0,0.804901,0.24384831,0.21925199,0.085849814,0.036463972,0.011347326
0.02754902,0.034711435,0.02905351,0.04596623,0.07696325,0.56881225,1.0,0.28741303,0.21274751,0.080019824,0.042535063,0.014384718
0.067205645,0.055540323,0.03037451,0.027882636,0.041338995,0.22459069,1.0,0.50208867,0.19873492,0.08093614,0.05274461,0.051393718
0.08140293,0.06940989,0.03069587,0.024045471,0.056019004,0.44856277,1.0,0.46367097,0.17886114,0.07106328,0.06581262,0.08998857
0.04657463,0.043085188,0.05088685,0.03502932,0.062176235,0.22913314,1.0,0.9430984,0.14693576,0.08284048,0.08242483,0.056297373
0.25663188,0.39709517,0.5068881,0.37082276,0.2304762,0.33448237,1.0,0.9861425,0.27579015,0.12583005,0.10936761,0.139486
0.19548123,0.17074525,0.16516407,0.16558407,0.14108971,0.30106592,0.6981377,1.0,0.595028,0.09377301,0.37259805,0.4644038
0.049695525,0.019516004,0.032164607,0.11274766,0.047497813,0.0689407,0.2975654,1.0,0.35452554,0.111133784,0.6645845,0.44678497
0.12348227,0.0727557,0.075350046,0.2682344,0.07452331,0.100754954,0.36810017,0.90302855,0.3704053,0.4818376,1.0,0.3462492
0.3034079,0.28736016,0.06751449,0.17203441,0.17453468,0.54837584,0.8177718,0.44753006,0.6444133,1.0,0.9282051,0.30404708
0.07778525,0.14339219,0.093476646,0.16595502,0.27330658,0.7686408,1.0,0.47651675,0.43672568,0.5231976,0.5103724,0.07606166
0.030503899,0.026098983,0.03731793,0.07400817,0.21429364,1.0,0.93819577,0.4203965,0.3390612,0.26591897,0.14583376,0.040815648
0.035839166,0.021452924,0.01802353,0.056165643,0.2512571,1.0,0.59437895,0.2581305,0.30620176,0.20226642,0.08274907,0.02918581
0.10190159,0.08577864,0.0803679,0.14525455,0.22450697,1.0,0.87248576,0.34507957,0.17504196,0.1270604,0.108402364,0.06000567
0.10058227,0.097542875,0.067565076,0.09691275,0.14123243,0.44047195,1.0,0.3276453,0.12054971,0.06153993,0.05947849,0.06746721
0.08737975,0.16886885,0.0862421,0.052927677,0.05149268,0.20823587,1.0,0.7042043,0.1291687,0.09419303,0.1032547,0.083465636
0.21293339,1.0,0.37647346,0.09683644,0.028744774,0.15048718,0.5308206,0.6376944,0.13650727,0.049249057,0.0672966,0.06363178
0.36234242,1.0,0.9527475,0.65931994,0.12278862,0.65199876,0.9730057,0.28887102,0.07572533,0.031055128,0.04737469,0.07083662
0.12263085,0.21181965,0.38139313,0.28694552,0.0652506,0.6441273,1.0,0.2074409,0.07369748,0.04715599,0.03289148,0.018397434
0.09661491,0.20613396,0.18828052,0.1718102,0.3125378,0.9806299,1.0,0.28861347,0.17997871,0.1908578,0.11129373,0.023291048
0.20633775,0.37492123,0.639519,0.99798733,1.0,0.7575373,0.26993516,0.07956424,0.11154558,0.1846848,0.14324133,0.12639521
0.56621283,0.7293142,0.9241496,1.0,0.3256659,0.10480019,0.08369561,0.10266032,0.13529971,0.193231,0.35128993,0.4839118
0.18276994,0.12747635,0.12098712,0.22595356,0.17946811,0.27639875,0.4062572,0.5338933,0.42688236,0.7625226,1.0,0.423284
0.12508202,0.11185501,0.15194644,0.2800396,0.16841628,0.15034688,0.39001203,0.68489087,0.4129807,0.89200974,1.0,0.29540876
0.08750772,0.08602941,0.12374842,0.20167288,0.1325556,0.13627683,0.34763566,0.46008047,0.5440919,0.9138331,1.0,0.19063091
0.04472579,0.051329423,0.065791585,0.09908702,0.108997054,0.09953897,0.18001959,0.2672567,0.35934174,0.70734215,1.0,0.17034335
0.029917022,0.035648484,0.06705025,0.1037206,0.09753127,0.09864397,0.10564131,0.25390196,0.93980503,1.0,0.7003128,0.10089279
0.010463542,0.013103269,0.022342298,0.061543223,0.07610857,0.120284945,0.13853578,0.6946046,1.0,0.51535225,0.12932023,0.018925462
0.037665218,0.030822543,0.03812218,0.08582729,0.056559786,0.049496315,0.13690221,0.98010355,1.0,0.23100774,0.05987596,0.054925766
0.037366763,0.020098338,0.019859668,0.028409142,0.031748623,0.14004391,0.6033117,1.0,0.43151063,0.04904958,0.03478536,0.08978381
0.02071907,0.012294976,0.007121147,0.015320073,0.04220367,0.3291475,1.0,0.6556209,0.15716466,0.022802781,0.02654026,0.05590197
0.023131799,0.027292088,0.012834458,0.023103952,0.04717814,0.4336676,1.0,0.34290034,0.07418497,0.024326248,0.029847318,0.04613726
0.08004047,0.115263216,0.05058202,0.06199699,0.06529198,0.33713207,1.0,0.4714855,0.11182627,0.11389659,0.12593395,0.08413387
0.06465431,0.073523425,0.06951382,0.13987403,0.10683549,0.26581416,0.9769681,1.0,0.42121807,0.40094483,0.21049786,0.08638741
0.172693,0.25201,0.22968772,0.37563273,0.2787771,0.41145757,0.97090423,1.0,0.98461294,0.55607826,0.23038176,0.15841885
0.42351988,0.4874406,0.4297548,0.40452886,0.56581414,1.0,0.48938933,0.4277081,0.6182085,0.31660053,0.17044233,0.25752428
0.261376,0.17976308,0.14362419,0.1619457,0.6003289,1.0,0.37627265,0.25152937,0.22569226,0.13956156,0.11207584,0.21382153
0.31439403,0.12951678,0.053160157,0.11079916,0.4645105,1.0,0.6051825,0.74195963,0.47969282,0.57619023,0.19297045,0.18996072
0.22689779,0.1050808,0.04921086,0.14511791,0.38135326,1.0,0.68584543,0.9194449,0.34108654,0.47349605,0.1250649,0.06235471
0.21680403,0.23472589,0.23590836,0.30944172,0.52109456,1.0,0.7573007,0.84669584,0.2660679,0.28710046,0.16947077,0.07709354
0.082453094,0.16068338,0.24390179,0.09891868,0.31693876,0.48836896,0.5704597,1.0,0.38676113,0.18461412,0.15141742,0.06563706
0.013206165,0.06540782,0.0645168,0.023215134,0.08170187,0.14375006,0.61781734,1.0,0.15574357,0.029995348,0.029234055,0.018403977
0.12726294,0.21137826,0.0511625,0.025170734,0.054279633,0.19854842,0.99057776,1.0,0.19619331,0.15157071,0.112753645,0.02663747
0.5211639,0.4075703,0.040373895,0.032599434,0.052506983,0.4069928,0.7262461,0.9088389,0.6146454,1.0,0.38353226,0.043802314
0.23501004,0.25267124,0.051673003,0.032470316,0.08286456,0.3651732,1.0,0.6734251,0.66295075,0.8612889,0.32559657,0.027548505
0.0178933,0.06771262,0.053939227,0.033666965,0.078735806,0.2888395,1.0,0.45877406,0.25736824,0.1498961,0.06392181,0.010490954
0.004566197,0.010515532,0.0100394385,0.0067180055,0.013391589,0.12849367,1.0,0.59184206,0.03740708,0.011330122,0.008060372,0.0038120488
0.0041803443,0.0061535034,0.003324219,0.001324809,0.0062339697,0.15089859,1.0,0.57542163,0.026622823,0.005004261,0.0034288582,0.0014495678
0.01245734,0.010696204,0.0031722155,0.0025389006,0.014252815,0.2669645,1.0,0.5050599,0.039910156,0.0075058476,0.004137938,0.0013980858
0.047313213,0.04903114,0.03631396,0.06963503,0.41945875,1.0,0.67143095,0.22317922,0.06756359,0.046205368,0.026541624,0.0061614015
0.013628609,0.06502551,0.40290123,1.0,0.917427,0.3058722,0.07537954,0.042215466,0.032273322,0.040160727,0.019685775,0.0042271637
0.009498312,0.05175782,0.52710116,1.0,0.4261966,0.12010619,0.033571817,0.035792775,0.07903945,0.074384205,0.027514195,0.00551463
0.04542361,0.074001804,0.5744741,1.0,0.4863941,0.40328488,0.09485284,0.117510736,0.33532488,0.3533809,0.13149251,0.03443909
0.3788817,0.59559137,0.6353742,1.0,0.896338,0.81779003,0.30213094,0.35384205,0.63971037,0.7092272,0.27133635,0.13436191
0.5372163,1.0,0.78876674,0.63570714,0.47772557,0.8633022,0.77338094,0.5736469,0.43984887,0.27224103,0.1396257,0.17345983
0.16714318,0.19654804,0.15683609,0.18650575,0.13856149,0.3012789,1.0,0.55915225,0.13653778,0.07063236,0.091317825,0.118040994
0.04487374,0.050769936,0.02911352,0.030697424,0.04502943,0.12256142,1.0,0.4564095,0.048545852,0.030258315,0.07202356,0.050919797
0.015307187,0.034389038,0.028171765,0.015832765,0.033799414,0.11206763,1.0,0.4684502,0.034249965,0.028057782,0.07412634,0.033526376
0.028103855,0.0673579,0.12068651,0.03637179,0.059544496,0.13623425,0.95462584,1.0,0.09992055,0.07996343,0.11464286,0.0974211
0.022649769,0.087016635,0.15519866,0.032917045,0.04073936,0.10773833,0.77731216,1.0,0.14156455,0.12644432,0.06278499,0.066637605
0.0070664617,0.03377487,0.030962724,0.0056610545,0.015979463,0.13982819,1.0,0.47141936,0.047251258,0.028590849,0.013675989,0.009669904
0.03160995,0.13492192,0.032421973,0.003492881,0.013631766,0.1124014,1.0,0.71577686,0.05419374,0.009055786,0.006050212,0.0060511883
0.3443166,0.501224,0.047305778,0.007799336,0.018694837,0.27639472,1.0,0.48096094,0.049225487,0.012271268,0.033257462,0.052766036
0.9931094,0.638897,0.043569617,0.03430092,0.09770061,0.80842876,1.0,0.13219441,0.026406558,0.038749244,0.29206294,0.64564645
0.50628734,0.04268554,0.003904208,0.028301908,0.18905045,0.18016107,0.06021455,0.008883256,0.0064809844,0.0075463783,0.13454425,1.0
0.439882,0.028494673,0.0046421383,0.03365481,0.20595455,0.12157246,0.02453729,0.007990534,0.016047807,0.0070573497,0.1430744,1.0
1.0,0.16690533,0.00596189,0.01450251,0.18679963,0.9175255,0.3650632,0.012714561,0.023186047,0.019585652,0.050310645,0.57961214
0.33518025,0.16465382,0.0062357876,0.002176949,0.041475415,0.873547,1.0,0.07172534,0.0029627297,0.006029435,0.0027195483,0.040488325
0.035314135,0.061868355,0.00821839,0.0024951822,0.007768109,0.26092222,1.0,0.15621623,0.0027026632,0.0016092255,0.0008801379,0.0016634844
0.00671011,0.043811798,0.018959846,0.010862072,0.014592089,0.16983807,1.0,0.19920202,0.005486654,0.00321256,0.0017835672,0.0024705294
0.022361856,0.12006242,0.047153693,0.031853862,0.041406333,0.21355128,1.0,0.29918352,0.013235498,0.007854337,0.006047909,0.00874313
0.053982724,0.10040626,0.0133896,0.0144397225,0.020320686,0.3986602,1.0,0.14524963,0.0160574,0.011316116,0.005136728,0.0057761045
0.24717318,0.17933886,0.012009846,0.013874334,0.032741517,0.87207025,1.0,0.10890872,0.037768085,0.037229154,0.014963312,0.014980308
0.47759056,0.31688532,0.017922366,0.014962004,0.0404417,1.0,0.78705955,0.1298097,0.042176656,0.051865164,0.052445017,0.029880997
0.24681757,0.32298526,0.031780213,0.009585376,0.021028306,0.53713936,1.0,0.1691874,0.028940996,0.04385261,0.051722523,0.01504696
0.029491577,0.12799056,0.048663117,0.009265167,0.036905993,0.3253999,1.0,0.3230135,0.03565424,0.042775378,0.026696142,0.017536137
0.045639917,0.07353792,0.12678616,0.04201441,0.114553325,0.4007014,0.9960324,1.0,0.13639379,0.079343334,0.043401122,0.106362864
0.02945036,0.02973484,0.06980926,0.024396474,0.10387968,0.5781406,1.0,0.51118743,0.08566803,0.03039146,0.02160287,0.039039254
0.037790734,0.024632167,0.009569032,0.012204587,0.12430894,0.8060775,1.0,0.4306092,0.097338915,0.04346676,0.028487246,0.013076622
0.010106324,0.007076032,0.0026329176,0.0018612237,0.011179025,0.061980303,0.36755016,1.0,0.22348578,0.018083442,0.007125049,0.0040400554
0.0022563392,0.0024427618,0.0021466988,0.0007826239,0.0038729135,0.015613464,0.32146114,1.0,0.22595301,0.010447258,0.0018987338,0.0014144371
0.0016733016,0.0026410536,0.0027426186,0.0012839349,0.00940735,0.09255871,0.6599682,1.0,0.24689348,0.014842179,0.0014866032,0.0012509836
0.0038907467,0.019401656,0.025779927,0.0051489333,0.026056152,0.2870933,1.0,0.9547298,0.35784602,0.052394986,0.0066335513,0.0028040756
0.1468697,0.70426464,0.253346,0.012239226,0.018983837,0.06829703,0.37159315,1.0,0.43061346,0.071302354,0.0075054867,0.007880338
0.28631747,1.0,0.19696157,0.007713334,0.0057537574,0.02667492,0.26353198,0.17923586,0.04518501,0.020987423,0.0060855667,0.0110928
0.27883795,1.0,0.21862832,0.019239094,0.009022446,0.10751307,0.89152324,0.2855621,0.027050951,0.030151678,0.05214612,0.026537549
0.030552536,0.20433423,0.08980873,0.030031456,0.031725254,0.19025074,1.0,0.34997264,0.015097254,0.03868341,0.073955886,0.034116402
0.040748153,0.10668394,0.0631144,0.07063514,0.15529934,0.55682695,1.0,0.33626267,0.041659724,0.080033414,0.054635312,0.044733778
0.07484005,0.43758762,0.22347058,0.054015294,0.108854055,0.304358,0.95184875,1.0,0.30899978,0.10124949,0.14735225,0.06916602
0.08467209,1.0,0.7383632,0.12034718,0.023297172,0.07932807,0.53387547,0.34246665,0.070087284,0.017856767,0.025007205,0.009036784
0.2382473,1.0,0.4944688,0.112493165,0.04043828,0.17268182,0.50378853,0.112564296,0.016601183,0.014061237,0.01977537,0.005074415
0.9477504,1.0,0.06597804,0.040266488,0.046808094,0.3943561,0.5138558,0.033231977,0.0048446693,0.02728416,0.03100349,0.03286072
1.0,0.33049902,0.0111238845,0.009997035,0.03133858,0.1422645,0.06582863,0.007234883,0.013460932,0.019072313,0.020669244,0.3455549
0.704487,0.05972843,0.0102773495,0.022587175,0.08268904,0.053587962,0.011802803,0.009420661,0.028763853,0.011309415,0.09679076,1.0
0.20291363,0.01688455,0.051968846,0.15540579,0.15320927,0.023671392,0.023152929,0.036511417,0.024968427,0.020668363,0.35945404,1.0
0.5528891,1.0,0.8535324,0.56446874,0.20251249,0.16062313,0.21857962,0.1579484,0.06266802,0.13970569,0.8105496,0.8227331
1.0,0.71144813,0.2279934,0.04392657,0.02889232,0.09278424,0.09939509,0.06546996,0.029806964,0.029853232,0.1406776,0.53404903
0.74121577,0.27981693,0.11165306,0.054587305,0.09986342,0.18075037,0.15234905,0.064921096,0.053553447,0.23531054,0.67628753,1.0
0.6713554,0.43774676,0.17102759,0.1965819,0.3493654,0.36969522,0.20322873,0.10933884,0.2176958,0.6117814,1.0,0.8955688
0.32991156,0.27860248,0.085659035,0.124621764,0.21276313,0.15619007,0.09163332,0.04544233,0.062433906,0.32051846,1.0,0.6758218
0.99907845,0.63376987,0.15567666,0.2261323,0.26523003,0.1482916,0.13282242,0.066589355,0.19919895,0.73061454,1.0,0.6279985
1.0,0.81569064,0.3965998,0.42700008,0.35972533,0.30478063,0.82022953,0.85386455,0.68838185,0.39814997,0.49704105,0.68510526
0.40683457,0.22641857,0.28247014,0.26375166,0.15747482,0.31599948,0.7683346,1.0,0.6630751,0.3497639,0.34976718,0.25657928
0.56506366,0.31927824,0.3313856,0.27946174,0.21848798,0.59202296,0.80718184,1.0,0.7229239,0.5471119,0.4353822,0.29908216
0.95784074,0.4923009,0.48072433,0.41767395,0.32573912,0.6439194,0.7495804,0.6121071,0.881881,1.0,0.5800872,0.57108253
0.38365218,0.41617048,0.38379332,0.26853713,0.21905479,0.4807815,1.0,0.5961155,0.36766917,0.45045507,0.50256217,0.46273595
0.4517604,0.4714777,0.4519402,0.31985426,0.3231063,0.5094629,1.0,0.7594353,0.37274626,0.41034803,0.6168516,0.6297303
1.0,0.89207774,0.60120094,0.3723582,0.4972939,0.5582736,0.82076627,0.7328737,0.46451873,0.57373834,0.65601367,0.7682691
0.96411383,0.8373496,0.68059206,0.43315765,0.6680194,0.8051942,0.9506732,0.8887783,0.57910895,0.78190625,1.0,0.7732984
0.25740388,0.2829116,0.29558992,0.33923295,0.41979828,0.5341686,0.7218484,1.0,0.39192498,0.44152072,0.5968501,0.3005955
0.20022555,0.25663975,0.2677893,0.3469739,0.3311971,0.5128519,0.80503714,1.0,0.5281428,0.6611252,0.96412724,0.37168524
0.3588377,0.20461518,0.23813722,0.27025935,0.25475845,0.30206537,0.77328944,1.0,0.7542126,0.30127156,0.4566385,0.37734902
0.30737913,0.20672311,0.26252103,0.22926114,0.2510166,0.37702,0.7091782,1.0,0.7735297,0.2301788,0.32794437,0.2811797
0.35401356,0.24484457,0.34568304,0.27514458,0.33643818,0.73747176,0.727777,0.9577872,1.0,0.5363594,0.35382384,0.33726856
0.11982446,0.1115391,0.16247357,0.14914851,0.13519461,0.18255359,0.21411996,0.52095675,1.0,0.49955642,0.15337846,0.08993909
0.062105466,0.07257375,0.12778091,0.09459976,0.13076945,0.1972204,0.42231467,0.92663777,1.0,0.5061396,0.21042867,0.0969468
0.23322004,0.14168575,0.12719661,0.120863825,0.29413202,0.64562315,0.6656463,0.97290254,1.0,0.36494812,0.19829601,0.1820442
0.45322806,0.3258603,0.2124321,0.22088185,0.41094154,1.0,0.730308,0.7358051,0.9624093,0.38999972,0.29441264,0.3138938
1.0,0.9491169,0.5058313,0.41662902,0.36930695,0.70693785,0.8790851,0.821494,0.67306435,0.46141872,0.51057297,0.5785776
0.59241515,0.59554195,0.22606243,0.33514446,1.0,0.32858196,0.16366135,0.60120755,0.27097166,0.066890694,0.077335514,0.08981907
0.4102521,0.17913534,0.131934,1.0,0.88182235,0.10779693,0.20737948,0.46375784,0.1109653,0.1198295,0.0742878,0.123596855
0.34563893,0.3620028,0.24387476,1.0,0.48952013,0.05483585,0.16312078,0.18017599,0.054080695,0.10595801,0.047902223,0.10240585
0.32179043,1.0,0.8839141,0.302408,0.16159321,0.08756186,0.2777996,0.14301649,0.07631553,0.1290597,0.066177934,0.052639358
0.16191792,0.7198216,1.0,0.18179256,0.077966265,0.13687809,0.6208627,0.5471514,0.24706365,0.29590684,0.39536014,0.24924617
0.18425539,0.3395402,0.4779072,0.16515045,0.21700117,0.37961507,0.7489568,1.0,0.8405541,0.424455,0.6952936,0.5180003
0.033772346,0.039090928,0.07299664,0.07839515,0.07319834,0.11731586,0.22101317,0.58906275,1.0,0.26500103,0.09886103,0.046528243
0.009616959,0.014102895,0.03746291,0.063944295,0.036379278,0.04638385,0.2699187,0.9327089,1.0,0.20081861,0.054636694,0.016054383
0.016156431,0.025161719,0.067669824,0.09591353,0.07545816,0.115244664,0.37083864,0.6686964,1.0,0.57925993,0.117943935,0.029119194
0.028331423,0.038931392,0.07031419,0.08552202,0.052810155,0.05031111,0.10931172,0.30510214,0.7792459,1.0,0.15965055,0.045546766
0.03218706,0.03873916,0.041584074,0.06965504,0.052752208,0.057507027,0.10005629,0.2885351,1.0,0.4620255,0.10251616,0.04923791
0.08096058,0.07607537,0.07239932,0.09548155,0.081709184,0.09630103,0.17211492,0.22648475,1.0,0.7248249,0.13276237,0.08866513
0.08090389,0.11700147,0.13568231,0.20771304,0.22664113,0.095836505,0.15647851,0.13339591,0.5749649,1.0,0.27016708,0.10210797
0.5898303,0.6794713,0.3736713,0.21279144,0.35841814,1.0,0.54917663,0.11336733,0.16080494,0.29621807,0.12024555,0.14409202
0.29819354,0.35789645,0.26552474,0.20388028,0.23767655,1.0,0.5840759,0.06247653,0.036088716,0.10628421,0.04954918,0.08428208
0.08245343,0.12829007,0.24628834,0.542114,0.45906755,1.0,0.48461238,0.06164456,0.02385733,0.06796878,0.03769854,0.052337892
0.027986404,0.044907235,0.17996939,0.83399034,1.0,0.8425601,0.23665404,0.0586639,0.033438057,0.058758363,0.05356755,0.045196354
0.086163774,0.20441827,0.5666965,1.0,0.78763735,0.39262667,0.25467545,0.15560822,0.14259635,0.30566335,0.18961638,0.06936109
0.5112415,0.64049757,0.7383874,0.61208797,0.4969218,0.66831857,0.44786888,0.2963707,0.5796875,1.0,0.65428656,0.36807248
0.21306783,0.24040282,0.46267912,0.31217685,0.34441617,0.40257013,0.3437514,0.36409461,0.65938056,1.0,0.83526504,0.42297655
0.09511729,0.24732237,1.0,0.52412534,0.12867045,0.07126443,0.16268964,0.19202335,0.12867743,0.1557309,0.10816952,0.07099233
0.024431732,0.15102477,0.96367925,1.0,0.25062534,0.11670381,0.049055617,0.06041866,0.043343425,0.029471966,0.015008755,0.0141338175
0.020077338,0.121476606,0.5681836,1.0,0.40672773,0.34350026,0.07437482,0.07491938,0.046358407,0.01926001,0.011986916,0.009504844
0.14355892,0.6354657,0.719981,1.0,0.6359307,0.89041495,0.29492715,0.15031154,0.09184942,0.06855555,0.045000013,0.03308954
0.27044567,0.98991394,1.0,0.7157394,0.28087452,0.40682292,0.28363806,0.0814486,0.072749004,0.08836109,0.04396383,0.049562495
0.47587064,0.9677964,1.0,0.7407054,0.6207893,0.9300429,0.77068627,0.5925233,0.6355969,0.3626861,0.28161773,0.35153133
0.16770928,0.37995997,0.863074,0.8673393,0.64543176,0.6766311,1.0,0.93324727,0.87338775,0.6190796,0.3707188,0.23416778
0.066721804,0.17115632,0.39701864,0.54752344,0.5959053,0.7091902,0.9019058,0.92210495,1.0,0.7525679,0.31937805,0.12794729
0.043303892,0.059065264,0.15295364,0.28725088,0.44960973,0.43703088,0.614231,1.0,0.6615743,0.4284257,0.23714612,0.088079385
0.02340247,0.03250239,0.09086121,0.14464547,0.23581152,0.17546465,0.3695422,0.5821275,1.0,0.7264594,0.14742787,0.054677263
0.17343079,0.08628528,0.1026779,0.10581875,0.13536587,0.15857168,0.22690023,0.20269862,0.7970978,1.0,0.57528615,0.4013
0.41394952,0.39783448,0.33132598,0.36573377,0.21822856,0.20360626,0.27238095,0.27918714,0.58509016,0.5078224,1.0,0.7405968
0.20304172,0.92322016,1.0,0.40327635,0.16819175,0.073256955,0.08728493,0.122632764,0.26781833,0.123681255,0.26076776,0.19902587
0.052443273,0.33437973,1.0,0.53580236,0.17942698,0.045106824,0.044008818,0.06866136,0.11985216,0.05058562,0.06358812,0.07763312
0.08140948,0.39967766,1.0,0.5060895,0.24923341,0.104208626,0.119093396,0.14903668,0.18205193,0.09682724,0.0938185,0.16825461
0.39666212,1.0,0.7261263,0.4526866,0.50845766,0.2087568,0.26260546,0.44385377,0.47064877,0.74980205,0.36585468,0.39037195
0.17785779,0.20454623,0.12672593,0.08477393,0.15081236,0.11805713,0.2036352,0.30189857,0.76960975,1.0,0.4244027,0.21253514
0.111684225,0.15427187,0.07747224,0.04060551,0.03548943,0.08369165,0.20078981,0.31920052,1.0,0.711785,0.6096146,0.17107679
0.10757833,0.13143581,0.14484985,0.07767953,0.054019824,0.11776222,0.16576701,0.19277899,0.7151932,1.0,0.61005247,0.21600223
0.17410316,0.18167056,0.14248665,0.06961439,0.09847428,0.27542466,0.42470142,0.42313716,0.50463396,1.0,0.6879959,0.31958118
0.21971738,0.30692312,0.19290109,0.07070572,0.11931326,0.24551083,0.8453133,1.0,0.7316138,0.78228635,0.63247097,0.34133244
0.19793205,0.23350485,0.39232635,0.13375017,0.18935825,0.29649493,0.6534132,0.8664203,0.8443905,1.0,0.55668825,0.2141409
0.09692828,0.14076044,0.30956444,0.107809104,0.14070792,0.17617346,0.32063383,0.7182545,1.0,0.7220341,0.28084433,0.13550264
0.04170575,0.049378037,0.1092971,0.06737574,0.0586986,0.11636746,0.19942208,0.80487216,1.0,0.36617404,0.10889182,0.066950485
0.025241366,0.035351943,0.07156439,0.086366974,0.060557384,0.11715272,0.30974126,1.0,0.6044547,0.20778358,0.08648252,0.04642338
0.06948562,0.10628401,0.1398965,0.17220162,0.088744976,0.1595669,0.46207035,1.0,0.63367164,0.1730783,0.089264296,0.061730057
0.7441181,1.0,0.6288399,0.72703063,0.34139237,0.19983742,0.22282067,0.43441594,0.42704797,0.27365366,0.21840979,0.21200648
0.5210029,0.8750405,1.0,0.9374969,0.249368,0.04406868,0.025978992,0.045159735,0.07696217,0.09559387,0.2189388,0.36265913
0.22085577,0.30411035,0.5170629,0.4538792,0.10438792,0.05300379,0.029994268,0.030689655,0.045389466,0.073339775,0.9374709,1.0
0.03904638,0.0249852,0.04012957,0.034445502,0.038619604,0.053193517,0.05855782,0.047427922,0.039306957,0.11025653,1.0,0.45366436
0.4060655,0.51694524,0.3922883,0.1883479,0.45215264,1.0,0.54351765,0.1812201,0.07317201,0.12989481,0.54160285,0.27682936
0.77278805,0.29842135,0.08085796,0.0446714,0.182988,1.0,0.32540473,0.03158822,0.01975602,0.04095972,0.04310553,0.1161421
1.0,0.22820078,0.018586708,0.027720328,0.09125189,0.68574375,0.17132558,0.015419182,0.017112011,0.045607913,0.031750023,0.126858
1.0,0.2242124,0.024414845,0.043516055,0.07548308,0.44818443,0.13277231,0.037965678,0.038010474,0.06982649,0.087590076,0.13651855
1.0,0.2747776,0.026513994,0.026379813,0.109857626,0.7419811,0.3525856,0.11721894,0.060932558,0.11197556,0.16142501,0.13647094
0.22861144,0.08948381,0.008897509,0.02539374,0.17357902,1.0,0.5277215,0.083858356,0.017399339,0.02097031,0.02542078,0.02793633
0.034685057,0.02991853,0.020074874,0.049445648,0.1604089,0.6224056,1.0,0.28136346,0.015419859,0.008046866,0.050804242,0.036008
0.0049830643,0.0044593513,0.007269009,0.02474533,0.15079358,0.666056,1.0,0.25631166,0.02142172,0.0046191183,0.019583337,0.017642492
0.008219311,0.004026264,0.009077125,0.05002343,0.26127034,1.0,0.94857913,0.18809463,0.047288258,0.044819843,0.016399713,0.004382231
0.04488389,0.026582647,0.029872434,0.043668106,0.14327164,0.45492226,0.8163096,1.0,0.23554766,0.52246165,0.1779068,0.034401216
0.0590272,0.029089682,0.015447826,0.027235907,0.08620892,0.27276582,1.0,0.5555518,0.2097671,0.18662976,0.07731542,0.037409343
0.012624739,0.011502527,0.005276871,0.008570306,0.025189852,0.34762868,1.0,0.4208813,0.13109405,0.0415669,0.023517266,0.009179224
0.048924234,0.041530967,0.013977505,0.019484682,0.018574374,0.36109713,1.0,0.48713177,0.17658976,0.10534648,0.056501936,0.027702928
0.15787043,0.15394074,0.07032169,0.08450417,0.0585899,0.60401857,1.0,0.25778946,0.18844183,0.52158237,0.21666184,0.069698565
0.3185608,0.17634468,0.100570135,0.06672829,0.09911216,1.0,0.97506106,0.30311018,0.28475785,0.448889,0.18039334,0.055246465
0.34479642,0.10398393,0.07412971,0.032210875,0.16562161,1.0,0.35021612,0.2092138,0.24940091,0.24392992,0.104963,0.061012268
0.19188273,0.043933585,0.029850105,0.11620514,0.6850936,1.0,0.18177238,0.11490249,0.14484598,0.20616423,0.04884918,0.050704576
0.049998347,0.020072535,0.035726573,0.27829444,1.0,0.49626464,0.057815168,0.025352782,0.12165928,0.14824405,0.013572161,0.024669804
0.038406245,0.046424802,0.09715914,0.4513831,1.0,0.24794829,0.047884528,0.030521093,0.144089,0.11625809,0.019716011,0.024911864
0.29519582,0.19798283,0.21070266,0.47176147,1.0,0.71289325,0.33773506,0.28224403,0.24136779,0.17501184,0.11788102,0.13213925
0.63647485,0.2550325,0.10009445,0.23303899,0.40916422,1.0,0.7323143,0.48628545,0.3803675,0.2662203,0.20027077,0.18722305
0.33461595,0.14317481,0.04918041,0.12877257,0.2770599,0.76001906,1.0,0.57354856,0.3320674,0.19045272,0.10886756,0.09638449
0.2887878,0.13631739,0.05755365,0.24398291,0.5184115,0.63839304,1.0,0.7529759,0.83808064,0.6523499,0.207132,0.08382766
0.26450744,0.22645746,0.13613673,0.16047613,0.3403223,0.61429423,1.0,0.7378866,0.50738937,0.39301154,0.09976829,0.056591716
0.012988064,0.04917186,0.023911228,0.004421778,0.015543452,0.28231183,1.0,0.4416924,0.034241784,0.008899157,0.003192487,0.0025914365
0.0032672237,0.013106904,0.0034436332,0.0015729149,0.021656485,0.38744858,1.0,0.25773856,0.015632754,0.0020541803,0.0011841428,0.0005083455
0.0025895974,0.005269674,0.0012839374,0.0021256697,0.034122583,0.71269643,1.0,0.13882338,0.02143115,0.0025676554,0.001411847,0.00066354714
0.0022091619,0.0026432322,0.0008895351,0.0017730093,0.04364062,0.8014993,1.0,0.13363269,0.056945324,0.0064283023,0.0020389932,0.0009206086
0.003503703,0.0016725021,0.0015903445,0.012224232,0.18137343,1.0,0.76733226,0.1375198,0.06908826,0.023823665,0.0044951504,0.002061465
0.00709158,0.001748038,0.0068100486,0.06053403,0.42741024,1.0,0.40914324,0.10584606,0.061474804,0.08089404,0.016281432,0.0052202162
0.030710593,0.013113736,0.033033412,0.110450685,0.2748033,1.0,0.5469322,0.34649855,0.11637417,0.17912547,0.08812537,0.025492715
0.07301649,0.05232048,0.04063042,0.08790691,0.1920083,0.9129787,1.0,0.30512854,0.15206459,0.15894759,0.09570576,0.055146325
0.07099868,0.026731653,0.016949566,0.041190997,0.19850771,0.8172961,1.0,0.6396423,0.23418729,0.14395678,0.08651065,0.05030878
0.24169834,0.06676385,0.032670215,0.034955442,0.14062934,0.8568379,1.0,0.98507,0.26875848,0.14563021,0.1243142,0.17341378
0.5327038,0.21483283,0.16171013,0.15192088,0.18165237,1.0,0.8328269,0.7335815,0.27740672,0.35464582,0.30849153,0.48143578
0.27499485,0.20451838,0.24810043,0.32279134,0.31986085,1.0,0.54511,0.16668889,0.42609385,0.80616874,0.401052,0.2253337
0.13461232,0.08518609,0.08747811,0.28585947,0.24942088,0.82810134,0.42433167,0.13346927,0.64786804,1.0,0.34135902,0.09568854
0.08207596,0.046753474,0.04696931,0.15541217,0.13026,0.56785375,0.16358802,0.076096736,0.4605301,1.0,0.14490692,0.045786314
0.0897749,0.06228713,0.082323,0.20977055,0.18084429,0.45942244,0.09697736,0.14259847,0.71178144,1.0,0.08935533,0.0476905
0.09400511,0.044623632,0.06487154,0.15427598,0.31631145,0.3291083,0.15273085,0.41611356,1.0,0.48710063,0.07450366,0.06882716
0.096256964,0.036768723,0.057511378,0.1789257,0.6841682,0.39915904,0.42908436,1.0,0.88803536,0.2023181,0.09606154,0.14544092
0.11227856,0.08878898,0.06641567,0.13623567,0.56134695,0.49415898,0.444873,1.0,0.6017861,0.15359151,0.10712734,0.11158372
0.17001933,0.26126125,0.120773464,0.1843802,0.68839145,1.0,0.7510712,0.55632514,0.41073224,0.11271968,0.09437121,0.09587962
0.104710534,0.23062763,0.08963735,0.1178421,0.43841517,1.0,0.4954214,0.14911225,0.13176428,0.07837427,0.043694265,0.044053137
0.064503014,0.21317312,0.11619741,0.10573879,0.259167,1.0,0.5099425,0.14931081,0.13650939,0.094526425,0.045502204,0.042922486
0.05166895,0.16585843,0.122501485,0.09943051,0.2544686,1.0,0.786247,0.4631157,0.44529065,0.176335,0.08761609,0.07329418
0.04613177,0.03990119,0.026139623,0.046580974,0.30461368,0.5685551,0.68539083,0.62887067,1.0,0.3835173,0.10754445,0.0674842
0.021773176,0.007669024,0.00905707,0.070901066,0.17669384,0.16092737,0.50234795,0.40067783,1.0,0.46437413,0.08129477,0.03880399
0.02382556,0.012768509,0.032810405,0.35478005,0.4868445,0.40798625,1.0,0.52179563,0.8580863,0.6266153,0.17819233,0.07093767
0.024341645,0.020465,0.08202483,0.8530214,1.0,0.61332345,0.8246399,0.5209274,0.8415306,0.50920403,0.18357304,0.11022897
0.024694253,0.015492307,0.106798224,0.8891201,1.0,0.25536385,0.21217088,0.456908,0.8844156,0.2953076,0.12403273,0.0997524
0.042895116,0.046808567,0.14564419,0.84803027,1.0,0.3074529,0.25240815,0.6835457,0.7976029,0.23807406,0.21809196,0.13069874
0.08443067,0.072085835,0.09372233,0.18743998,0.44047338,1.0,0.54307055,0.53711283,0.33921307,0.2506067,0.20310995,0.1412951
0.06853557,0.03840476,0.03433952,0.04940018,0.23364277,0.86304796,1.0,0.95914733,0.3379569,0.11254294,0.122810185,0.088984095
0.051857516,0.029823009,0.01845797,0.047849495,0.41305056,1.0,0.62345535,0.84743696,0.51839894,0.120726824,0.17239265,0.10228499
0.05500607,0.028500257,0.026564403,0.167279,1.0,0.85897034,0.30433837,0.53580433,0.68318295,0.15395546,0.18968855,0.13320608
0.053195857,0.017453754,0.044125047,0.40196872,1.0,0.33536962,0.18520267,0.4256234,0.87181586,0.1801632,0.15024948,0.14288403
0.017380264,0.006502251,0.025059989,0.27948567,0.4080894,0.07713305,0.09913038,0.5439798,1.0,0.18019047,0.10374828,0.06092735
0.006735046,0.005351343,0.018612899,0.2179074,0.28042868,0.053869724,0.092653796,0.5369066,1.0,0.14200243,0.049880337,0.025327552
0.009870725,0.021881318,0.041430306,0.3265933,0.860891,0.26217282,0.19456054,0.6342368,1.0,0.14926304,0.07058934,0.03104034
0.014647989,0.037607007,0.1547403,0.30845168,1.0,0.3600202,0.38939193,0.75246364,0.659197,0.15512952,0.13619736,0.036920816
0.023803648,0.032561228,0.2176881,0.42844608,0.99736774,0.36328033,0.62308437,1.0,0.68554455,0.18049334,0.1672901,0.06033565
0.02002783,0.034895994,0.16869585,0.43039316,0.9674209,0.37148604,0.8700878,1.0,0.57765144,0.18348235,0.16422851,0.056975204
0.011827445,0.036668062,0.13901658,0.35312334,0.61658216,0.2348017,0.77279,1.0,0.43642366,0.16111901,0.1681803,0.06315557
0.0060118116,0.022047019,0.15392452,0.4987739,0.40526465,0.19163935,0.63237417,1.0,0.36807817,0.1198478,0.12409898,0.063958876
0.003728344,0.036248628,0.2945834,0.6898174,0.28661174,0.25412247,0.7483827,1.0,0.34045133,0.119415306,0.14129704,0.070899874
0.003087239,0.032176923,0.33744472,0.7949987,0.5047272,0.29652402,0.8505068,1.0,0.3478168,0.108274475,0.1515543,0.0715589
0.0030328468,0.05016005,0.35909006,0.6925344,0.98266834,0.40089348,0.92628235,1.0,0.63393867,0.19741796,0.24559063,0.08546256
0.00177389,0.054042395,0.41279086,0.44191352,1.0,0.39034525,0.48254693,0.6892656,0.8794722,0.29635164,0.19302565,0.04532679
0.0018128379,0.047333527,0.35913107,0.48823103,0.6405473,0.21085915,0.17285609,0.46699303,1.0,0.4016341,0.15980515,0.04204259
0.0021116987,0.027827317,0.11273739,0.20093574,0.2473332,0.12604183,0.10233265,0.35659793,1.0,0.5167773,0.15078604,0.031247608
0.0030861753,0.016271122,0.07023651,0.24779245,0.20789002,0.44081706,0.50501835,0.41787603,0.9394233,1.0,0.3614955,0.03269668
0.0029429928,0.0095648235,0.09831055,0.6687186,0.71347994,0.7242621,1.0,0.53415763,0.6096289,0.8292364,0.3914036,0.03462808
0.0040853713,0.013215063,0.17980479,1.0,0.6874439,0.5464336,0.4563379,0.2741679,0.1670695,0.23303893,0.23509212,0.031141963
0.008438522,0.017611954,0.18310568,1.0,0.4732456,0.53552496,0.19732484,0.11586565,0.054898914,0.08915435,0.22366515,0.0333123
0.017230535,0.028104419,0.15364006,1.0,0.5285529,0.6827193,0.24505593,0.074591964,0.03769747,0.06548894,0.23710822,0.057590187
0.021114776,0.028256258,0.13412873,1.0,0.5368882,0.55544704,0.33589646,0.083192505,0.038292628,0.057832785,0.2524701,0.09057904
0.047573913,0.05478836,0.14942726,1.0,0.44201925,0.18332314,0.18992391,0.13056538,0.05343738,0.093683906,0.45060158,0.14037561
0.03435121,0.027132621,0.0746417,0.5942233,0.364656,0.03348786,0.034661666,0.08181038,0.053131614,0.148347,1.0,0.29968175
0.016967665,0.008423191,0.07315124,0.6838272,0.45772853,0.028087333,0.026083097,0.062395636,0.09280303,0.2554682,1.0,0.34341437
0.014075655,0.011232173,0.14696905,1.0,0.4808792,0.029735487,0.07191779,0.11341492,0.08734874,0.23557512,0.42058453,0.1589051
0.012540331,0.014721847,0.18812484,1.0,0.34011447,0.04001699,0.14229818,0.13034742,0.0447268,0.18460542,0.241801,0.08331393
0.008937968,0.010604002,0.20908824,1.0,0.28600705,0.034522764,0.1594029,0.15031618,0.04196319,0.1869315,0.23984283,0.080271855
0.007629325,0.01152796,0.25002465,1.0,0.23376183,0.027656516,0.15484045,0.14725852,0.026620321,0.13434498,0.2748836,0.08314226
0.008921216,0.012279831,0.2762649,1.0,0.20242178,0.028511371,0.14300607,0.097304456,0.024851818,0.15620379,0.3079147,0.11062955
0.015056728,0.017239572,0.32055324,1.0,0.20091543,0.045447595,0.1482654,0.086474866,0.032636713,0.19064483,0.30681247,0.1548284
0.006088561,0.014328055,0.40545374,1.0,0.1265705,0.02605723,0.13898449,0.16001233,0.025458196,0.12372311,0.2561083,0.06954674
0.002490464,0.01013882,0.42433137,1.0,0.098503195,0.009806739,0.09947995,0.1458787,0.011457432,0.08409903,0.21240903,0.019912705
0.0050567985,0.013994094,0.39413694,1.0,0.124593586,0.023105161,0.103255086,0.08195188,0.013589301,0.12019557,0.23784523,0.037239436
0.00662628,0.016089251,0.3573239,1.0,0.16164991,0.03194863,0.15224442,0.10784641,0.017914053,0.13287842,0.2742371,0.07384271
0.008769808,0.013271579,0.20289324,1.0,0.25670967,0.03329509,0.10964035,0.11270861,0.019626012,0.08236565,0.24753056,0.114460215
0.018154124,0.01598252,0.16245791,1.0,0.36694425,0.048228163,0.10504401,0.13491611,0.025243819,0.08431146,0.23874874,0.14768444
0.024017025,0.019179687,0.21201505,1.0,0.30661777,0.047731813,0.09436044,0.12342933,0.029663945,0.12263779,0.27414012,0.12862433
0.0061894814,0.016605172,0.31873962,1.0,0.15309644,0.022941682,0.050989654,0.11592917,0.022414794,0.09631667,0.23832318,0.0430978
0.004231382,0.01716373,0.59048414,1.0,0.07206773,0.015112356,0.03032635,0.052173037,0.015197633,0.16677666,0.2659308,0.014557455
0.006846701,0.029615464,0.90589195,1.0,0.04941292,0.016943006,0.031669162,0.024292614,0.019343289,0.36181697,0.36958098,0.010435312
0.0067487345,0.0657422,1.0,0.6334134,0.026222518,0.011065103,0.025872534,0.01688658,0.074303076,0.72199166,0.3647216,0.007122399
0.0038452044,0.09452759,0.6213998,0.18597093,0.009023333,0.008463492,0.023031762,0.008618163,0.15200168,1.0,0.2318916,0.0038756821
0.004840765,0.0765954,0.38528806,0.2791083,0.04121129,0.008835655,0.023022654,0.010206588,0.1455574,1.0,0.40129304,0.030269941
0.025837122,0.073276855,0.39606106,0.7409181,0.25585115,0.03943187,0.04059015,0.045796264,0.089310355,0.7483376,1.0,0.20510332
0.062219255,0.104816645,0.45136872,0.31796265,0.4295727,0.077826306,0.04530997,0.08218145,0.12135306,0.7616241,1.0,0.46794948
0.051123973,0.07923717,0.24510424,0.42682648,0.49875936,0.044849385,0.02268151,0.05596745,0.12519296,0.8657041,1.0,0.72346026
0.008462624,0.014966512,0.15288135,0.43965316,0.13283439,0.009253759,0.00530876,0.007469421,0.04806326,0.71139777,1.0,0.2242207
0.001939438,0.020899441,0.24116755,0.21568355,0.020307804,0.0028614604,0.002687446,0.0020645587,0.07212394,1.0,0.6791444,0.030318884
0.0014941483,0.04915673,0.18734097,0.045176305,0.0062962915,0.0015333196,0.0020235328,0.0032025985,0.22272503,1.0,0.21973944,0.0038666336
0.00128213,0.0575831,0.16827603,0.025128067,0.0061159185,0.0021478105,0.0019313814,0.0034198617,0.28927645,1.0,0.1328133,0.0025161742
0.0009165781,0.017208414,0.15398148,0.07720998,0.0052296654,0.0021841426,0.0013780948,0.0011602154,0.098383345,1.0,0.4863411,0.011179691
0.0010390966,0.004393384,0.115356766,0.14153029,0.008207024,0.0023579586,0.0016401069,0.0006636736,0.022718564,0.7861598,1.0,0.038095776
0.0008771724,0.005686925,0.12665997,0.16563742,0.011555519,0.0019064324,0.0010525278,0.0006840806,0.021015752,0.67196554,1.0,0.043023653
0.0021687262,0.052402955,0.20448335,0.09287511,0.009163696,0.0017644493,0.0006578441,0.0041474793,0.17464206,1.0,0.5719061,0.017041553
0.022063673,0.3106714,0.26054445,0.029511206,0.0149135245,0.0036437484,0.0012116549,0.057880726,1.0,0.9311939,0.14123401,0.005897792
0.042742684,0.2719226,0.07942746,0.0114667285,0.010646064,0.0038594485,0.001408992,0.13592403,1.0,0.24779937,0.017409842,0.0030133864
0.055754114,0.21331517,0.032607306,0.013354179,0.0051808814,0.0040537026,0.0019734828,0.20813157,1.0,0.1336322,0.007984756,0.0025938905
0.05836489,0.18038984,0.023402534,0.016725631,0.0060677626,0.0032035895,0.0029745775,0.27887028,1.0,0.10078647,0.009011691,0.001820244
0.036513437,0.13405453,0.020789634,0.010855739,0.0073208404,0.0028355813,0.002238571,0.22298461,1.0,0.1358881,0.01181551,0.001366253
0.0129891755,0.084421866,0.024779512,0.006210952,0.006565019,0.005684616,0.001994971,0.1354877,1.0,0.2041498,0.007292318,0.0013173906
0.0081496695,0.120125294,0.15215954,0.021768179,0.011782385,0.015738765,0.005409359,0.10903781,1.0,0.486151,0.02615552,0.0029836146
0.014169639,0.3612528,1.0,0.14473939,0.026344357,0.047968622,0.021917222,0.060982376,0.70621586,0.95849186,0.08446892,0.007827716
0.039515626,0.4201914,1.0,0.15315391,0.04243057,0.06452482,0.10769247,0.10597277,0.18681034,0.3755913,0.12977313,0.037134487
0.33963072,0.9633198,1.0,0.24691309,0.18166073,0.3366538,0.77377033,0.58339787,0.6297775,0.63052934,0.48942178,0.27806687
0.4192888,0.46835268,0.38017547,0.3823828,0.19502677,0.36830896,0.76551276,0.8508107,1.0,0.7084991,0.3332724,0.25603288
0.42483193,0.6707998,0.5679775,0.5103257,0.2528145,0.3249189,0.48537976,0.6743486,1.0,0.94983643,0.45400283,0.25151142
0.50235367,1.0,0.60888416,0.36828938,0.2370533,0.28012884,0.4531903,0.480818,0.44615367,0.6079229,0.5223265,0.2227248
0.3118606,0.6936136,0.55002236,0.27473867,0.28657725,0.3195074,0.4842475,0.63407373,1.0,0.96025276,0.76092696,0.25784054
0.10455477,0.25545484,0.24895866,0.14182189,0.122516364,0.13737683,0.26730812,0.24088436,1.0,0.9632911,0.7024216,0.116733015
0.092120014,0.5119319,1.0,0.32713327,0.11761046,0.2010855,0.3652481,0.22135049,0.68528175,0.94348675,0.65050524,0.096096635
0.051342584,0.34678906,1.0,0.27375197,0.06993069,0.10007718,0.11852682,0.12850794,0.21074793,0.49171638,0.31057885,0.04693336
0.1253699,0.45104206,0.6461704,0.24669886,0.15860586,0.1509581,0.1600445,0.18418385,0.3806365,1.0,0.5667969,0.093150385
0.27000257,0.51200753,0.6060933,0.42153108,0.19963013,0.26588935,0.4106171,0.32529232,0.87980396,1.0,0.48031604,0.17614175
0.21107325,0.34360355,0.45983988,0.30885488,0.11006523,0.16329923,0.23575214,0.25710362,0.7879379,1.0,0.37871197,0.11028115
0.15569955,0.35474828,0.5733339,0.1505519,0.066218376,0.09167765,0.056004256,0.15840223,0.7057031,1.0,0.29315075,0.07112638
0.22200073,0.4297624,0.7435004,0.24932009,0.21776164,0.14956237,0.058384374,0.27466816,0.921866,1.0,0.5256998,0.12779535
0.13521303,0.22283891,0.41792327,0.6542458,0.65860903,0.6609585,0.1057221,0.26315597,1.0,0.84954095,0.36052555,0.11072117
0.066770874,0.08157079,0.22653067,0.87316126,1.0,0.5090452,0.08118089,0.07871351,0.32842442,0.5731024,0.14475904,0.06474693
0.4255844,0.37592995,0.25140652,0.94391036,1.0,0.49704075,0.10465103,0.081763916,0.25824472,0.49839303,0.2314504,0.13023159
0.5684842,1.0,0.4543535,0.5297255,0.26065987,0.14770453,0.057580728,0.0822448,0.40660477,0.3457174,0.22669366,0.113029875
0.18321493,0.71318257,0.45267382,1.0,0.33841893,0.058773156,0.044564757,0.10478356,0.72171146,0.95542324,0.70266026,0.054166995
0.083641276,0.41956532,0.3203735,0.737272,0.3258095,0.046770155,0.03995999,0.0830978,0.4597059,1.0,0.92147213,0.04837595
0.39519304,0.62434566,0.43297908,0.49561486,0.18863651,0.07688399,0.09236506,0.17376013,0.90744454,0.8586862,1.0,0.42138523
0.40458614,0.25971138,0.1555525,0.07123296,0.037042476,0.049560163,0.055283967,0.102208465,0.36645985,0.5183899,1.0,0.72701293
0.1514851,0.15351486,0.15383333,0.095533386,0.062396232,0.08829996,0.05718137,0.15441018,0.30454952,0.5867571,1.0,0.43398833
0.20078515,0.27503327,0.30944243,0.19319311,0.06733834,0.11159397,0.094329454,0.17424671,0.47525427,0.947073,1.0,0.56000423
0.066113286,0.17737295,0.34005013,0.18044224,0.037704147,0.045694716,0.109806776,0.2720772,1.0,0.64892167,0.45990524,0.12650199
0.06454939,0.04795522,0.08497735,0.07836177,0.054688245,0.058744602,0.09043782,0.33500153,1.0,0.7484935,0.44675285,0.07965284
0.08186675,0.06984983,0.07389584,0.08940435,0.24558356,0.24085708,0.17891042,0.35910225,0.50757205,1.0,0.4026288,0.08649583
