0.009075258,0.018895002,0.0161898,0.030443074,0.06136506,0.3560554,1.0,0.92858714,0.36912778,0.043613285,0.025971545,0.014771095
0.0018320156,0.003733888,0.0011160293,0.002000262,0.0033312717,0.038710836,0.27996024,1.0,0.97026736,0.20048063,0.012483151,0.0023725405
0.0023728544,0.0018423948,0.0008706637,0.00053320173,0.00039798423,0.0017322713,0.035985775,0.35776082,1.0,0.81773716,0.22567435,0.02699452
0.2996027,0.058885086,0.0037691349,0.00037417683,0.00011646314,0.00014156636,0.0014984072,0.024090152,0.20624056,0.6982692,1.0,0.68505216
0.99742717,1.0,0.24296348,0.010550383,0.00019646964,9.027291e-05,6.825883e-05,0.0003817298,0.0026905867,0.031925768,0.17109124,0.41986173
0.2365077,1.0,0.48564517,0.01574724,0.00030525026,0.000120783756,4.064823e-05,0.00016928963,0.00059504726,0.00077492784,0.0026694671,0.029173268
0.092789,1.0,0.67628056,0.023166297,0.00048941653,0.00014309284,4.956652e-05,6.714697e-05,0.00020592482,0.0003218204,0.0012759103,0.006196323
0.20869185,1.0,0.79143524,0.043538127,0.0010425338,0.00017676826,8.342543e-05,0.0001159397,0.0006257278,0.0020684344,0.007405917,0.026282402
0.2868872,0.73170155,1.0,0.109645106,0.006100517,0.0017365371,0.0010736882,0.0017506494,0.00515731,0.015499807,0.037820686,0.066008985
1.0,0.8392903,0.35797384,0.12041254,0.16478284,0.25199792,0.3025012,0.31753668,0.19341445,0.06377986,0.039382234,0.09531591
0.16695607,0.1959219,0.09709156,0.3130646,1.0,0.48728436,0.3624798,0.43573692,0.30135274,0.1055664,0.06158661,0.17830487
0.033560533,0.020162689,0.01845221,0.19741626,1.0,0.21924748,0.026112568,0.034262016,0.028402794,0.011560861,0.03597802,0.17458788
0.03609231,0.044600036,0.047964457,0.19818859,1.0,0.26554486,0.026048291,0.038791876,0.01359191,0.0037918394,0.036685053,0.1512936
0.04403985,0.20511767,0.3170698,0.7460737,1.0,0.24818486,0.27550557,0.5436261,0.08688876,0.060380686,0.19395573,0.18202586
0.015692513,0.22831823,1.0,0.98508656,0.24232051,0.035242762,0.106520586,0.13812165,0.029016992,0.103175364,0.12913276,0.031256314
0.030940497,0.059181336,0.34900093,0.972922,1.0,0.39820907,0.12603907,0.02918758,0.008117617,0.035099667,0.09650139,0.08811113
0.08270078,0.021113042,0.06710271,0.17957973,0.727941,1.0,0.22494173,0.027778832,0.004628967,0.0052373507,0.011128632,0.04231647
0.08114189,0.014082996,0.030373553,0.06210268,0.51179737,1.0,0.20664224,0.025365438,0.0041890545,0.004913649,0.0021072298,0.024542993
0.049312025,0.021884015,0.09717775,0.37053582,1.0,0.76759195,0.19319937,0.036799826,0.0059707696,0.017228834,0.038600046,0.04621777
0.009955522,0.06142632,0.49115217,1.0,0.57347125,0.18522054,0.11222973,0.024804838,0.012799422,0.11449582,0.15427274,0.0318061
0.005141632,0.027561558,0.18994516,0.4783085,0.7739633,1.0,0.6707735,0.27807802,0.06518388,0.04489815,0.035202175,0.007402668
0.00062159996,0.0014582594,0.0048763044,0.03941601,0.26076397,0.72450525,1.0,0.6765631,0.18250689,0.018018564,0.0026752495,0.000865821
0.00038732932,0.0009666513,0.0023679945,0.006000341,0.07977553,0.35189608,0.95717824,1.0,0.34130666,0.04746358,0.007996249,0.0011200629
0.008298317,0.007849775,0.014223551,0.02976396,0.083686456,0.17467512,0.63365847,1.0,0.57402843,0.19044192,0.08030106,0.020013161
0.045068234,0.031015653,0.022421382,0.069804445,0.3342932,0.63880104,0.6942899,1.0,0.61040044,0.17549081,0.11519812,0.048531584
0.20297591,0.6751342,1.0,0.52174336,0.20973487,0.18786553,0.1530563,0.22463821,0.15379514,0.1608371,0.1041752,0.07047469
0.038742747,0.29296938,1.0,0.4836296,0.078694426,0.026815325,0.019748284,0.015494731,0.026696226,0.19348654,0.08405217,0.011277227
0.008511418,0.16008374,1.0,0.3961336,0.034326732,0.012807835,0.011453747,0.0060355,0.023403462,0.25487876,0.09097664,0.002746186
0.014875309,0.14827566,1.0,0.55922705,0.041429922,0.010248934,0.009350837,0.005426167,0.03282599,0.86116225,0.9601441,0.05547096
0.005109538,0.011100539,0.11167783,0.18970221,0.070541546,0.017277325,0.007905778,0.004101796,0.014621955,0.5351709,1.0,0.11464454
0.017193154,0.01549211,0.07424693,0.18731019,0.41025695,0.22909278,0.046354588,0.020022325,0.03049299,0.47163394,1.0,0.2119775
0.028485456,0.011254098,0.030958673,0.05534362,0.33355287,1.0,0.87072825,0.2805131,0.07390502,0.05921451,0.07679491,0.062051415
0.0070954636,0.010095961,0.0075560855,0.007932721,0.052861027,0.31023845,0.5584332,0.97192514,1.0,0.31272867,0.035724234,0.025367653
0.003223417,0.0070828153,0.0029499906,0.0021898227,0.008854174,0.01776735,0.028386658,0.26027706,0.72079074,1.0,0.37003314,0.03264219
0.043542735,0.0027730505,0.0006331174,0.00020150874,0.00045295208,0.0027672865,0.0025452464,0.010198873,0.0664378,0.5274943,1.0,0.51526153
0.52443373,0.045090135,0.0008313752,0.000101515136,0.00015590842,0.0012364468,0.0015011246,0.0008898286,0.0035873698,0.056157596,0.46958536,1.0
1.0,0.35344723,0.024014326,0.0017706555,0.00046687224,0.00071843434,0.00046417784,0.00027933385,0.00048227244,0.0019001798,0.042423405,0.4011301
0.54731256,1.0,0.26919207,0.01670893,0.001026431,0.004089644,0.0028481449,0.00021249859,0.00024000458,0.00029371318,0.00214482,0.0467515
0.419357,1.0,0.32453325,0.016880175,0.0006250446,0.0035394637,0.0028147893,0.00020753936,0.00034761842,0.0013107457,0.008067828,0.060092527
0.94569564,1.0,0.3160909,0.024477433,0.0052974783,0.0045827115,0.00592212,0.0075494414,0.018803228,0.07143802,0.1463591,0.3073667
0.1880261,0.9201787,1.0,0.15294173,0.037120994,0.016691465,0.018771749,0.06102567,0.31873268,0.5714697,0.6146357,0.18843304
0.083868265,0.9990332,1.0,0.054710135,0.0025971993,0.00071670936,0.0010316183,0.031397235,0.20149961,0.14152846,0.0616575,0.01662898
0.034947433,0.7689751,1.0,0.061771914,0.001476227,0.00038574048,0.0004814438,0.0111584645,0.16556634,0.18706878,0.0109857125,0.001231623
0.012472441,0.40895647,1.0,0.29258668,0.010663068,0.00084918836,0.001730108,0.0025049185,0.09540746,0.27090764,0.073649034,0.002018869
0.002586162,0.089900576,0.8057096,1.0,0.06975389,0.0033113086,0.0034221187,0.001461774,0.016506592,0.21577193,0.20816654,0.008877793
0.0022147093,0.0244487,0.44837272,1.0,0.11813541,0.008604722,0.0014543136,0.0009143155,0.0014950663,0.051681045,0.10630835,0.009292512
0.023265772,0.11521575,0.5388524,1.0,0.18736497,0.012794108,0.0014525543,0.0015311723,0.0022431223,0.014116105,0.02945719,0.012941167
0.14347427,0.56412274,1.0,0.71389234,0.18104047,0.015066305,0.004187029,0.0051729777,0.009763486,0.020435667,0.028699666,0.039553847
0.18591242,0.57763016,1.0,0.5023987,0.12276524,0.06780679,0.018943785,0.0042837895,0.0055956463,0.011641837,0.023487236,0.044639327
0.18463202,0.9770898,1.0,0.34002697,0.13599738,0.13159929,0.051631927,0.013047494,0.019746393,0.023483533,0.024813067,0.019871809
0.24916244,0.8532302,1.0,0.32204956,0.09292205,0.06351205,0.016247813,0.013410443,0.016610684,0.028935412,0.03648311,0.032668106
0.60703164,1.0,0.760955,0.1584438,0.062285475,0.06521733,0.0094043715,0.0039397124,0.0058095525,0.008607504,0.024906056,0.13425316
0.5619849,1.0,0.93838245,0.34699506,0.09852548,0.077922545,0.017273333,0.01920145,0.014068348,0.0152752185,0.03338955,0.13178433
0.37095335,0.6530077,1.0,0.8383333,0.20176482,0.2302302,0.094218746,0.20008491,0.11258466,0.03907419,0.058360323,0.1250392
0.59017056,1.0,0.5030585,0.2084922,0.1127182,0.12360251,0.058330934,0.064512596,0.046879806,0.04237906,0.053074334,0.11903851
0.7800071,1.0,0.4776192,0.07536005,0.06972986,0.09521222,0.08918546,0.082668416,0.047345966,0.025083626,0.039941706,0.14123976
0.984923,1.0,0.8155752,0.38101536,0.12591752,0.10837024,0.152018,0.19161095,0.12892675,0.09305391,0.14142692,0.550545
0.52331465,1.0,0.9239753,0.41074446,0.14116883,0.1025011,0.13549224,0.11597851,0.10219804,0.11038127,0.1533673,0.40422487
0.6470255,1.0,0.89175004,0.5109684,0.28564134,0.44172588,0.31860542,0.15421769,0.23206483,0.22072455,0.28798747,0.27763274
0.5735456,1.0,0.8676553,0.48063555,0.38782886,0.9922732,0.6717843,0.28213233,0.46973458,0.42666143,0.40544176,0.3376595
0.8097434,1.0,0.8173772,0.4578425,0.53787357,0.9902631,0.6097004,0.39600125,0.70289975,0.7732981,0.70378864,0.61543196
0.6919007,0.8631453,0.5460207,0.37381124,0.5146182,1.0,0.52909577,0.29915166,0.6852286,0.89249617,0.81169814,0.53148204
0.7064526,0.9834711,0.63916105,0.4957194,0.63758945,1.0,0.4901309,0.23743953,0.64990884,0.8136995,0.8311364,0.5256046
0.36582625,0.44942793,0.7604267,1.0,0.8682426,0.31541538,0.24186394,0.30242682,0.2933141,0.20212227,0.30585515,0.41418338
0.3616235,0.33894518,0.6958326,1.0,0.8128798,0.5891201,0.38776538,0.3640599,0.34630382,0.28353107,0.44437125,0.4993971
0.094224066,0.11282236,0.14875373,0.20303825,0.35178882,1.0,0.47096586,0.1897126,0.16268143,0.14606418,0.1740332,0.13169716
0.047759045,0.06303292,0.06328938,0.2539408,0.5429338,1.0,0.55870885,0.14999901,0.1657482,0.18175559,0.438737,0.15878133
0.071646236,0.084648915,0.078575514,0.28758913,0.78441834,0.81755346,0.7869279,0.31438324,0.24624333,0.5600147,1.0,0.2857164
0.04046692,0.03567563,0.10255763,0.22245142,0.282449,0.3399736,1.0,0.26745424,0.0698139,0.1424262,0.30788127,0.09149011
0.078311324,0.072000034,0.17200729,0.3513483,0.28738526,0.7363907,1.0,0.31893638,0.25791764,0.14029667,0.36073995,0.10092784
0.18127313,0.11512068,0.0529343,0.09370674,0.23075122,0.60663867,0.44550392,0.41303885,1.0,0.45298472,0.42917782,0.20218456
0.32710314,0.19478928,0.05641383,0.025667943,0.1292575,0.70759284,0.79280376,0.48847997,1.0,0.36497203,0.71103716,0.37066013
0.29583308,0.18090326,0.07673918,0.018292021,0.07253877,0.76191455,1.0,0.33032107,0.5057221,0.22187188,0.76560295,0.31409815
0.19120322,0.11001397,0.046568397,0.021734625,0.18309784,0.71865994,1.0,0.46616596,0.71469253,0.379918,0.7627437,0.22817197
0.08348943,0.046108652,0.021063969,0.0668592,0.2731195,1.0,0.93514115,0.16736798,0.19372454,0.26897934,0.2264691,0.086181924
0.103324,0.07574321,0.068214715,0.13077529,0.22048377,1.0,0.99430406,0.17654198,0.15160106,0.16038276,0.114520274,0.073504135
0.030724162,0.06004953,0.19361293,0.34415737,0.50829977,1.0,0.7431687,0.5530635,0.31235474,0.11511254,0.04813524,0.033834524
0.04064716,0.10528629,0.14905192,0.24737535,0.42083818,0.69698596,1.0,0.41101924,0.27839863,0.15229486,0.05322503,0.029087847
0.1406621,0.13401423,0.15429275,0.21683502,0.4045025,0.6426594,0.9084159,0.8124313,0.94986755,1.0,0.7589002,0.3210903
0.053736184,0.03368287,0.018996656,0.018110046,0.1334383,0.39512473,0.107110575,0.059015248,0.13384335,0.5193315,1.0,0.3376809
0.05776371,0.017929291,0.011191009,0.005823924,0.093564086,0.7401162,0.69961107,0.06807996,0.026450278,0.22656702,1.0,0.57809657
0.1098591,0.0039953995,0.001311499,0.0020263498,0.0060128532,0.1805178,1.0,0.3736878,0.005596072,0.009210201,0.12705131,0.34436414
0.12918517,0.0026041484,0.00046683606,0.0040220637,0.001751292,0.04434995,1.0,0.5648813,0.007603059,0.00057909294,0.015057349,0.24078766
0.13039741,0.002547227,0.0019500518,0.0077422117,0.002955224,0.045266982,1.0,0.5209183,0.008458977,0.0013219062,0.018978268,0.2859731
0.14798889,0.005173705,0.010977952,0.022947907,0.0076515237,0.066597044,1.0,0.405932,0.013295049,0.0074232,0.06618071,0.40060067
0.11602147,0.012041888,0.023753317,0.0270652,0.01298291,0.29639968,1.0,0.2365426,0.01311285,0.030329358,0.39581147,0.59255725
0.019860892,0.01212301,0.06772034,0.012682515,0.034723144,0.5345984,0.29253432,0.038124803,0.0049335593,0.08189163,1.0,0.5523664
0.0071979864,0.036912262,0.12296132,0.013956123,0.06809575,0.38761187,0.08559351,0.017528884,0.0056501133,0.21613015,1.0,0.26956415
0.007315216,0.08350765,0.122246906,0.013862595,0.16035597,0.29327065,0.035944942,0.016685681,0.025003355,0.6617919,1.0,0.11586983
0.0066436636,0.06262274,0.02558379,0.014379162,0.19651386,0.09397983,0.010183364,0.017107138,0.08430221,1.0,0.43083316,0.010883989
0.0045685153,0.020093601,0.0032875123,0.02100628,0.14511263,0.026384769,0.007716483,0.011795175,0.18919583,1.0,0.1502804,0.002073102
0.0016803244,0.0039580595,0.00068886473,0.01998813,0.080311306,0.008279572,0.0028343417,0.0058700456,0.3110686,1.0,0.085964054,0.0011229439
0.00092079095,0.00083246344,0.00068803976,0.019303747,0.034036573,0.0024818827,0.0021221552,0.034111142,0.8369567,1.0,0.048587848,0.00080746313
0.00083231897,0.00026849587,0.0006492094,0.007944215,0.0039292146,0.0005831728,0.0012628424,0.074841656,1.0,0.41300714,0.0063763806,0.0004777985
0.00092012214,0.00035086717,0.0005818983,0.005009495,0.0015602963,0.000556291,0.0010582563,0.06963479,1.0,0.37427634,0.0042244606,0.00067230745
0.001883615,0.00072325947,0.0014992111,0.0059754318,0.0017927467,0.000862549,0.0033462567,0.102071665,1.0,0.35142505,0.004464439,0.0014730851
0.0022335746,0.0024294264,0.009370705,0.010075967,0.0036795598,0.012475084,0.08840969,0.4134975,1.0,0.1981101,0.0026044655,0.0019264723
0.0060270075,0.017969517,0.037070442,0.04778173,0.14716344,0.37551504,0.8414146,1.0,0.60930246,0.08479076,0.0038583558,0.002280384
0.028895538,0.037276097,0.06850309,0.24088655,0.70162874,1.0,0.78242797,0.23127821,0.18483022,0.081942044,0.010622838,0.016125925
0.09252685,0.029342102,0.065987684,0.3438727,0.8005436,0.47226042,0.50464416,0.45168367,1.0,0.4093928,0.18346766,0.4633201
0.035551935,0.018905919,0.03969264,0.5230372,1.0,0.25715873,0.23329714,0.39615053,0.97551507,0.1945492,0.20690869,0.48093605
0.06889451,0.037450437,0.08667318,0.35119873,1.0,0.24377643,0.0822051,0.4400657,0.91588914,0.17105734,0.104624785,0.46172592
0.11604618,0.055539574,0.16080315,0.19658507,1.0,0.3512768,0.08732222,0.16840036,0.20909573,0.06532024,0.055922683,0.4757834
0.060962282,0.07095824,0.12428992,0.36196575,1.0,0.26052538,0.04663898,0.0373938,0.08740664,0.029107068,0.09913277,0.3679607
0.02125684,0.08725039,0.10757667,1.0,0.9812642,0.13693708,0.050339814,0.039003618,0.17358322,0.07143654,0.3818226,0.35347313
0.0109224515,0.040704258,0.120494,1.0,0.42947552,0.049514145,0.025090152,0.020129306,0.09742899,0.06525263,0.4350304,0.1650813
0.011695727,0.053939614,0.12278999,1.0,0.47142136,0.03772763,0.012061712,0.013542829,0.061999116,0.042275053,0.42698595,0.19358103
0.01519079,0.0985261,0.1091355,1.0,0.6909888,0.04027626,0.01267608,0.010937565,0.02169354,0.021086957,0.41084966,0.29333645
0.017349496,0.11204599,0.11422491,1.0,0.6550794,0.038364004,0.010140211,0.0062306304,0.009767386,0.016879449,0.38098595,0.25688693
0.01349149,0.05659716,0.14454596,1.0,0.4498207,0.033808254,0.008810614,0.0036912046,0.0054660616,0.039827235,0.51110786,0.18105303
0.009920634,0.030488292,0.17703833,1.0,0.39547917,0.023011083,0.005624122,0.0054262257,0.008896893,0.09531918,0.96348035,0.29288188
0.005735891,0.019357871,0.17095736,0.63393486,0.29770693,0.022282582,0.0030867937,0.003347106,0.0070054415,0.15844104,1.0,0.2673825
0.0451094,0.12292434,0.36492014,0.7400392,0.36781356,0.11421664,0.031831972,0.01569651,0.013142855,0.23289475,1.0,0.25203001
0.11553301,0.359336,1.0,0.7958942,0.36820018,0.31765553,0.18536966,0.06752141,0.014569066,0.033064425,0.049812496,0.015924416
0.02367054,0.46213725,1.0,0.16050361,0.053629253,0.035796273,0.04281765,0.01335975,0.0061444407,0.012269828,0.0050822324,0.0032945944
0.018331828,0.50056994,1.0,0.06780202,0.01831259,0.008292406,0.013032659,0.0057963724,0.004064389,0.005825302,0.00085849816,0.0030221352
0.019771965,0.36248285,1.0,0.113385655,0.0441855,0.019247217,0.051103517,0.010724099,0.0044896677,0.008525947,0.0021806832,0.004549381
0.03951249,0.2243108,1.0,0.24913841,0.13774005,0.087436594,0.33565664,0.05578572,0.01280994,0.021610502,0.01002187,0.011917765
0.042106986,0.30683595,1.0,0.18759643,0.15242046,0.170458,0.5378328,0.0776366,0.056617204,0.11836161,0.03256448,0.020918388
0.024561312,0.62500024,1.0,0.06586501,0.03842503,0.075676695,0.11154423,0.020508101,0.071426176,0.3098046,0.113276474,0.012521216
0.060036264,0.60357505,1.0,0.17783919,0.050011273,0.09557638,0.08706682,0.01790264,0.039478533,0.15172115,0.061237384,0.01690191
0.23922133,0.9934896,1.0,0.566817,0.50429857,0.5681241,0.2610103,0.06142064,0.029134724,0.095711514,0.07363385,0.054034613
0.28496495,0.36525038,0.26755133,0.23643357,0.36125135,1.0,0.33497298,0.0700012,0.034254048,0.050870955,0.039172325,0.04038375
0.25908482,0.16182914,0.19264944,0.1853654,0.27535763,1.0,0.37620974,0.067293346,0.039490137,0.06970332,0.036631804,0.040011417
0.23399208,1.0,0.52838975,0.33971637,0.47093445,0.6257212,0.39219767,0.07223344,0.0404535,0.08258804,0.04281055,0.047235724
0.41432652,1.0,0.24366935,0.45567167,0.21887688,0.55972296,0.17941028,0.040242773,0.016342247,0.03796878,0.049327105,0.018356172
0.60219896,1.0,0.22200847,0.9470537,0.4413926,0.97503835,0.26052716,0.038629543,0.009006765,0.02952609,0.10652436,0.05819713
0.22485642,0.5807309,0.22881147,1.0,0.6890212,0.82132876,0.38231632,0.030538589,0.0137813315,0.015656684,0.13397132,0.13007753
0.12020202,0.27428675,0.45683554,1.0,0.636005,0.40412924,0.27870667,0.054805376,0.040899273,0.02983353,0.14426151,0.20686613
0.6208362,0.950477,0.5762907,1.0,0.4794562,0.44178414,0.21988054,0.08505122,0.1373795,0.19877745,0.18067418,0.28198135
0.3404391,1.0,0.7020503,0.2611596,0.51623607,0.7784293,0.26530352,0.059507832,0.092876635,0.06996432,0.1575659,0.17495692
0.29641196,1.0,0.5916795,0.36562285,0.4033631,0.5267961,0.40985587,0.1265758,0.16775548,0.21004166,0.27500483,0.14229035
0.4690088,0.8949907,0.86588544,1.0,0.85508543,0.9634828,0.597538,0.4962313,0.40302783,0.5754227,0.45121753,0.35123596
0.08276835,0.11221163,0.07560935,0.14814219,0.51614374,1.0,0.4257948,0.14723076,0.15089682,0.10528406,0.111153156,0.10742011
0.12962069,0.053581983,0.03160769,0.27119172,0.7303779,1.0,0.28375438,0.12493022,0.110427976,0.04636768,0.12769692,0.15415467
0.15038686,0.14902283,0.03261311,0.07976246,0.2733288,0.8460439,1.0,0.23634695,0.04275212,0.009655893,0.014635142,0.036704212
0.089218915,0.15837014,0.07564673,0.04906892,0.07580208,0.5206926,1.0,0.42306206,0.15320624,0.07373663,0.044695184,0.016395831
0.12839368,0.1631877,0.13848364,0.10137704,0.09136751,0.46300396,1.0,0.6379594,0.46560213,0.6518591,0.9825341,0.45891514
0.17670402,0.011158814,0.0064415303,0.0072380737,0.012752699,0.06734369,0.16420217,0.04142904,0.031275686,0.15846075,0.62481385,1.0
0.07446645,0.0074834866,0.01827459,0.08506077,0.11102357,0.07650244,0.074405,0.13643627,0.5290249,0.8887775,1.0,0.5250235
0.0027410646,0.0059476485,0.0688988,0.10725357,0.051863775,0.011328845,0.05816236,0.8716978,1.0,0.34678793,0.13177794,0.020361787
0.00067621237,0.0094361575,0.08473,0.034296893,0.004707131,0.0010489105,0.093210116,1.0,0.45781776,0.030085135,0.0029727845,0.0013171511
0.0006319035,0.010831638,0.11597369,0.03529743,0.0005271827,0.0008898439,0.10264169,1.0,0.27780575,0.0033726802,0.00044862446,0.0014785918
0.00052672235,0.0047317883,0.094710566,0.04749733,0.0007559662,0.00066410005,0.057219546,1.0,0.4875567,0.0068555996,0.00020002248,0.0013655473
0.00052349584,0.003087333,0.0792394,0.051501896,0.0009824559,0.0006309983,0.040479593,1.0,0.63321126,0.010436556,0.00023166362,0.0012176496
0.0005327538,0.004352178,0.08716165,0.047409337,0.00085675967,0.00075596786,0.049572624,1.0,0.5431598,0.008180607,0.00021319816,0.0010972382
0.0006707345,0.010671253,0.09836683,0.030785494,0.00051975175,0.0011122834,0.11234333,1.0,0.30113536,0.003554173,0.00020047884,0.0008270642
0.0011458466,0.030949932,0.09225105,0.010183894,0.00037995278,0.003405282,0.28022137,1.0,0.13175173,0.0009380751,0.00028902816,0.0006139514
0.0029254612,0.09248274,0.12536088,0.0049518356,0.00057153456,0.01813042,0.72817826,1.0,0.098036304,0.0009878518,0.00046483718,0.00065734703
0.0042253165,0.0913872,0.06538471,0.0020738035,0.00052995223,0.048638742,1.0,0.67310494,0.032867197,0.00055195345,0.00035306407,0.0004030999
0.011403952,0.10896714,0.029344289,0.00093728123,0.00072407327,0.10074614,1.0,0.3441717,0.014602608,0.00028562252,0.00020460863,0.00019456662
0.036804713,0.19616607,0.027779076,0.00068211806,0.0016419714,0.21310507,1.0,0.16362265,0.013342407,0.0003291406,0.0002451007,0.00030269867
0.054680172,0.20599996,0.017951207,0.00032956514,0.0024788692,0.29004058,1.0,0.107134335,0.007016806,0.00027064988,0.00022607736,0.00045184683
0.10562112,0.25353453,0.016098173,0.00022519409,0.0068476605,0.46456513,1.0,0.07326252,0.0024693664,0.00023893647,0.00022486376,0.0012654344
0.28718925,0.31490818,0.009831098,0.00022911679,0.030560898,1.0,0.98997307,0.034616664,0.0017677373,0.00039373664,0.0002511818,0.0069762412
0.30557865,0.19080155,0.003200756,0.00022176567,0.045958407,1.0,0.6347742,0.014832811,0.0013937781,0.00036978084,0.00017710289,0.011785823
0.3720213,0.13924056,0.001688054,0.0004984714,0.08232401,1.0,0.40091056,0.012469218,0.0024203043,0.00038441634,0.00018506656,0.025344482
0.46353507,0.08733649,0.0008207107,0.001580898,0.20617068,1.0,0.1704201,0.005953709,0.0017511981,0.00041081666,0.00045349263,0.06993051
0.35346037,0.030502252,0.0003067223,0.004164057,0.36301827,1.0,0.09459663,0.0021537086,0.0003512852,0.00024848996,0.0010151623,0.11186424
0.3449501,0.017552499,0.00030765243,0.008887534,0.53568065,1.0,0.06063752,0.0011978158,0.00022084017,0.00021420397,0.0021954877,0.17241694
0.39090517,0.014478159,0.00047248753,0.022652028,0.8747693,1.0,0.040162977,0.0028775742,0.0004451025,0.00024299281,0.005567865,0.29310796
0.20656934,0.0057381736,0.0003908132,0.04767458,1.0,0.6973431,0.019144146,0.0029062212,0.00030557465,0.00011190589,0.008817405,0.25660065
0.07848744,0.0017864786,0.00062608655,0.11088368,1.0,0.3435924,0.011044689,0.0017773017,0.00014281612,0.0001054464,0.018215626,0.2136715
0.03548175,0.00067487353,0.001036756,0.17543957,1.0,0.16876104,0.0071720746,0.0011525535,0.00013209709,0.00016488096,0.028930161,0.19958556
0.025978008,0.0006536544,0.0018881494,0.22443447,1.0,0.13298428,0.00619705,0.0009475316,0.00021322384,0.00022808737,0.033629168,0.18370754
0.014067248,0.00042085024,0.004093299,0.3418499,1.0,0.087898284,0.00306972,0.00043316468,0.00019243264,0.0003538135,0.040075004,0.14074983
0.00629483,0.0001907022,0.0062097353,0.45045552,1.0,0.06462318,0.0015007881,0.00020643455,0.00013608091,0.00050083536,0.044693135,0.10689293
0.004727462,0.00017777517,0.011765052,0.6325675,1.0,0.04739452,0.0011273902,0.00015802299,0.00012736702,0.000916963,0.063931756,0.10916497
0.0037544144,0.0002256372,0.036118098,1.0,0.9541989,0.03148989,0.0009305446,0.00021767535,0.00016799287,0.0029790953,0.11285754,0.12256693
0.0010057902,0.00039905027,0.07368775,1.0,0.44454902,0.008386855,0.00036497696,0.00016238495,7.278469e-05,0.0055493317,0.10674027,0.05607947
0.00033764358,0.00049541064,0.098705925,1.0,0.31070864,0.0030689028,0.0001328998,0.00014628623,4.3443175e-05,0.006456416,0.093291804,0.031896822
0.00022990996,0.0006619144,0.12239085,1.0,0.2603818,0.0025805992,6.952293e-05,0.00015355824,7.1262046e-05,0.008464062,0.08748835,0.023543674
9.0034e-05,0.0014077266,0.19849461,1.0,0.15760233,0.0010163606,7.525201e-05,0.00011617652,9.094287e-05,0.0128538115,0.07278441,0.010553732
6.663672e-05,0.0039448044,0.30749065,1.0,0.106968,0.0006120031,9.66903e-05,0.00012644229,0.00016146498,0.01668416,0.05909128,0.0052667283
0.0019923826,0.053925145,0.7571357,1.0,0.068188295,0.0007445185,0.00048947876,0.00022323219,0.0017461845,0.030913537,0.051795963,0.0033335462
0.094767906,0.51773995,1.0,0.4534107,0.01592435,0.0033812327,0.0024519714,0.0043324265,0.014307476,0.02890259,0.016496878,0.009881744
0.40353367,1.0,0.5170417,0.10063877,0.00792826,0.011031508,0.009713567,0.023878539,0.02866305,0.015171792,0.021842241,0.07108601
0.81680316,1.0,0.88590056,0.2742797,0.041718945,0.033210836,0.056327775,0.113548234,0.06539691,0.068805836,0.115548134,0.25538498
0.15231512,0.43651527,1.0,0.7199021,0.14021632,0.06820853,0.09739446,0.18006313,0.07180719,0.072035655,0.053846862,0.07562692
0.1364032,0.21701843,1.0,0.7700727,0.1411099,0.004212359,0.010159891,0.03646965,0.033141762,0.014303777,0.011136698,0.0369762
0.73194546,0.9526327,0.3680028,0.44736335,0.12141287,0.006480952,0.018580252,0.21306948,1.0,0.9861537,0.1516743,0.07927981
0.09391835,0.14259256,0.03628118,0.056110475,0.0127684325,0.0014999108,0.0032363718,0.026342882,0.42351604,1.0,0.16778362,0.010494575
0.045461625,0.07090075,0.03528002,0.023053212,0.0050334255,0.0010878934,0.0030869122,0.015489769,0.43418714,1.0,0.13936919,0.009809873
0.23846069,0.1589226,0.124358065,0.045884814,0.0056554703,0.0024638537,0.006852438,0.080687776,0.8675641,1.0,0.1017763,0.059424773
0.25600448,0.104816616,0.049117204,0.022737253,0.0053761746,0.0037497582,0.014510133,0.09270213,1.0,0.83382785,0.1198964,0.08151254
0.079539135,0.039591312,0.01353234,0.008436412,0.009112138,0.013826317,0.023421776,0.12299411,1.0,0.8536488,0.23196633,0.07476269
0.025217704,0.041314434,0.02649825,0.011243905,0.022137567,0.013144837,0.012780292,0.08320969,0.42072546,1.0,0.44184148,0.054612797
0.015863976,0.052278973,0.039149716,0.0099885715,0.031559482,0.03802389,0.015214558,0.030856894,0.15844643,1.0,0.94785506,0.084319234
0.124629796,0.117179066,0.049176585,0.03463298,0.09881504,0.1331014,0.097152986,0.14844826,0.3136988,1.0,0.69635373,0.13004158
0.49934316,0.16231124,0.5097091,0.7875556,0.22239138,0.22263509,0.35569775,0.5441925,0.5688535,1.0,0.47251332,0.3178907
0.11983213,0.20882124,0.63636893,0.49778843,0.21281049,0.24380311,0.84222025,1.0,0.1273487,0.08733912,0.11259606,0.07955406
0.049192753,0.1689431,0.32618517,0.1766588,0.2663099,0.45962957,0.9895337,1.0,0.44189993,0.083808444,0.075853296,0.063074775
0.08285241,0.07188219,0.09171591,0.22861524,0.15080926,0.3423446,0.61260533,0.56743807,1.0,0.2717602,0.030880392,0.028673176
0.34822637,0.5285374,0.12900145,0.23790857,0.10523522,0.16273788,0.702528,0.7225937,1.0,0.6928679,0.05138872,0.029252704
0.32264274,1.0,0.10359078,0.021554993,0.1576082,0.08643992,0.17805131,0.11695565,0.08152507,0.55627877,0.18555416,0.011621192
0.19887988,0.72663707,0.11578702,0.018103682,0.4023826,0.31044498,0.035249013,0.11461705,0.08530931,1.0,0.76055676,0.04705872
0.33822265,0.10805639,0.052169338,0.013635637,0.36012763,0.35977563,0.12296447,0.98512745,0.34829277,1.0,0.92436,0.35935998
0.31391022,0.06595918,0.024024978,0.008287292,0.1262166,0.09298211,0.16888888,1.0,0.25695923,0.56475556,0.34226307,0.45510375
0.28478763,0.11541297,0.015662054,0.026121108,0.13899763,0.06871831,0.45065537,1.0,0.3968189,0.95932966,0.3592298,0.75539047
0.45245123,0.10833862,0.0072062323,0.035578404,0.060147345,0.127694,0.7553875,0.50134987,0.9561214,0.81888133,0.9678032,1.0
0.64094454,0.030154128,0.0042417906,0.009074574,0.010956408,0.09735057,0.21465845,0.5498423,0.8525599,0.1872869,0.5355634,1.0
0.42867532,0.02212604,0.01841987,0.06410012,0.031302586,0.029923564,0.076422654,0.6236946,0.5697367,0.15528733,0.17046869,1.0
0.19130047,0.08147517,0.075590506,0.26745656,0.20525798,0.03494828,0.052686673,0.21881758,0.63920796,1.0,0.38966316,0.3470214
0.06273531,0.12715138,0.12735723,0.07017833,0.07397114,0.04171916,0.023408746,0.038543746,0.1552007,0.6103799,1.0,0.32804585
0.03579272,0.03161463,0.035523582,0.017352391,0.0030417347,0.013958015,0.016899131,0.011042544,0.04411795,0.13408327,1.0,0.4927853
0.0774808,0.019044643,0.006561398,0.0036329844,0.0006635826,0.0059360927,0.012011352,0.0047588055,0.020959588,0.28378594,1.0,0.35300568
0.1489973,0.026784815,0.004747959,0.0012204933,0.0012317336,0.014351556,0.022909118,0.008469107,0.15032499,1.0,0.73004365,0.20229961
0.024655089,0.016366562,0.0026853073,0.0013077395,0.0033999297,0.021286843,0.01774157,0.012099416,0.34971824,1.0,0.19517778,0.034769658
0.020599566,0.0339145,0.0026728376,0.0036433127,0.010215977,0.04093215,0.018388607,0.01388312,0.38901505,1.0,0.14358829,0.0179319
0.010531058,0.018932713,0.0019965845,0.0019883504,0.006095357,0.027375102,0.014588896,0.010669674,0.34671256,1.0,0.18938471,0.016928842
0.0039572692,0.0042586327,0.0012689886,0.0006783497,0.0018002214,0.0044605625,0.004426038,0.007843395,0.29226682,1.0,0.2806794,0.03282792
0.003213037,0.005964042,0.008337943,0.0021501489,0.0023474023,0.005289533,0.0033403528,0.009384458,0.16871235,1.0,0.8766556,0.08902501
0.0054852967,0.02289384,0.039573897,0.0077636275,0.011954677,0.03449278,0.01960047,0.013345342,0.030888354,0.5044956,1.0,0.11495339
0.053813417,0.08320839,0.10202096,0.07988731,0.32933944,0.737193,0.22300784,0.20010753,0.22065257,0.91511256,1.0,0.16003999
0.013199696,0.013214202,0.018541152,0.093141384,0.577413,1.0,0.24036439,0.21591924,0.1005895,0.0664039,0.024803387,0.011178813
0.011333955,0.009018623,0.017715769,0.11959925,0.784251,1.0,0.43763262,0.31482008,0.68624026,0.41106495,0.053387053,0.023237841
0.008303046,0.007998401,0.00968312,0.022799369,0.1770681,0.27240345,0.14070691,0.15423481,1.0,0.90933347,0.11540697,0.02025548
0.009771185,0.023842495,0.026927266,0.012669907,0.049180526,0.10609994,0.05299969,0.074886695,0.483859,1.0,0.56767905,0.08645359
0.017534215,0.026793962,0.024938077,0.012028591,0.052569456,0.09187442,0.028162047,0.035205238,0.07394021,0.46337873,1.0,0.20876893
0.030509653,0.028616708,0.030752687,0.03151434,0.14795472,0.2548361,0.13248678,0.08971019,0.096959725,0.5314275,1.0,0.21077132
0.021689603,0.030144995,0.029138051,0.077503294,0.8991094,1.0,0.32347476,0.20711066,0.43186694,0.8509587,0.26124695,0.052452996
0.0081960475,0.008046736,0.011440586,0.07554075,0.9587091,0.9994032,0.27552953,0.5805714,1.0,0.32394436,0.04223392,0.013509841
0.0017685675,0.0008948204,0.0024558099,0.010663058,0.10701821,0.10730254,0.073570676,0.6568213,1.0,0.111593194,0.011436224,0.0036571042
0.00073517504,0.00029873196,0.0009941448,0.0031628879,0.027003769,0.024651866,0.042302925,0.5049237,1.0,0.23479156,0.016936244,0.0030385293
0.0071279383,0.0021843906,0.0027167709,0.002795182,0.007478303,0.012274524,0.030752055,0.31708324,1.0,0.99864674,0.3717392,0.051851396
0.01366885,0.0041903732,0.0048847366,0.0022511848,0.0019464686,0.0041215545,0.009132893,0.020944344,0.12538858,0.81648135,1.0,0.15549977
0.00858966,0.0053174263,0.0064490195,0.0018082783,0.001298231,0.0020275507,0.0062666223,0.031121703,0.22797781,1.0,0.83636403,0.11977921
0.06590422,0.014646725,0.007265272,0.0100064585,0.010829864,0.015414292,0.012914508,0.06922272,0.6891668,1.0,0.21663383,0.1590794
0.46032694,0.17270653,0.03531979,0.04451356,0.094907284,0.38632032,1.0,0.84492606,0.47348902,0.49340355,0.47563702,0.92619616
0.09702935,0.057792038,0.020252299,0.02805706,0.07532224,0.29698962,0.9311869,1.0,0.5899313,0.69214344,0.4223057,0.16981958
0.02305537,0.009898303,0.008370356,0.008028338,0.01738183,0.052649323,0.12464088,0.19821954,0.38805345,1.0,0.71145785,0.08924736
0.04575037,0.039259214,0.021424785,0.0054584118,0.0064970274,0.01528332,0.02948532,0.07472337,0.2599735,0.8682064,1.0,0.13656309
0.2454495,0.11326417,0.027029522,0.0053194324,0.0072726384,0.0086229155,0.026165795,0.07152877,0.2003449,0.6794256,1.0,0.22702208
0.32651472,0.073039144,0.028741198,0.006390859,0.008071365,0.011957517,0.04529969,0.11355138,0.2988417,0.9648453,1.0,0.30958578
0.22615096,0.102287814,0.0299604,0.006249528,0.0043102377,0.011835913,0.026720216,0.10759287,0.34501168,1.0,0.714121,0.19249864
0.31231275,0.6210077,0.32854003,0.029178217,0.004729334,0.019586658,0.01899629,0.14009455,0.8923192,1.0,0.22602627,0.122143425
0.0934194,0.7997982,1.0,0.08688466,0.005018598,0.025242094,0.015899757,0.02784527,0.48687,0.72214806,0.08110551,0.03329843
0.0348421,0.47536406,1.0,0.12940499,0.008526037,0.010046826,0.022733225,0.009489808,0.09678651,0.24578871,0.044078335,0.017199391
0.03150145,0.3595918,1.0,0.2175333,0.018533517,0.020384878,0.12676497,0.050329134,0.062549055,0.2973547,0.09032675,0.015323463
0.10957573,0.5243422,1.0,0.3682496,0.05095109,0.0891612,0.5053278,0.19151454,0.098944105,0.45168972,0.17702574,0.039166335
0.45777345,0.8737302,1.0,0.25635695,0.057548735,0.22119242,0.7008333,0.40481487,0.548546,0.95670134,0.27501947,0.24295318
0.14856683,0.053770307,0.0321359,0.027392656,0.070550986,0.14397238,0.22462825,0.2888041,0.7078838,1.0,0.67855185,0.279221
0.1769404,0.08982456,0.06579553,0.053325027,0.08341226,0.31329527,0.58407557,1.0,0.99433666,0.7623531,0.31475893,0.18608019
0.1569498,0.40497395,0.67204374,0.69136524,0.33432785,0.1830225,0.5468138,1.0,0.5713224,0.38054907,0.36611915,0.14242174
0.0176161,0.04532771,0.14199014,1.0,0.6272037,0.041208044,0.03501432,0.031099575,0.0071288776,0.017314652,0.08693588,0.03192905
0.0067744902,0.004339386,0.026010275,0.64385885,1.0,0.11237231,0.007240536,0.006176535,0.0018300163,0.0017909417,0.022174487,0.017211003
0.0027789178,0.00053214515,0.003010698,0.19966343,1.0,0.29488137,0.011469175,0.0019915702,0.0014921195,0.0004284561,0.0038186258,0.01005057
0.0064881295,0.0006279421,0.0010354352,0.08191735,1.0,0.5733253,0.02546916,0.0036671157,0.0056789606,0.0016428514,0.001815777,0.01657508
0.01933156,0.0062444904,0.0125945965,0.12322575,1.0,0.7087008,0.0402665,0.014594862,0.022661744,0.013540729,0.037264273,0.06360313
0.060229845,0.053940903,0.34079283,0.8800904,1.0,0.26080167,0.06477918,0.087153584,0.10753511,0.8341009,0.72295505,0.18831834
0.028016621,0.025532892,0.2336473,0.21058215,0.16550371,0.048385777,0.034405764,0.025649969,0.07816013,1.0,0.7065243,0.064821996
0.046626054,0.026788287,0.12118641,0.41674763,0.47697574,0.09510689,0.02139843,0.074997894,0.07185668,0.4488386,1.0,0.39709648
0.0982726,0.016159613,0.03811538,0.19787207,1.0,0.30730477,0.011176376,0.034934413,0.08317911,0.04475663,0.1937316,0.43652493
0.072561145,0.020949192,0.045514494,0.2775878,1.0,0.23858806,0.017828176,0.010264725,0.0321328,0.030140007,0.13996318,0.3363445
0.15030159,0.24951817,0.49128646,0.9154633,1.0,0.13088362,0.06541991,0.032919258,0.052259438,0.4544346,0.8709924,0.46977264
0.6375088,1.0,0.7360011,0.2633209,0.17530662,0.05585009,0.06300308,0.02626973,0.10136744,0.54075944,0.46211207,0.34250823
0.9226224,1.0,0.42121,0.11610978,0.24832119,0.07933944,0.025022674,0.021941165,0.08287685,0.16795926,0.19031441,0.48362684
0.674478,1.0,0.2633437,0.24185923,0.4823956,0.6935251,0.6280339,0.15480812,0.051730156,0.030962333,0.034611885,0.088856764
0.40548834,1.0,0.3013826,0.0717861,0.16198325,0.28741133,0.9671539,0.8984459,0.12810245,0.010325336,0.018414434,0.03719366
0.058775555,0.22482848,0.15461677,0.018788317,0.10353639,0.120675996,0.626242,1.0,0.1359621,0.0058713444,0.017809002,0.028168067
0.17828742,0.19786677,0.12505256,0.07001028,0.2162411,0.43880865,1.0,0.92590183,0.13460368,0.008782967,0.025677498,0.093164794
0.76241165,0.36803302,0.18907076,0.66699946,0.9968919,1.0,0.75088227,0.24982645,0.046507824,0.017379837,0.17451829,0.7724862
0.2207358,0.20789833,0.15756781,1.0,0.89716417,0.21740866,0.0511411,0.028056804,0.014996947,0.015440074,0.28091273,0.7474191
0.36475444,0.043454975,0.060180906,0.17724638,0.7486021,1.0,0.13403021,0.012602535,0.008241416,0.0080656605,0.081278786,0.6266597
0.14757952,0.012422975,0.023286358,0.037697934,0.38160634,1.0,0.14050543,0.006966995,0.004027833,0.0062496513,0.0056777364,0.09030929
0.11602532,0.012807928,0.029297227,0.058397625,0.68267494,1.0,0.10399866,0.00620119,0.0063868705,0.006971043,0.008804414,0.09079021
0.06907667,0.047954693,0.08685734,0.32764846,1.0,0.4885706,0.043026786,0.009873036,0.008873609,0.017735302,0.1235371,0.21517712
0.16488874,0.20472799,0.89984226,1.0,0.58241844,0.19291802,0.05932052,0.026904706,0.03790646,0.24469775,0.4336642,0.24172248
0.16745597,0.1926088,1.0,0.50945866,0.2952107,0.16818163,0.06155952,0.022061381,0.042910684,0.30434817,0.19496548,0.07061807
0.07048141,0.11258023,0.4146213,1.0,0.58508825,0.18390206,0.031384673,0.020556528,0.0136528695,0.14046931,0.377077,0.11092538
0.025597394,0.040062748,0.08578619,0.36049548,1.0,0.24802125,0.01324545,0.0065607014,0.008480444,0.012912637,0.08473059,0.1111094
0.032102022,0.009659328,0.036423452,0.09629603,1.0,0.4036732,0.010444184,0.0026848356,0.007104534,0.0019806332,0.0073219305,0.07968882
0.026240565,0.02064111,0.039602604,0.22926708,1.0,0.33839446,0.010821478,0.006825831,0.006991448,0.0027181504,0.033452205,0.09872303
0.015626473,0.050258428,0.23138347,1.0,0.69538736,0.09476539,0.017241215,0.03300731,0.010009001,0.04535343,0.21292725,0.10367285
0.014812342,0.059081025,0.8546872,1.0,0.136817,0.03051192,0.027050521,0.024535561,0.011498016,0.19165404,0.23094268,0.021498812
0.011207103,0.04991597,0.77285004,1.0,0.18094362,0.02366834,0.021425596,0.019434037,0.00830563,0.16246486,0.21524987,0.032512844
0.036322314,0.026019055,0.26629475,1.0,0.9855115,0.2554971,0.022514116,0.020974366,0.008415514,0.043716177,0.19044639,0.15145533
0.13649522,0.019658584,0.051260367,0.17513843,1.0,0.8151052,0.054347146,0.009995954,0.019412702,0.0184199,0.032155536,0.13939548
0.1749136,0.037943378,0.058802217,0.17035374,1.0,0.76415527,0.053722702,0.020748163,0.047310166,0.041973498,0.039526757,0.18424602
0.054800127,0.04777834,0.27736583,0.84359187,1.0,0.2987615,0.029765984,0.034578286,0.039727334,0.06733907,0.15384138,0.1511585
0.08938564,0.122909985,0.9983839,1.0,0.23513538,0.094207585,0.044020437,0.0557394,0.07979278,0.19575316,0.20206355,0.077747494
0.15289657,0.18538898,1.0,0.870079,0.28260022,0.20671466,0.13181455,0.12257657,0.16903466,0.26232344,0.2510356,0.11000195
0.08257172,0.15856658,0.40157667,1.0,0.83386827,0.2803677,0.108769186,0.100624055,0.1038558,0.23841414,0.23862523,0.1055281
0.054855622,0.063559435,0.09747828,0.39032826,1.0,0.5384208,0.07561379,0.053400185,0.043936394,0.09214614,0.075362414,0.071126625
0.19475362,0.055649355,0.11014418,0.16970316,0.79346794,1.0,0.14729609,0.06108724,0.0805446,0.11543886,0.03833199,0.10062137
0.104735546,0.04717082,0.10874774,0.37207168,1.0,0.48256004,0.078752086,0.037556663,0.048930652,0.065177575,0.058778036,0.11563144
0.042677753,0.2859099,0.96057445,1.0,0.7449112,0.16748227,0.06814908,0.038319867,0.07562858,0.15902355,0.14978352,0.0687467
0.029550234,0.5710429,1.0,0.2295205,0.18782403,0.03349807,0.019768106,0.009112423,0.06405373,0.15446724,0.03425321,0.013136172
0.028075717,0.45952028,1.0,0.45931932,0.25313467,0.03729414,0.020446133,0.0070890565,0.04574545,0.16625327,0.0690069,0.016373698
0.028457018,0.11057256,0.4238963,1.0,0.86461616,0.14806926,0.019393224,0.01234772,0.014586148,0.08052988,0.13590519,0.08073257
0.05912461,0.019150116,0.08481419,0.25451034,1.0,0.4834776,0.026255563,0.009331536,0.014394535,0.011474662,0.01959577,0.09603261
0.09819266,0.011034276,0.06020323,0.11041326,1.0,0.74205375,0.03995336,0.011157077,0.01999084,0.014552787,0.007811325,0.1017355
0.030704977,0.021359457,0.14076012,0.48712152,1.0,0.29777947,0.01666238,0.005076708,0.0073493198,0.019616384,0.05790848,0.07874541
0.018872585,0.3467326,1.0,0.6325054,0.31207132,0.05201123,0.010962948,0.004547445,0.027028088,0.10640737,0.08570039,0.023288082
0.025066573,0.6419403,1.0,0.1332241,0.078029625,0.01868452,0.009601013,0.0019100535,0.038717393,0.081558704,0.01150808,0.0033307367
0.019283727,0.44056687,1.0,0.36547455,0.095079646,0.019169193,0.012385315,0.0040170075,0.024354331,0.094451375,0.046470627,0.0075572208
0.022962835,0.09919235,0.48683375,1.0,0.65201783,0.14373538,0.019386841,0.011253715,0.0088476185,0.07159574,0.14045887,0.076443374
0.08816503,0.021724157,0.0688757,0.3360189,1.0,0.8340835,0.12245823,0.010063083,0.005232808,0.011860425,0.033858057,0.093359634
0.11316726,0.01934702,0.031248972,0.10686686,0.6356954,1.0,0.17033453,0.011918792,0.010465236,0.01836979,0.012008337,0.06278294
0.048060346,0.059919108,0.5106618,1.0,0.9354158,0.4022061,0.043674145,0.00999886,0.013144483,0.08018394,0.13632905,0.10317017
0.008818712,0.1623208,1.0,0.57779264,0.09618516,0.02202018,0.010439309,0.0038595719,0.016261166,0.15004908,0.08260599,0.013220571
0.008954379,0.14279243,1.0,0.9584481,0.18205516,0.033856366,0.017767418,0.013539097,0.01650366,0.17017855,0.18491101,0.033393253
0.021407371,0.020039173,0.29054505,1.0,0.8335107,0.16396274,0.012940369,0.01562534,0.0062447432,0.045452364,0.16323216,0.10922
0.052997373,0.0050358824,0.043491393,0.18020551,1.0,0.495629,0.018659621,0.0036709292,0.0027637717,0.0027652336,0.016271558,0.103839815
0.028791202,0.0022161969,0.027019013,0.3603631,1.0,0.36590284,0.016277166,0.0018471588,0.0016477258,0.002244802,0.032267325,0.08407254
0.0039460445,0.007599969,0.135837,1.0,0.6066601,0.047578543,0.0064933673,0.0070508667,0.0017381049,0.01075608,0.0848342,0.043510076
0.03276314,0.037820183,0.23743579,1.0,0.6152359,0.22108765,0.07692288,0.024342632,0.00644674,0.027042432,0.097968124,0.045738816
0.086940534,0.05800579,0.13022363,0.46767208,0.79567283,1.0,0.5216896,0.20045342,0.059149165,0.0358518,0.09677655,0.07912574
0.043269306,0.033126812,0.056524243,0.19701724,0.6378851,1.0,0.731005,0.46338916,0.16416593,0.047019787,0.07279152,0.036820803
0.018935604,0.06805811,0.7025741,1.0,0.36337793,0.10335613,0.27180335,0.15591358,0.060820896,0.3947714,0.39167422,0.021964036
0.017533917,0.064567894,1.0,0.8903355,0.07723433,0.04228744,0.30509052,0.13209333,0.029524313,0.49632663,0.335255,0.010735362
0.013778511,0.0629448,1.0,0.87074804,0.051348876,0.033802938,0.26440048,0.14383063,0.017183146,0.3642206,0.26783216,0.007858862
0.01002477,0.07985473,1.0,0.73681974,0.04166096,0.02715183,0.18602306,0.11297195,0.025225008,0.20458147,0.15221363,0.007128696
0.009395671,0.26078117,1.0,0.21657276,0.017819991,0.047995217,0.08424243,0.025627095,0.07696791,0.19331193,0.04251907,0.003575492
0.020997783,0.6044747,1.0,0.07516586,0.0054292083,0.022483148,0.013873377,0.0037714804,0.038342413,0.06002352,0.004713898,0.0005295794
0.02881208,0.86785936,1.0,0.044194642,0.001587655,0.0037159275,0.0019240928,0.0022330445,0.022565005,0.017008035,0.00097106025,0.00028305344
0.025152558,0.8909477,1.0,0.03612316,0.00063900696,0.0009403518,0.0010211212,0.0019890186,0.022663161,0.027605636,0.0011139691,0.00016223945
0.015459708,0.70712954,1.0,0.044997774,0.000828017,0.00059482147,0.0008486055,0.0026065982,0.037183832,0.07231318,0.0038285702,0.0001202505
0.009460619,0.54811084,1.0,0.060264762,0.0007873468,0.0003508724,0.0004173816,0.0021476184,0.039533027,0.10130608,0.006487127,0.00011580632
0.0075868582,0.48283422,1.0,0.06980867,0.00053463667,0.00023119069,0.00027374973,0.0016405501,0.04553392,0.12568295,0.008981421,0.00013289112
0.0044649527,0.3431946,1.0,0.09893826,0.00065958034,0.00021187581,0.0003430922,0.0013677899,0.044683125,0.16951187,0.01669793,0.00021803843
0.0026646499,0.24530299,1.0,0.12500952,0.00071291166,0.00022898514,0.0004760453,0.0014382657,0.053672887,0.2302997,0.02447151,0.00034912906
0.0024123013,0.25118124,1.0,0.121864885,0.0005965533,0.00030771966,0.0005159209,0.0010975528,0.05476697,0.22745042,0.022588978,0.00025724433
0.0026324338,0.26556888,1.0,0.11918234,0.00060730026,0.0006369097,0.0010879936,0.0007314799,0.046663195,0.19604824,0.020027487,0.00029423714
0.0035574657,0.28745914,1.0,0.10958398,0.0009199354,0.0023626823,0.004112346,0.0006480312,0.034767155,0.1494646,0.015651952,0.0007719997
0.008364111,0.3839772,1.0,0.08774286,0.0018963928,0.0048244637,0.008629372,0.00070990424,0.025184589,0.096311346,0.009896474,0.0030541464
0.013633651,0.39664796,1.0,0.08241893,0.009299036,0.007159423,0.019338205,0.0019593071,0.018800315,0.06868852,0.010664388,0.008105196
0.020445183,0.32112482,1.0,0.1091651,0.04278238,0.011055645,0.02027561,0.0028252718,0.010878371,0.056308474,0.016895024,0.014760094
0.033920616,0.27195844,1.0,0.15447049,0.14294145,0.034850653,0.0068525393,0.0012615619,0.007932144,0.06059101,0.025918363,0.023039237
0.07210836,0.17765953,1.0,0.29448098,0.5304871,0.1853331,0.009894977,0.0018781489,0.0077405074,0.10241898,0.060068566,0.045704592
0.23642138,0.113195635,0.6804833,0.30548355,1.0,0.34193116,0.021716544,0.004438279,0.015553467,0.11843002,0.08225625,0.12291185
0.5076601,0.263998,0.82013226,0.2704702,1.0,0.19030657,0.024230566,0.004524358,0.027608374,0.08292908,0.09240097,0.3752274
0.344674,0.32775998,1.0,0.24161336,0.43638673,0.059756067,0.013776429,0.0030316645,0.013154123,0.03802301,0.063483894,0.30803618
0.4097919,0.22083767,1.0,0.36294806,0.8422057,0.2674589,0.010624807,0.0034413333,0.008299359,0.06212203,0.053959824,0.17425522
0.4721412,0.13736744,0.6995004,0.45386577,1.0,0.48319992,0.00951308,0.0032123523,0.004279783,0.054068223,0.04568202,0.107906625
0.6435369,0.23546205,1.0,0.70859283,0.69187975,0.46806744,0.01548011,0.0065986495,0.00487961,0.048841573,0.048366804,0.10373235
0.3497643,0.29382172,1.0,0.50583225,0.18804048,0.14310366,0.011967725,0.007300807,0.009418034,0.037129093,0.030314239,0.063236006
0.059487734,0.30064905,1.0,0.92168605,0.3203724,0.12108317,0.033547103,0.011838465,0.02109032,0.036939405,0.035497073,0.026222203
0.04109855,0.30809474,0.56398785,1.0,0.96366996,0.24326348,0.11401038,0.013611874,0.012498522,0.021785922,0.053865593,0.09117894
0.07967138,0.8792735,0.82035863,0.39792427,1.0,0.23238376,0.22672439,0.023791572,0.0077921646,0.008310174,0.046573818,0.1597094
0.14110723,1.0,0.65503734,0.58427095,0.8867334,0.32011327,0.42284232,0.034498498,0.006351461,0.0058698514,0.061882664,0.12763983
0.38888797,0.82802784,0.43211126,1.0,0.46139225,0.32147542,0.33087552,0.054815695,0.0059989053,0.015287837,0.075474694,0.07086951
0.6645881,0.73699754,0.6901917,1.0,0.24601245,0.15559638,0.28642645,0.11494879,0.012180499,0.033526644,0.06567574,0.089247614
0.9224041,1.0,0.87180173,0.81574994,0.6841428,0.506906,0.88625515,0.31303108,0.12377985,0.14321916,0.24377136,0.45586473
0.18989122,0.46406066,0.63252556,1.0,0.8552549,0.74326926,0.44462556,0.13731912,0.20069227,0.2670547,0.17096436,0.16695593
0.07744114,0.09308986,0.27280986,0.8392065,0.5346423,1.0,0.906161,0.49767047,0.7330564,0.3412611,0.108595595,0.06660548
0.1143283,0.13367812,0.37513,0.61797225,0.6600486,1.0,0.86043346,0.49297413,0.679819,0.30762714,0.115774475,0.09352479
0.3544787,0.46598625,0.4882403,0.36771744,0.7258825,1.0,0.556339,0.37318873,0.44382772,0.34891555,0.31433737,0.21518521
0.3540067,0.4717267,0.34039408,0.42675492,0.87541384,1.0,0.45680824,0.44184148,0.5001178,0.4232571,0.5477279,0.31957224
0.19673412,0.41201407,0.3455914,0.47117463,1.0,0.7905911,0.44045967,0.45401627,0.4465357,0.35504633,0.34406298,0.20268396
0.13458864,0.47509468,0.36335117,0.37176067,1.0,0.6654333,0.36128575,0.24056576,0.101829134,0.08491431,0.10701623,0.07495991
0.1261726,1.0,0.89272404,0.26073664,0.5605677,0.3093986,0.49632508,0.7065442,0.10442478,0.029589018,0.047439624,0.049092673
0.06450829,0.70360297,1.0,0.20634256,0.19079322,0.06390965,0.30800796,0.98281854,0.17185786,0.013554877,0.025829324,0.02748111
0.055043153,0.23275064,0.74174935,0.16468953,0.074096285,0.0497192,0.23027016,1.0,0.2544788,0.014799434,0.016766781,0.032512426
0.48720554,0.7559094,0.4849217,0.43765473,1.0,0.36266777,0.4383971,0.8003643,0.40955555,0.19697511,0.9152318,0.7521373
0.010848074,0.020187581,0.07073922,0.5249946,0.37671828,0.044804312,0.014977457,0.03818688,0.013120561,0.1437559,1.0,0.26609808
0.015116987,0.0020126642,0.023707673,0.58893377,1.0,0.09838961,0.0027432481,0.0016683551,0.0009946253,0.03804611,0.43878585,0.23833658
0.050026033,0.0013755809,0.004730308,0.24626559,1.0,0.17439587,0.005658276,0.0014227468,0.0008811224,0.0044359975,0.094570704,0.2571158
0.106687605,0.0018879657,0.0012342407,0.11018674,1.0,0.31062454,0.013381205,0.0032560516,0.00095198926,0.0006488951,0.03410579,0.337196
0.11527384,0.0022291967,0.0045038313,0.17751274,1.0,0.31173316,0.01961185,0.0044113714,0.0013069535,0.0052116327,0.15698661,0.5434904
0.04104153,0.0027055878,0.07770878,0.6670788,0.65545034,0.08163731,0.010890806,0.003500136,0.002346235,0.12592164,1.0,0.6348456
0.0066456543,0.0032089006,0.17417632,0.5202318,0.17007445,0.025245495,0.0016158386,0.0015114014,0.0033389593,0.31561336,1.0,0.13544564
0.0048340675,0.003711575,0.17376117,0.61906564,0.21657208,0.02202939,0.0011338957,0.001277232,0.003479335,0.3005025,1.0,0.15328604
0.02157029,0.0024836706,0.051313728,0.81967497,1.0,0.0785774,0.0011702701,0.0014978475,0.0014336155,0.05670454,0.51609707,0.362428
0.008805849,0.00062758254,0.015217236,0.61685926,1.0,0.06288677,0.0005651897,0.00047032704,0.0006381634,0.0019482713,0.036098134,0.08808367
0.0029078536,0.0015033962,0.063787594,1.0,0.7905,0.032003336,0.0012121567,0.0010505717,0.0022296961,0.0024959662,0.018183809,0.030308155
0.00079797104,0.0065847575,0.2517114,1.0,0.27369905,0.013603195,0.0016702319,0.0015654593,0.002694744,0.0044551464,0.012474959,0.0075188074
0.0011369332,0.011995236,0.46378413,1.0,0.17598882,0.011869069,0.002183829,0.0023847823,0.0024064067,0.005426041,0.017203756,0.007878763
0.009978469,0.012059598,0.30727574,1.0,0.6384317,0.07203116,0.0078095,0.0053880187,0.010002721,0.012055214,0.049186677,0.053072598
0.037903614,0.024792124,0.056721363,0.36300668,1.0,0.3032166,0.046260677,0.031713076,0.06565651,0.056210507,0.061947305,0.08962491
0.03479029,0.040496703,0.07284805,0.5019944,1.0,0.2558593,0.091803476,0.0791021,0.11149197,0.13842715,0.10443968,0.11152818
0.014950832,0.015064373,0.12546907,1.0,0.58301485,0.08835849,0.037290137,0.04686151,0.03302313,0.040228374,0.11484938,0.061322447
0.013012163,0.010802964,0.16073301,1.0,0.54692984,0.19272973,0.0664055,0.03381467,0.02580451,0.030582992,0.07017377,0.031837866
0.06979724,0.054347478,0.105324306,0.49995622,0.9012934,1.0,0.98928964,0.6954959,0.27398625,0.11996312,0.10625587,0.07307359
0.034301214,0.048162322,0.04632939,0.11406303,0.26169327,0.40864706,0.83043605,1.0,0.41711146,0.11284741,0.05129694,0.031252954
0.05651505,0.13159671,0.43378773,1.0,0.81052417,0.517691,0.6834834,0.7535799,0.33033568,0.18278715,0.16278102,0.05111378
0.026731264,0.0859569,0.8982446,1.0,0.24147332,0.09832302,0.046348777,0.056937397,0.05503021,0.16916768,0.16935806,0.017402625
0.021887718,0.15981814,1.0,0.7453518,0.09998874,0.061652035,0.03386418,0.03205867,0.028603395,0.15534747,0.13953893,0.01170741
0.09475787,0.51473075,1.0,0.52568024,0.102538496,0.10305624,0.06355297,0.055245403,0.02439846,0.12435816,0.099391185,0.028243612
0.550208,1.0,0.7270293,0.21910515,0.11814923,0.21853197,0.15558246,0.118976064,0.086785875,0.20173898,0.11138058,0.19479923
0.94493306,0.8456976,0.7379041,0.81222796,0.7941747,0.6631538,0.7561718,0.5837451,0.40404034,0.77518934,1.0,0.8171714
0.031875577,0.5130054,1.0,0.21348955,0.052842077,0.03966821,0.040184077,0.010146017,0.005358636,0.008737361,0.007248719,0.010440009
0.022064986,0.5819962,1.0,0.1123336,0.028942158,0.030504843,0.0092235515,0.003126375,0.0064735636,0.0075248876,0.0026231029,0.0040277657
0.02101001,0.6726288,1.0,0.06906226,0.018404074,0.02472401,0.004331322,0.002000426,0.009055841,0.009497926,0.0022849333,0.0018348484
0.014762879,0.5679805,1.0,0.06974549,0.013118099,0.011456958,0.0027598047,0.0013665941,0.0037449503,0.004374923,0.0009976502,0.00093900564
0.012318154,0.49747106,1.0,0.088325396,0.009808922,0.0058439425,0.002503637,0.0013324657,0.0020000807,0.003685,0.00080047635,0.0011105007
0.08246338,1.0,0.9729989,0.109545305,0.011203031,0.026237754,0.008083296,0.0146554485,0.15905096,0.21359739,0.048236683,0.012820525
0.07012247,1.0,0.74040294,0.034455232,0.004563998,0.014634614,0.0037346294,0.02585669,0.57157075,0.5317591,0.06857298,0.03195193
0.03455635,0.8660903,1.0,0.061836686,0.0032451334,0.0050744936,0.0034864342,0.02073287,0.7048953,0.8724887,0.047283437,0.019759694
0.009658727,0.30038396,0.91397655,0.12984306,0.017322546,0.007692201,0.0026353912,0.005687156,0.3576732,1.0,0.08597575,0.003944073
0.009778432,0.20080987,1.0,0.18605328,0.034983795,0.023982894,0.008513545,0.0060408926,0.22181684,0.8783889,0.10001836,0.0056572203
0.026209095,0.3747616,1.0,0.11451161,0.028991738,0.041209098,0.016615018,0.01247031,0.09521144,0.34044644,0.060524847,0.02258138
0.037080135,0.7631029,1.0,0.05992237,0.033426087,0.039975338,0.016224992,0.015136337,0.086813554,0.16671076,0.03771742,0.017926157
0.03820248,0.8273806,1.0,0.058477763,0.02710647,0.03253684,0.023322228,0.015393436,0.036408834,0.044088382,0.029221084,0.01611023
0.014495818,0.45548075,1.0,0.093057685,0.011396307,0.019689817,0.019132592,0.009897863,0.013667403,0.014531492,0.007556866,0.005660425
0.0057705864,0.29085734,1.0,0.122304164,0.008212039,0.007638416,0.008789824,0.0056395265,0.0068314406,0.010643232,0.0023693966,0.0019517152
0.0026206006,0.18103042,1.0,0.19008167,0.0082860105,0.0029966733,0.0031064458,0.0020945724,0.0041742553,0.011545955,0.0023949542,0.0014932477
0.0028530736,0.17003483,1.0,0.19756,0.005663067,0.0022055227,0.0014243423,0.000826673,0.0025723889,0.011719201,0.0022184802,0.0019334462
0.005157771,0.19100738,1.0,0.16774222,0.0040025944,0.004662683,0.0032368584,0.00052756834,0.0030849986,0.017071886,0.0035540487,0.0030088676
0.0064743953,0.16020945,1.0,0.20186108,0.0033327285,0.0047772876,0.0038090968,0.00077717146,0.0023786672,0.017131107,0.0053950464,0.004535578
0.0075863227,0.14906223,1.0,0.2078911,0.0031572622,0.0026747314,0.0032406275,0.001513009,0.0024876413,0.017250635,0.0047280965,0.0058982684
0.007312397,0.18899408,1.0,0.16603178,0.0027210503,0.0026878105,0.002569415,0.00095347856,0.0042231935,0.022990037,0.004419393,0.005023772
0.008580922,0.23548388,1.0,0.13526319,0.0016932226,0.0020883218,0.0017911635,0.00061202276,0.0044561224,0.02282354,0.0039026295,0.0064879563
0.012393828,0.2527845,1.0,0.12528917,0.0012760187,0.0010622148,0.0012680314,0.00040822016,0.0039876285,0.020219544,0.0035655762,0.009359324
0.0151410885,0.27404574,1.0,0.118763626,0.0011886553,0.0010165777,0.0016751796,0.0004545156,0.004913349,0.025845602,0.004627721,0.009466207
0.019783128,0.28496367,1.0,0.11900493,0.0012722182,0.0024379687,0.0023828174,0.0006203404,0.00661584,0.03778345,0.0066045024,0.010142516
0.024742246,0.19469278,1.0,0.18444204,0.001835036,0.0017584532,0.0014985316,0.0004815365,0.005592974,0.041673526,0.009492414,0.01094821
0.025080135,0.11083127,1.0,0.31387162,0.0035859484,0.00038939863,0.00092567346,0.00049928064,0.0022919178,0.030003687,0.012559169,0.013613091
0.031656858,0.095221974,1.0,0.38556308,0.0060521774,0.0012917245,0.002214918,0.0005772331,0.002634944,0.029872742,0.012000672,0.014629341
0.01373382,0.12840597,1.0,0.26914382,0.0050635673,0.0017242469,0.003007728,0.0005745073,0.0038049514,0.027675966,0.007836453,0.0064091017
0.029834589,0.18691163,1.0,0.16780709,0.0038578568,0.0010244702,0.0018420884,0.00072166015,0.019245652,0.17501025,0.05456099,0.021469347
0.049511187,0.21018764,1.0,0.15988456,0.0034877243,0.0013687186,0.0015918552,0.0006822865,0.032593943,0.24648891,0.055739116,0.0324175
0.036765207,0.1995967,1.0,0.15722884,0.003110288,0.0012163033,0.0018343516,0.0007507908,0.044509117,0.26133394,0.039542373,0.021031935
0.028926283,0.2409069,1.0,0.12467185,0.0028952358,0.0013850852,0.002254645,0.002051842,0.067696474,0.3279108,0.04586712,0.015984207
0.023072025,0.32543865,1.0,0.093485974,0.006628762,0.015943319,0.008743972,0.009695282,0.13385116,0.433602,0.073256046,0.022735206
0.02863459,0.32956862,1.0,0.09975173,0.022138508,0.034199648,0.027170997,0.01752873,0.208326,0.5807171,0.07466341,0.02357664
0.021331262,0.21879275,1.0,0.2071975,0.033492878,0.028419126,0.018181993,0.010270264,0.09198548,0.5653467,0.12589204,0.013988041
0.012378253,0.11423365,1.0,0.485288,0.026502922,0.039097108,0.03335762,0.012200109,0.077831276,0.6033378,0.2786843,0.010763804
0.0121027725,0.08167125,1.0,0.644748,0.047904775,0.03190876,0.030472051,0.021606397,0.08858162,0.75199044,0.3997748,0.014939102
0.017723002,0.23987913,1.0,0.34611985,0.04420444,0.02232305,0.021015458,0.028545395,0.22806866,0.8928697,0.22020431,0.010878427
0.033215698,0.65440756,1.0,0.081106395,0.012460661,0.023146113,0.015753198,0.013381207,0.21864115,0.48660645,0.04438571,0.008039491
0.029826771,0.6813572,1.0,0.06449971,0.0065459036,0.024197968,0.012470331,0.007954549,0.13544562,0.252409,0.037023712,0.013560772
0.012085546,0.2946207,1.0,0.19938509,0.011324756,0.014325442,0.008728716,0.0053073447,0.088772655,0.37312117,0.116443895,0.009771294
0.010205985,0.106976494,1.0,0.75935584,0.041087933,0.012400487,0.012323656,0.013139437,0.051441096,0.5412924,0.49572235,0.020190127
0.007861831,0.12769549,1.0,0.7471737,0.040077902,0.008372668,0.0118611595,0.009836818,0.042602576,0.53700995,0.50610024,0.022175752
0.03890863,0.70524555,1.0,0.20005882,0.011558594,0.0039292574,0.0031148158,0.0058141723,0.13976744,0.32453737,0.08907485,0.004903082
0.057709135,1.0,0.73745567,0.02664793,0.002928029,0.004696712,0.0018480192,0.006910078,0.14866157,0.13822089,0.010103011,0.0017538919
0.029342463,0.6257697,1.0,0.13066797,0.0024693434,0.0025198811,0.0023621062,0.0044458504,0.16630718,0.5848345,0.08945996,0.0014852965
0.010200287,0.18860771,0.84882057,0.2270624,0.005223641,0.00134827,0.0011773128,0.0036143658,0.2416029,1.0,0.14302444,0.0025056917
0.16125807,0.5494567,0.8330525,0.19457892,0.021349931,0.013106198,0.005457992,0.016919984,0.35242727,1.0,0.21276379,0.059934895
0.053838752,0.10092361,0.1454336,0.042077757,0.03671922,0.024561174,0.016072309,0.028002014,0.24384739,1.0,0.4945662,0.07062844
0.07614931,0.09182733,0.06301445,0.019495577,0.017780175,0.02646854,0.0226082,0.034332428,0.15693484,1.0,0.87764245,0.24415296
0.49718884,0.25813076,0.08316817,0.022253891,0.022842033,0.037351236,0.044757657,0.07760419,0.2370922,0.93241036,1.0,0.5811925
1.0,0.38397732,0.13012812,0.10686143,0.053680405,0.060752556,0.24449444,0.8342426,0.78793657,0.6091826,0.38440996,0.44357625
0.101148464,0.02422925,0.030188516,0.03440726,0.037975956,0.059858363,0.1165467,0.49756435,1.0,0.5341019,0.30572462,0.17239004
0.014908774,0.012152457,0.0123330075,0.01240314,0.013373367,0.03530101,0.045051794,0.26724002,1.0,0.92509514,0.4493146,0.07056687
0.037867144,0.01770486,0.015653564,0.016436346,0.010434924,0.016773783,0.02986469,0.19107689,0.7215938,1.0,0.40506414,0.04985337
0.1207396,0.04349875,0.06235986,0.044352487,0.020923063,0.026835551,0.07938872,0.29048944,0.8607312,1.0,0.3569176,0.16103461
0.12223746,0.03778712,0.06401198,0.04299601,0.012172384,0.018711392,0.06922477,0.16057548,0.9891832,1.0,0.34367943,0.23298363
0.078236476,0.050637137,0.032438993,0.029292509,0.0066618933,0.016198738,0.06574351,0.23203066,1.0,0.9853634,0.59782046,0.11545528
0.03852722,0.0145009365,0.01256844,0.02915766,0.016066305,0.010230234,0.041563343,0.2342215,0.53998655,1.0,0.89444673,0.06620948
0.020062711,0.010288131,0.0067459,0.010756193,0.00739202,0.0044341604,0.00883699,0.060416926,0.49126375,1.0,0.71476996,0.08249862
0.026624588,0.019281913,0.011627726,0.008219231,0.0059631965,0.00827141,0.019251257,0.050328474,0.6328685,1.0,0.8070711,0.24263123
0.11409126,0.04788641,0.034681085,0.030337295,0.021228101,0.02231001,0.10263416,0.20184243,0.7685928,0.93696374,1.0,0.5515909
0.23382011,0.22192739,0.26135185,0.23520802,0.13152692,0.13320713,0.14709556,0.22819203,0.42239586,0.6525655,1.0,0.5474187
0.076353066,0.13338389,0.47231182,1.0,0.59619886,0.14251547,0.084846415,0.10494565,0.08188618,0.109765716,0.21769795,0.25135544
0.5991869,0.061455667,0.21067236,0.6535734,1.0,0.44661173,0.07464454,0.04218892,0.017459653,0.034491528,0.15168414,0.8400181
0.79068744,0.025268372,0.008481453,0.044078313,0.31412062,0.26926777,0.029769897,0.003356142,0.0027931626,0.005218892,0.06247611,1.0
0.3648269,0.008973866,0.0067525464,0.053432014,0.16562444,0.092004776,0.007479062,0.001702062,0.0015973038,0.014716113,0.24992236,1.0
0.14307745,0.014984535,0.14041743,0.2365,0.14255105,0.064593315,0.008829627,0.0036512727,0.0076305727,0.16912287,0.74714005,1.0
0.06267904,0.07250253,0.8966641,0.8928537,0.099291675,0.036379658,0.0154100275,0.008561411,0.037689842,0.8077163,1.0,0.32683632
0.018900484,0.019821156,0.2801355,1.0,0.33764312,0.02289865,0.0040883278,0.0035053354,0.00823303,0.17191018,0.5054586,0.116476916
0.012840882,0.0117977625,0.0950542,1.0,0.77574533,0.04100106,0.0053765047,0.0044063204,0.0029098704,0.024074143,0.2074495,0.09541419
0.018836519,0.15924518,1.0,0.92481965,0.44408935,0.052444723,0.080831125,0.03549933,0.020619305,0.07584558,0.07288966,0.03812084
0.0044193966,0.10018161,1.0,0.7525378,0.075187005,0.017171487,0.02075657,0.006785684,0.009594533,0.026304305,0.0049176277,0.0026589506
0.005479659,0.15495919,1.0,0.74358135,0.13492373,0.032703232,0.025654092,0.01616911,0.021138681,0.05068624,0.007570618,0.0038171983
0.012277967,0.31217873,1.0,0.23326461,0.06828679,0.06379614,0.06357847,0.052459143,0.08077667,0.20275849,0.022867134,0.0068363897
0.010279315,0.2611314,1.0,0.13366844,0.021830762,0.042818263,0.05557835,0.035367567,0.08991046,0.3155097,0.03648059,0.004774203
0.009099818,0.19000627,1.0,0.17687228,0.029051853,0.023157837,0.06451715,0.014131138,0.058920287,0.35760808,0.062316556,0.0037432895
0.01466332,0.14046447,1.0,0.23397058,0.030948289,0.021671925,0.0853846,0.012250512,0.035078738,0.3318751,0.08002424,0.006259633
0.025855275,0.13097005,1.0,0.2666399,0.028091595,0.0235801,0.10525584,0.015770506,0.037964597,0.37511787,0.098788254,0.0103845885
0.025843976,0.22887392,1.0,0.15031654,0.025287101,0.03395074,0.10731073,0.011346064,0.08557961,0.43653387,0.06520269,0.014330796
0.010373416,0.28285113,1.0,0.1186042,0.022325609,0.020273004,0.04157449,0.0028902728,0.06320473,0.26263848,0.027776686,0.006733353
0.0077507156,0.35650805,1.0,0.0974296,0.016667996,0.011817194,0.025767552,0.0018040513,0.019737357,0.09191845,0.011456432,0.0017850014
0.025322143,0.59373844,1.0,0.07545894,0.012346469,0.0073675173,0.017005064,0.0015429801,0.003759386,0.0196137,0.0030630846,0.00091182475
0.04684305,0.6014555,1.0,0.18070564,0.0126287015,0.0055283415,0.012531922,0.0023764186,0.0019774954,0.00885118,0.0027024015,0.0010628919
0.024443071,0.20484869,1.0,0.6939293,0.040246602,0.015657546,0.012689706,0.004620976,0.0033111244,0.013149722,0.005736576,0.0010134764
0.011768131,0.33769503,1.0,0.4297693,0.1190983,0.039378457,0.039372746,0.005967681,0.0036085625,0.008078612,0.003882237,0.0027787918
0.018802596,0.6530044,1.0,0.124094084,0.0951696,0.03845816,0.03201277,0.0026397696,0.008457223,0.013818166,0.0054175677,0.0068450784
0.017590517,0.5773933,1.0,0.09634762,0.046778798,0.02075328,0.014698058,0.0010539915,0.00751188,0.00939783,0.0020867463,0.0017410461
0.013375939,0.31982467,1.0,0.2431013,0.13619585,0.04045354,0.01836973,0.0026851096,0.0028289643,0.0046370802,0.0008727896,0.00039723827
0.008290843,0.13035442,1.0,0.57044286,0.17104658,0.08307601,0.015652545,0.0043418286,0.0008647755,0.0015191345,0.0004658865,0.0003079856
0.008030216,0.26051006,1.0,0.3687698,0.1171387,0.053455006,0.017626815,0.0034518214,0.00072584604,0.001273057,0.00034041822,0.00025807892
0.0150119485,0.49209043,1.0,0.15172201,0.035896886,0.01995512,0.018769002,0.001736151,0.0007806223,0.0013808548,0.00032302333,0.0002452461
0.007251554,0.32105863,1.0,0.18865277,0.01382239,0.012259755,0.022679519,0.0020396023,0.0006396489,0.0015134807,0.0005032769,0.00015988064
0.0026700788,0.14680338,1.0,0.43425745,0.026495975,0.009923086,0.02075164,0.0032889827,0.0007966237,0.005222766,0.0033010251,0.0003102889
0.080231436,0.30265403,1.0,0.50477844,0.039589547,0.010652067,0.010121948,0.0034216163,0.004168901,0.016189814,0.019302817,0.03537371
0.7777926,1.0,0.9590283,0.26046374,0.13664392,0.12077612,0.08200848,0.0750412,0.25698504,0.4711629,0.58263576,0.8603224
0.8453182,0.8867027,0.64343584,0.50472856,0.26465014,0.31198156,0.3724025,0.37045622,0.7847936,0.94524664,0.81269354,1.0
0.8623767,0.42578697,0.5438687,0.54903805,0.19929647,0.15774707,0.0893122,0.11154832,0.34066215,0.6691946,1.0,0.8019464
0.97168636,0.12383249,0.103792794,0.10842741,0.05209796,0.03824122,0.025957985,0.027306572,0.06111101,0.16609794,0.44936153,1.0
1.0,0.16521248,0.034391303,0.03998941,0.04368495,0.025713695,0.01638979,0.014103027,0.025989454,0.04364167,0.12408249,0.67750686
1.0,0.6569014,0.23369743,0.10969017,0.058747627,0.032369792,0.01373178,0.013643941,0.03525463,0.043749113,0.040797614,0.33184177
0.4157492,0.8934858,0.7981045,1.0,0.18216357,0.023588214,0.025375599,0.038556535,0.049544834,0.14497335,0.7161827,0.49907228
0.11639503,0.051374957,0.10829763,0.24621052,0.07080166,0.035280004,0.026992755,0.01772793,0.04963767,0.19302025,1.0,0.614082
0.16206045,0.065335646,0.021057678,0.028423196,0.03584838,0.14456277,0.06619724,0.018347956,0.039201055,0.44022802,1.0,0.44291386
0.40505472,0.090069056,0.011078754,0.008035401,0.014601762,0.03407285,0.0136791365,0.006373398,0.007897392,0.18833648,0.97302836,1.0
1.0,0.2301945,0.012028018,0.0044126417,0.0066828057,0.0059590777,0.0027696537,0.0015040025,0.0020130493,0.050435763,0.48418632,0.8095402
1.0,0.20018251,0.008963704,0.006094566,0.0059007434,0.0019058833,0.0011822863,0.0004633689,0.001531294,0.020449167,0.23150617,0.59802836
0.84540194,0.11407841,0.024324514,0.035550058,0.025594011,0.016781855,0.0063987775,0.0044033513,0.0058373185,0.04638685,0.39227188,1.0
0.20977792,0.15666117,0.0985344,0.114712305,0.3260252,0.4864089,0.11136511,0.17068383,0.52755743,0.45080495,1.0,0.8361477
0.07338961,0.052461594,0.017753068,0.016884806,0.021510921,0.064706795,0.08830099,0.0897629,0.57532823,1.0,0.51492065,0.13652478
0.03771748,0.020530012,0.0062198797,0.006373479,0.005256688,0.013179328,0.0352389,0.0518641,0.313268,1.0,0.3695166,0.048402455
0.022347657,0.019592572,0.014199599,0.023505686,0.026893213,0.044496723,0.03367406,0.17025623,0.50393903,1.0,0.40028375,0.046807982
0.061644163,0.08644659,0.38109422,1.0,0.72713196,0.2126163,0.16477045,0.6174992,0.7902499,0.4687322,0.26972437,0.15834413
0.11374161,0.037706736,0.2522569,0.41030616,0.19170931,0.1039418,0.11071747,0.69714755,1.0,0.3278039,0.11956203,0.21069065
0.059772264,0.022089027,0.078097686,0.12570079,0.12667046,0.08077604,0.044967204,0.17523557,0.5727321,1.0,0.46635285,0.15960605
0.09161397,0.019275516,0.13601153,0.26881137,0.113282114,0.12258503,0.25383955,0.09602995,0.17701633,0.92738074,1.0,0.51361316
0.23703498,0.016433088,0.2712585,1.0,0.18233162,0.104960114,0.70052797,0.29297358,0.021997115,0.13373788,0.3738364,0.7671206
0.10391662,0.10251049,0.6804159,1.0,0.15096761,0.18888825,0.47001234,0.1337808,0.014381053,0.1035557,0.33643934,0.47213224
0.072781295,0.57549524,1.0,0.5377277,0.36751014,0.36256698,0.19408943,0.046903357,0.13097756,0.6850673,0.9052656,0.25172657
0.26209852,0.83663493,0.2705114,0.31899634,0.4970721,0.20498803,0.10465841,0.15256758,0.6530241,1.0,0.44083172,0.16051102
0.7283997,1.0,0.39775732,0.27317166,0.2294135,0.24410437,0.13072819,0.2629956,0.5750584,0.41349858,0.24081893,0.35797626
0.5863977,0.69797605,0.53876406,0.24175158,0.16380438,0.22079214,0.44686,0.26291153,0.39907068,1.0,0.26568493,0.52225137
0.22117923,0.1723123,0.42908105,0.23830432,0.13649933,0.21517478,0.5860868,0.318202,0.33180344,1.0,0.34797028,0.34651047
0.21263589,0.5142631,0.97331285,0.5289877,0.14911889,0.20654325,0.3030031,0.09589736,0.23776849,1.0,0.6051887,0.3837737
0.17006265,0.9427587,1.0,0.554377,0.15788274,0.07475427,0.09048104,0.04545757,0.08727593,0.2535641,0.20044343,0.23718126
0.35531685,1.0,0.7705613,0.75521487,0.27800187,0.20028235,0.14419366,0.19104981,0.30572364,0.510036,0.44560882,0.31286702
0.15111224,0.23930068,0.32973287,1.0,0.4391553,0.23777129,0.14519595,0.16973016,0.1607155,0.16536455,0.15253153,0.15989819
0.13479942,0.20748924,0.31382865,1.0,0.48070434,0.16039255,0.19225273,0.20661731,0.15535338,0.10844752,0.064517245,0.12691134
0.46062467,0.66885394,0.64065766,1.0,0.55609083,0.2658422,0.35576925,0.29496044,0.2113074,0.19906227,0.11573464,0.27323514
0.9108644,1.0,0.6974679,0.5874005,0.45207113,0.41702926,0.51609725,0.359093,0.17992851,0.19859435,0.26162416,0.6749056
0.8356404,1.0,0.8018936,0.69811475,0.4429371,0.46091342,0.64784455,0.4245176,0.34788805,0.30466756,0.308739,0.5311827
0.8326029,0.88158715,0.60904044,0.44714192,0.33687007,0.46091187,1.0,0.71237284,0.5308289,0.5796063,0.44739684,0.42909345
1.0,0.66900826,0.45792517,0.45877257,0.32408386,0.3244077,0.7009126,0.6215846,0.4962008,0.6223877,0.42211977,0.49590993
1.0,0.7860766,0.8198444,0.9567151,0.6146928,0.59872043,0.66516656,0.72609156,0.62589145,0.8293836,0.77567613,0.92366076
0.48061165,0.48746404,0.69046175,1.0,0.6396799,0.29204684,0.28820008,0.23587883,0.29660842,0.45994765,0.38761514,0.42291197
0.56078786,0.42770976,0.55730486,0.70122695,1.0,0.50434047,0.2916771,0.22834343,0.36669016,0.379814,0.41734532,0.6011786
0.2970486,0.23979032,0.32270598,0.3140722,1.0,0.47608006,0.28176424,0.50562215,0.27297187,0.14743847,0.21282613,0.25710633
0.029042257,0.02392211,0.029275654,0.026893785,0.06482549,0.34551334,0.558107,1.0,0.5936846,0.15174854,0.03948342,0.026250627
0.0110576805,0.008541001,0.010903254,0.017276602,0.03410168,0.41075867,0.64836633,1.0,0.8144487,0.24512993,0.03984774,0.015012305
0.030281715,0.016626509,0.03423031,0.07543151,0.080633074,0.6436863,1.0,0.61958295,0.64420706,0.20920387,0.06608063,0.026254008
0.04286343,0.049437635,0.09625161,0.13957983,0.10944799,0.47022104,1.0,0.19050837,0.10153593,0.02896064,0.036999557,0.02888489
0.18640672,0.36520642,0.4715993,0.28105327,0.20122766,0.6478122,1.0,0.5040137,0.266733,0.08719239,0.102205284,0.08335778
0.42142388,1.0,0.76075673,0.5301224,0.39677435,0.5133289,0.5530274,0.5688991,0.45727247,0.22353292,0.2717311,0.20327638
0.53061604,1.0,0.7092409,0.46290916,0.37873796,0.37394094,0.40682858,0.41007453,0.28288952,0.19766985,0.25391728,0.23087165
1.0,0.9835354,0.8435898,0.50609034,0.4713268,0.4036401,0.40570477,0.4655106,0.35148942,0.35017544,0.56947654,0.74364704
1.0,0.5654623,0.32126072,0.21332043,0.19740273,0.21495327,0.19481009,0.20575748,0.14994657,0.16399255,0.3263971,0.5865804
1.0,0.51743263,0.065582424,0.03314427,0.020565968,0.01849371,0.013694875,0.009135636,0.009183004,0.014919923,0.02070255,0.22085182
0.995795,1.0,0.19190043,0.06834821,0.02631786,0.020639865,0.0128280725,0.006461388,0.006824265,0.015378651,0.025542555,0.18796106
0.6728721,1.0,0.2597563,0.10244814,0.06684214,0.06329722,0.0451877,0.05219359,0.09075836,0.43755826,0.6527559,0.40716293
1.0,0.3327291,0.017388951,0.09656702,0.06672462,0.0073050964,0.011146528,0.032006387,0.31675413,0.40031147,0.1740946,0.3900515
1.0,0.40604886,0.01977925,0.102311596,0.074629575,0.0098093795,0.009924621,0.027189717,0.34689298,0.88089085,0.37647307,0.24384633
0.6086884,0.22713697,0.024285963,0.075742304,0.07287887,0.019803781,0.025657032,0.0502011,0.34760478,1.0,0.7092348,0.3191943
0.18016127,0.11143755,0.02074573,0.045253348,0.0725335,0.02330428,0.02269604,0.04895411,0.46667695,1.0,0.664102,0.23594934
0.22083667,0.13394877,0.01974754,0.02490946,0.045016143,0.023540057,0.031226033,0.094400555,0.32164496,1.0,0.747965,0.5601556
0.47286183,0.20976648,0.027307406,0.014303476,0.022900226,0.014413037,0.033136483,0.1232265,0.18485676,0.9457649,1.0,0.82288027
0.6162869,0.2222099,0.04525531,0.014344479,0.009510929,0.0090293465,0.023542324,0.07897611,0.31239963,0.84307635,1.0,0.65567684
0.3063981,0.13463104,0.022752455,0.008988977,0.006003159,0.008220608,0.032306045,0.11102404,0.5848674,1.0,0.50592136,0.30399966
0.25434467,0.13980605,0.008548464,0.0053462675,0.0052441494,0.0032391525,0.015337336,0.07711467,0.44654983,1.0,0.59782463,0.1546507
0.39534858,0.12483332,0.015085797,0.008187323,0.010508093,0.004207699,0.01692911,0.08352848,0.4218754,1.0,0.3231177,0.212626
1.0,0.27836308,0.052151214,0.023781264,0.008879524,0.012843201,0.04980988,0.0728491,0.40002903,0.6990716,0.2747236,0.37319627
0.39114633,0.19145107,0.067084625,0.04606287,0.027854845,0.02357808,0.076360166,0.097180024,0.6918892,1.0,0.45060092,0.39601097
0.15901573,0.122162655,0.048128076,0.04732284,0.053914934,0.036543705,0.041201595,0.08254724,0.3573165,1.0,0.7025264,0.39576393
0.58651286,1.0,0.44193423,0.21797583,0.09257894,0.05701204,0.05797966,0.22318234,0.3481542,0.45886666,0.63586843,0.42950788
0.5431871,1.0,0.3439547,0.21062228,0.07202259,0.05978418,0.05212929,0.16120926,0.29970983,0.20552161,0.15647012,0.122021
0.5655159,1.0,0.83421487,0.5435894,0.26738232,0.26572,0.21323314,0.36204076,0.7826734,0.7778648,0.5566306,0.4679072
0.4751992,0.6007297,0.59070784,0.50324917,0.31984898,0.28784138,0.2707194,0.32661608,0.5522345,0.8161616,1.0,0.7399394
0.5158734,0.3141282,0.19374543,0.2708325,0.25770006,0.1907621,0.27819267,0.19650778,0.23687793,0.3811882,0.801967,1.0
0.39579725,0.2304831,0.17378317,0.17510095,0.17292619,0.43147767,1.0,0.43281007,0.26691586,0.4749349,0.44429332,0.47609136
0.4152287,0.22936219,0.21069789,0.211444,0.18978015,0.41346347,0.94268274,0.41828656,0.36497855,0.90679467,1.0,0.77443427
0.7017691,0.6513761,0.42443362,0.27825576,0.26023155,0.28235003,0.32757813,0.29323673,0.23917365,0.7327675,1.0,0.7990921
0.8011704,1.0,0.620418,0.26709047,0.13678837,0.17181668,0.17892328,0.15731567,0.13746062,0.15027493,0.25642997,0.35435498
0.63666904,1.0,0.759593,0.48924989,0.19652122,0.18922487,0.20779434,0.17563128,0.22071399,0.18540633,0.23055437,0.38907364
0.6626024,0.9500049,1.0,0.7826618,0.37417796,0.39811057,0.30927622,0.4493386,0.716942,0.43607625,0.551281,0.83871627
0.8697114,1.0,0.602106,0.34901413,0.2161325,0.18701316,0.19046971,0.23977391,0.29307824,0.17067136,0.29877168,0.56995374
1.0,0.8096673,0.5430328,0.29725885,0.24799843,0.17762488,0.16170125,0.25696027,0.2718751,0.23796634,0.5057752,0.847495
0.53591406,0.95354486,1.0,0.5435443,0.22004879,0.12744357,0.10058564,0.19999701,0.41129035,0.5674615,0.6374047,0.38336897
0.5537433,1.0,0.86262894,0.5008977,0.20547216,0.13544986,0.13109332,0.103775,0.20584592,0.32795334,0.44644693,0.3615351
0.65338993,1.0,0.58414876,0.39275688,0.1630642,0.14175743,0.15853316,0.13831033,0.18432096,0.18537433,0.34990445,0.3464738
0.78936785,0.86678153,0.33267808,0.2733277,0.20561616,0.13724561,0.08484661,0.11618714,0.20056687,0.35487324,1.0,0.6096923
0.9716868,0.8452456,0.37816152,0.20884809,0.13173865,0.17581552,0.10116216,0.08348618,0.1620512,0.18648085,1.0,0.8574282
1.0,0.8860636,0.34705383,0.15928955,0.08963358,0.108292274,0.082087025,0.08394945,0.15159152,0.13793768,0.362958,0.67066425
1.0,0.8589946,0.47549403,0.2643171,0.18352082,0.20987044,0.1714293,0.13187195,0.20772755,0.25659248,0.33798543,0.59107363
0.9380681,1.0,0.5198705,0.24496195,0.22918986,0.30485952,0.2597217,0.22341044,0.23107958,0.21098992,0.3241638,0.468623
0.97738665,0.8308975,0.4303453,0.24263419,0.20631397,0.2319885,0.3027792,0.23998664,0.4164507,0.3649489,0.62072974,1.0
0.7848553,0.47075725,0.2440441,0.1297071,0.117799245,0.17586505,0.23607688,0.23661561,0.30929524,0.3939593,0.6675143,1.0
1.0,0.95797515,0.4825638,0.38546562,0.30418995,0.48649064,0.42639494,0.28257883,0.23865724,0.475299,0.7934742,0.72046715
0.8148692,1.0,0.58314,0.5641139,0.50141174,0.6629197,0.4755503,0.22988577,0.23678127,0.3395813,0.43965963,0.4671477
0.79333687,0.96433043,0.8715579,0.8379738,0.86136913,1.0,0.618409,0.39694348,0.3670677,0.28709024,0.4932033,0.71572167
0.5355658,0.7931469,0.72636443,0.7623393,0.6753906,1.0,0.78645617,0.3381919,0.20773788,0.16885048,0.25184646,0.40801546
0.3342268,0.57128274,0.54829055,0.7395526,0.94860005,1.0,0.74778974,0.25707242,0.13655818,0.119072124,0.12637755,0.1945771
0.29260617,0.3712442,0.36082804,0.60699195,1.0,0.4866966,0.27916563,0.12384865,0.07424605,0.063816205,0.114267945,0.23356959
1.0,0.96754396,0.8772772,0.9498742,0.976456,0.3826022,0.2423979,0.13619284,0.09497295,0.13539027,0.23744148,0.6068446
0.40269738,0.85678065,1.0,0.52018964,0.2647467,0.14045204,0.07509903,0.040188592,0.027618589,0.047704674,0.08171411,0.14774239
0.36137775,0.7747413,1.0,0.42604974,0.19941413,0.09167857,0.0319765,0.01623957,0.010920801,0.014444584,0.02678751,0.08943674
0.41843864,0.7501189,1.0,0.4612434,0.24666212,0.13466959,0.05479116,0.034990005,0.030973747,0.036421295,0.05450538,0.10491572
0.44843945,1.0,0.98093307,0.55757177,0.61439925,0.5741694,0.27227908,0.22579557,0.24499016,0.24401025,0.36123753,0.31949598
0.8060275,0.9703842,1.0,0.6507381,0.803013,0.922312,0.582577,0.5217559,0.5201195,0.535508,0.6285808,0.6514322
0.74036074,0.92035234,0.86493653,0.708123,0.8811322,1.0,0.7671642,0.70944494,0.582742,0.6429092,0.6696147,0.78801113
0.65360516,0.9118203,0.8656076,0.6628097,0.89881057,1.0,0.7875926,0.68667203,0.61221707,0.67237216,0.6875366,0.74316984
0.6392795,0.8931557,0.8301137,0.65536284,0.9291475,1.0,0.7821572,0.65431595,0.6260975,0.66107804,0.6690375,0.7047332
0.6296579,0.90860945,0.82983154,0.65660924,0.9600909,1.0,0.78491104,0.677057,0.6308288,0.67586404,0.6857859,0.6922123
0.6239751,0.87432367,0.8116979,0.6569002,0.9523755,1.0,0.7614479,0.6809603,0.6438412,0.6836156,0.6912982,0.7312755
0.6221312,0.8836634,0.84751374,0.69300634,0.97415847,1.0,0.7677135,0.6916866,0.67179984,0.68710387,0.69372606,0.71449184
0.6326793,0.9057645,0.8665123,0.70477176,0.958527,1.0,0.7823319,0.7106798,0.7059813,0.7257983,0.6887215,0.7115911
0.631286,0.8415646,0.79836744,0.6720536,0.9552756,1.0,0.75234765,0.67700785,0.6818503,0.7240406,0.6772547,0.70789844
0.6258092,0.81047577,0.7836847,0.6645292,0.9483197,1.0,0.73554456,0.64375484,0.65087956,0.68330574,0.6504152,0.6961144
0.6237893,0.78724,0.7910684,0.648328,0.9262691,1.0,0.7313448,0.6314056,0.6480181,0.6976628,0.67536503,0.69107914
0.6143649,0.77205986,0.76159835,0.6273125,0.8983169,1.0,0.73204404,0.6290361,0.6515771,0.6972992,0.6858552,0.6849347
0.61180705,0.7701668,0.76891166,0.6330571,0.9255696,1.0,0.7182889,0.62914443,0.6665567,0.69152087,0.66429555,0.69102603
0.64258724,0.79418033,0.7846582,0.67023915,0.9276621,1.0,0.7300913,0.6397489,0.69343156,0.7166941,0.69282824,0.69589955
0.65269005,0.76190424,0.7450719,0.6515618,0.8880326,1.0,0.733384,0.6296554,0.6738207,0.68916273,0.65985316,0.6599855
0.66841257,0.7856286,0.75266707,0.64308435,0.8943179,1.0,0.7355521,0.63982475,0.6767382,0.7068735,0.6808419,0.68033177
0.6737133,0.8339108,0.7823713,0.65109175,0.9079548,1.0,0.7363759,0.64963627,0.6804854,0.7091766,0.67349374,0.7004464
0.67093456,0.80104476,0.77017516,0.65552616,0.91679054,1.0,0.73361766,0.6557119,0.67989904,0.69189954,0.6507707,0.67840433
0.69561213,0.837638,0.7931643,0.68561894,0.95102835,1.0,0.72115797,0.6490523,0.7106745,0.724443,0.6742146,0.68629783
0.6866534,0.83677846,0.8161345,0.6794623,0.97315544,1.0,0.71564615,0.6472833,0.72202265,0.74175304,0.68378,0.70777225
0.6861851,0.8251678,0.8077417,0.68747,0.9417448,1.0,0.7444851,0.67779845,0.72230154,0.7244238,0.6872814,0.6976268
0.6995693,0.7911375,0.7657575,0.6849133,0.90884507,1.0,0.7294333,0.6541367,0.68689513,0.6845096,0.64657503,0.67527103
0.7091883,0.80711573,0.80383134,0.7137409,0.9267517,1.0,0.75651366,0.67792434,0.6960058,0.6824491,0.6463529,0.6907257
0.6844642,0.8177065,0.8015094,0.693694,0.8968201,1.0,0.7385608,0.67838,0.70379925,0.68683046,0.6740453,0.6874113
0.679715,0.7790848,0.7607739,0.6892237,0.90649736,1.0,0.722032,0.66428363,0.7001261,0.67500496,0.673374,0.69719857
0.67291206,0.7593142,0.7484559,0.6882496,0.91911036,1.0,0.7307376,0.6790766,0.71437526,0.67672056,0.6643182,0.69170827
0.67956144,0.7726296,0.77352524,0.70512587,0.92187667,1.0,0.7467149,0.68041754,0.724173,0.71038985,0.67088914,0.6815457
0.6801064,0.7548256,0.7530486,0.70662546,0.90459776,1.0,0.7518283,0.6591163,0.70445454,0.67619145,0.6739281,0.65913546
0.69508106,0.78421557,0.7738648,0.7421265,0.93350554,1.0,0.78116417,0.66561836,0.6946292,0.6678654,0.67558634,0.69516057
0.68391126,0.76822543,0.7451659,0.72714335,0.9388237,1.0,0.74664056,0.6694856,0.6836986,0.6516854,0.6584823,0.6708691
0.6553425,0.73593295,0.76448053,0.72354156,0.93296087,1.0,0.71841997,0.6566896,0.6888855,0.636745,0.62082547,0.6617988
0.6626617,0.723071,0.7824952,0.739446,0.9401571,1.0,0.7251699,0.64449394,0.6890212,0.6541124,0.638365,0.67856187
0.6912536,0.72891194,0.77874535,0.7451515,0.91561353,1.0,0.73181456,0.6437645,0.6965669,0.6827489,0.6849395,0.7234941
0.7065666,0.74725103,0.76802075,0.762618,0.9062447,1.0,0.7609334,0.66791713,0.6994962,0.672727,0.6906194,0.7254155
0.82786936,0.83503103,0.8217657,0.79201245,1.0,0.9824639,0.80496013,0.738965,0.7635971,0.7492646,0.75741774,0.7830767
0.8787104,0.8669006,0.8279101,0.8271487,0.9996897,1.0,0.88979757,0.84350216,0.86294764,0.8474895,0.8088193,0.82424873
0.9462947,0.92119324,0.8667472,0.8755665,0.96964836,1.0,0.9099132,0.88015103,0.9147682,0.9020775,0.86531514,0.9053648
