0.0,344.8229507398486,0.73231983
0.01,345.3822350900169,0.861986
0.02,345.75978527696526,0.91593677
0.03,346.3946949196455,0.9337429
0.04,347.0084290789962,0.9064147
0.05,349.2836703343593,0.8804075
0.06,351.92586453652757,0.7522604
0.07,358.8289358021223,0.5787752
0.08,390.39401103744285,0.4838936
0.09,394.4288295404317,0.7814989
0.1,398.48139724237484,0.92210454
0.11,401.8225181774631,0.9250894
0.12,401.53140245272414,0.9138617
0.13,397.80411609972396,0.86272055
0.14,390.5242008715604,0.7728662
0.15,381.4170763740407,0.6499082
0.16,357.3555610079763,0.5008611
0.17,341.5765211689277,0.40798384
0.18,323.53346793401795,0.55734336
0.19,300.1313015391478,0.8183858
0.2,297.19545130961416,0.922891
0.21,295.37204869862416,0.916927
0.22,301.5372136469721,0.5376423
0.23,316.6124447531853,0.44230732
0.24,356.14025403261576,0.18765019
0.25,398.58810014114556,0.4134266
0.26,414.67701747347564,0.675756
0.27,417.8266563780205,0.7493737
0.28,417.48593475167695,0.7818055
0.29,415.65464711117784,0.7156034
0.3,414.533289166062,0.65251493
0.31,405.5085176615285,0.5008112
0.32,398.1789901108794,0.4294296
0.33,378.7991049343918,0.34240353
0.34,356.9959278098263,0.6224772
0.35,353.82544342180734,0.6996597
0.36,351.71190471884677,0.6078247
0.37,351.51007807502754,0.6513573
0.38,348.1923056622275,0.5997002
0.39,343.76367936482984,0.77700174
0.4,343.6770542158589,0.89778745
0.41,345.0212006617435,0.9385559
0.42,345.5317955160557,0.94334596
0.43,342.14560632660766,0.9360394
0.44,336.8112277817277,0.9163294
0.45,333.52712800078956,0.95636934
0.46,333.18220659102764,0.9478329
0.47,334.8121376247035,0.9601139
0.48,337.1818961064166,0.954309
0.49,340.13134108756276,0.9444371
0.5,343.59755422157,0.9577238
0.51,344.8079430357004,0.9443389
0.52,343.88251433547987,0.9303747
0.53,343.9485387257048,0.91575503
0.54,345.89331468275464,0.9266742
0.55,348.5012467772503,0.88850063
0.56,349.09776936692765,0.8548368
0.57,346.46007186584586,0.8193485
0.58,341.4227095121448,0.8686091
0.59,335.6323507467826,0.7642844
0.6,321.638348496857,0.8109911
0.61,320.24861555709487,0.91486126
0.62,319.6877602304918,0.91278
0.63,320.79711476350406,0.9015548
0.64,320.93553501430335,0.7386261
0.65,335.1818964371521,0.55182904
0.66,347.558441590422,0.7158862
0.67,359.62637775169134,0.74661034
0.68,368.2493229719989,0.56193495
0.69,370.9688455988777,0.64115846
0.7,371.416266081954,0.756524
0.71,367.7162606581861,0.41795602
0.72,339.9307075206814,0.59903157
0.73,329.7946642598398,0.82720554
0.74,321.50467058914955,0.8781313
0.75,315.3809741419066,0.80824107
0.76,303.6696162825779,0.57575923
0.77,296.8241836381369,0.8556814
0.78,299.37461298472994,0.8589939
0.79,307.4914322608432,0.7247333
0.8,317.01197632625133,0.60973775
0.81,332.5357152060905,0.7088411
0.82,345.09479621999134,0.5931294
0.83,378.6812554242811,0.2561166
0.84,382.44218255990205,0.29574686
0.85,351.03420414666067,0.5441572
0.86,345.78644675260534,0.49911097
0.87,332.29165436575096,0.5592193
0.88,338.48459993713595,0.18927276
0.89,341.53043124875944,0.6814245
0.9,342.68222916941625,0.46945915
0.91,357.93937116932625,0.3961422
0.92,352.5065670806507,0.47367397
0.93,340.6222654358361,0.61764514
0.94,335.31430142107973,0.5266596
0.95,330.82933949988507,0.35187727
0.96,297.6986383727908,0.2074929
0.97,261.8303952749719,0.12346681
0.98,239.95837827966793,0.30294546
0.99,213.97585715654532,0.5523486
1.0,213.7306525836293,0.7209891
1.01,214.0269102362301,0.748416
1.02,215.86480193360723,0.84384924
1.03,219.03635060652832,0.80627525
1.04,224.23126124750365,0.82520735
1.05,229.35162147497493,0.82794744
1.06,233.4396650573529,0.85686535
1.07,237.53873327250633,0.82835805
1.08,243.97335548756874,0.83124024
1.09,247.31233345843157,0.91390115
1.1,247.3638385675099,0.8651527
1.11,244.00101002612988,0.8419466
1.12,240.73359851778037,0.8254152
1.13,237.14117815761168,0.7267821
1.14,232.37968211773,0.515205
1.15,231.02006923799206,0.46438336
1.16,239.2172994515077,0.4728849
1.17,242.67527961477472,0.6629616
1.18,241.7877691981618,0.75005907
1.19,240.60373412810895,0.5990599
1.2,239.6086024269851,0.3503048
1.21,227.40946965248162,0.46967265
1.22,226.34892590383956,0.6004992
1.23,227.10110430802808,0.6359994
1.24,228.78491052432145,0.5496996
1.25,223.21407894131337,0.33662868
1.26,213.95882829408703,0.59134966
1.27,215.4724044356071,0.5699526
1.28,219.83288328100284,0.7112064
1.29,224.84913509099874,0.75275373
1.3,229.03202576904474,0.82043034
1.31,232.11413147420228,0.6832403
1.32,237.54848133690427,0.4998692
1.33,244.755728075762,0.5134317
1.34,246.92281306546073,0.4539747
1.35,243.22878201513063,0.2946932
1.36,242.3681524786017,0.4046129
1.37,241.55505322206946,0.29626316
1.38,242.82066148565752,0.085495055
1.39,242.82705433726613,0.27752843
1.4,240.91350558505442,0.79107636
1.41,236.69471467307784,0.6812604
1.42,233.62735248175613,0.7459327
1.43,232.7491046258427,0.6965734
1.44,234.11230758886833,0.61723965
1.45,238.73528641704695,0.72050875
1.46,240.94915260463313,0.8424774
1.47,237.28744716580002,0.6578843
1.48,235.13259178144605,0.6773349
1.49,232.01636922439423,0.6855508
1.5,228.73598529818437,0.6590598
1.51,224.58085191645142,0.6858119
1.52,223.29224274429725,0.48060763
1.53,239.69165714174136,0.4446364
1.54,236.05541234726903,0.55731744
1.55,239.05557439091186,0.64599067
1.56,241.7078790440752,0.71518624
1.57,243.34353659428086,0.7615822
1.58,242.9531358429823,0.60324013
1.59,242.5651972079778,0.3596203
1.6,230.08214405375543,0.3337986
1.61,201.02076075542618,0.27357733
1.62,184.81073459809647,0.3034733
1.63,185.84771027072958,0.512001
1.64,186.83150781296249,0.75373596
1.65,188.18110678398637,0.6554313
1.66,190.57335047209747,0.8141995
1.67,192.58184900423504,0.83099544
1.68,194.04668597299988,0.6875342
1.69,195.24039365407276,0.74886626
1.7,196.48365646976401,0.61518955
1.71,201.03752443965726,0.6266077
1.72,201.57405548944692,0.7049095
1.73,201.07305728477843,0.6638685
1.74,204.85081245701227,0.65703154
1.75,205.3328047192147,0.80246633
1.76,205.47743148032242,0.9016181
1.77,204.58764779806495,0.8827205
1.78,204.7319408260287,0.88102144
1.79,205.2634021103731,0.8461923
1.8,203.7946363206334,0.8041675
1.81,181.0212327152067,0.3170449
1.82,164.72152923996705,0.2091686
1.83,163.11420762757467,0.046559468
1.84,175.89341807814333,0.097400494
1.85,178.99634014113593,0.19908881
1.86,194.7411681752762,0.42243433
1.87,213.69722352134977,0.37690324
1.88,245.10411839358613,0.27294087
1.89,263.8409967983565,0.1166601
1.9,297.2136218939341,0.3055737
1.91,323.52636741150275,0.32120997
1.92,327.35812094532207,0.38948247
1.93,328.59390661776763,0.2096047
1.94,352.6728509135043,0.3489553
1.95,355.609080076674,0.50611323
1.96,358.18923230451094,0.6077006
1.97,354.59501440820884,0.29033092
1.98,349.4550050508252,0.3247208
1.99,350.65456325567754,0.17816862
2.0,396.1935955682404,0.28941193
2.01,371.2396763059596,0.22287896
2.02,358.04352644925325,0.37179536
2.03,352.0988886932763,0.55534476
2.04,340.88255511117654,0.7085984
2.05,321.78059756485135,0.40305328
2.06,314.25382367875227,0.3460304
2.07,301.12491294729415,0.21430314
2.08,288.4042343155142,0.024157858
2.09,276.8360604864021,0.03475755
2.1,272.2138028361517,0.015611682
2.11,265.125823831139,0.014087113
2.12,255.34342358133372,0.053939734
2.13,242.3091942260425,0.38175747
2.14,251.10654284288012,0.39260095
2.15,258.5745329266704,0.2601466
2.16,298.32520952459566,0.24021555
2.17,332.88360988051176,0.3644763
2.18,351.63173105901285,0.35687077
2.19,375.7169793224363,0.37381843
2.2,392.70247036715085,0.670984
2.21,414.5924508410414,0.75898564
2.22,419.45370311573265,0.893877
2.23,422.7313070418812,0.9301981
2.24,420.4027265444781,0.9052431
2.25,412.2073877076576,0.9123789
2.26,403.00321023052044,0.7641775
2.27,388.96095403703106,0.585389
2.28,379.87246618710486,0.8390354
2.29,368.39876971933234,0.5914259
2.3,347.10617079553407,0.6458437
2.31,342.19600031923903,0.58145773
2.32,335.8606432032564,0.30879715
2.33,325.32913578371335,0.43571153
2.34,311.5921592777973,0.27927178
2.35,308.77154359863033,0.23267445
2.36,295.61066809566654,0.26121917
2.37,280.303722541691,0.38343316
2.38,276.56154014298386,0.19871068
2.39,255.29384919850688,0.5748338
2.4,254.76266684848224,0.5909003
2.41,258.84072604145865,0.5595019
2.42,294.7276729669311,0.4472094
2.43,331.2387761789274,0.070358105
2.44,374.7007730822764,0.12525207
2.45,414.9426168768765,0.42375836
2.46,418.42219422407203,0.4937163
2.47,419.9518603834793,0.53199834
2.48,417.42694478903326,0.5075296
2.49,416.065490854304,0.54495984
2.5,414.69122729123734,0.46725914
2.51,411.9142190293286,0.22002837
2.52,394.6314195404705,0.19314633
2.53,385.0908502445468,0.5045328
2.54,385.01624247204467,0.44869703
2.55,407.8194767305416,0.3346739
2.56,413.8780580362155,0.5837603
2.57,411.8306218174775,0.3771807
2.58,391.4827556231507,0.2425179
2.59,373.6300868609393,0.121791035
2.6,370.6977633531341,0.20665212
2.61,372.5403397490837,0.35597852
2.62,376.6832121885357,0.2695971
2.63,378.92853987124505,0.13836525
2.64,396.2180114501117,0.21959898
2.65,407.23779557019077,0.4935915
2.66,407.2041948798281,0.41108957
2.67,404.59994223553224,0.35276297
2.68,399.2399058543216,0.19804522
2.69,394.8813237987875,0.11859777
2.7,386.9780043201056,0.20587689
2.71,380.7207669597596,0.4192279
2.72,371.7365761789043,0.5337828
2.73,365.97819410801196,0.5413598
2.74,360.37263598038413,0.70778304
2.75,357.3335752347257,0.8685366
2.76,349.4180974973062,0.87276036
2.77,344.4554612599092,0.9448804
2.78,345.1095714864873,0.94808364
2.79,350.57785188850903,0.94002825
2.8,358.41656317944694,0.82738066
2.81,379.1647983892576,0.8331035
2.82,387.58761161050177,0.8840059
2.83,395.83274485082893,0.9342206
2.84,400.93849248929865,0.9278167
2.85,405.5143196255713,0.90122426
2.86,410.30050600590494,0.9242647
2.87,411.64124982947317,0.9609034
2.88,408.5133672508995,0.9256585
2.89,399.2151411297855,0.90645534
2.9,391.24737593747295,0.8836611
2.91,382.85598679520086,0.83242434
2.92,366.2571310725567,0.6636784
2.93,353.20983186509096,0.92572784
2.94,346.0220467463489,0.94595075
2.95,344.6700542686309,0.9336185
2.96,349.21047175577513,0.9213645
2.97,363.1393854102486,0.75161946
2.98,379.70300032276015,0.8230601
2.99,391.0290346259294,0.8050177
3.0,404.5743507267406,0.7670829
3.01,412.89272309385285,0.93907607
3.02,415.7110588074249,0.96650875
3.03,414.0658121510421,0.92357516
3.04,404.46551694774905,0.79083693
3.05,391.80736899457287,0.85814136
3.06,377.2800959147394,0.5498493
3.07,358.634074830573,0.7758269
3.08,347.3082000944124,0.8600225
3.09,341.08000027547473,0.89662313
3.1,337.5907278914366,0.90436137
3.11,341.7166750698565,0.7801197
3.12,353.59253355667823,0.7948071
3.13,368.93985477304045,0.64239234
3.14,384.4186951946166,0.84058803
3.15,392.89148476856946,0.94063514
3.16,395.0487509930684,0.9462114
3.17,392.16523191290213,0.91787475
3.18,383.55218508164404,0.76078165
3.19,369.79305895499124,0.749442
3.2,357.8122883065081,0.82464606
3.21,345.3346049753345,0.73688006
3.22,335.00080479675773,0.89699954
3.23,328.9115374793229,0.90326047
3.24,327.7698840789293,0.93147635
3.25,332.52033734499634,0.8120801
3.26,350.0022578079839,0.7466621
3.27,364.70219114294645,0.6227954
3.28,381.7715942326096,0.55182236
3.29,410.7929837005807,0.26129493
3.3,432.6290739970758,0.39597118
3.31,440.62632344727035,0.47811761
3.32,447.1021525514113,0.3581577
3.33,459.21763741370444,0.32385218
3.34,408.3996005745511,0.430354
3.35,410.99428555217736,0.71470135
3.36,412.6567029479588,0.650155
3.37,413.7899388487623,0.64049405
3.38,412.6086437286384,0.248313
3.39,456.8514869796235,0.31608185
3.4,488.7235563780051,0.35609385
3.41,509.3979844877095,0.4106462
3.42,518.0438586343572,0.7919271
3.43,518.5077910069513,0.92209417
3.44,517.6176683180698,0.93623567
3.45,515.2091429359581,0.90402305
3.46,510.92174336536686,0.90040433
3.47,504.3762855985847,0.8642496
3.48,497.4065309388056,0.9339871
3.49,492.5300375338702,0.9301237
3.5,489.7553330088172,0.9512381
3.51,486.5731518611749,0.9228887
3.52,482.63078104193454,0.89983845
3.53,479.9505173769784,0.9021117
3.54,480.17272372398594,0.893788
3.55,481.92478001282274,0.8899029
3.56,484.9376572321396,0.9210388
3.57,487.79177274814003,0.895366
3.58,489.84575711074956,0.9393459
3.59,491.00607195961027,0.9521422
3.6,492.68572986685206,0.94098556
3.61,494.719899261662,0.9672993
3.62,496.53558850288346,0.9636646
3.63,499.92587337171847,0.9144555
3.64,503.8971218733429,0.9042743
3.65,507.32443017771976,0.9246484
3.66,508.77944831192633,0.8932305
3.67,506.8826080984997,0.891797
3.68,501.50369847251164,0.8893801
3.69,499.8198265874503,0.92248744
3.7,500.29639823949395,0.9479274
3.71,501.3654386303353,0.9551212
3.72,501.60508076559313,0.94650435
3.73,499.8141716872167,0.9095042
3.74,493.73764818625216,0.9125145
3.75,487.7388557162223,0.9013915
3.76,484.5985304998801,0.94789606
3.77,484.6893563426446,0.9496212
3.78,487.2785311205834,0.91441625
3.79,489.9725184855177,0.95524323
3.8,491.8962909693673,0.94364685
3.81,493.4010280792186,0.9650052
3.82,494.1506944886918,0.97725415
3.83,494.58349323355105,0.98038805
3.84,495.162403862434,0.9775769
3.85,498.5986364876676,0.86477274
3.86,508.9433498953772,0.83087665
3.87,510.9307958608258,0.8446098
3.88,509.9428379484681,0.7145811
3.89,500.43536759894243,0.67762786
3.9,487.6469345980097,0.62593937
3.91,478.799898648368,0.47094262
3.92,467.65038640564995,0.3922812
3.93,492.9766644398603,0.66666365
3.94,500.1473301854478,0.8222113
3.95,499.37943859904726,0.8478245
3.96,497.4692057968589,0.9026025
3.97,497.3563940038323,0.9046963
3.98,497.62587531498707,0.91460043
3.99,496.1920931520515,0.90528107
4.0,496.27124687867274,0.8349418
4.01,500.8858095571224,0.4560983
4.02,445.9163981832605,0.10844774
4.03,394.2332896496552,0.7075418
4.04,387.3917868887449,0.61535263
4.05,385.5010026445591,0.7918587
4.06,388.8672622749555,0.7590661
4.07,392.9776381184091,0.6590025
4.08,414.4177144064695,0.51461154
4.09,425.1419046318858,0.8493897
4.1,432.53861939257695,0.9144696
4.11,437.4153640883203,0.9067373
4.12,438.9206210403769,0.8554584
4.13,438.1260448138448,0.8467724
4.14,437.27025160229994,0.8422015
4.15,436.1750328273419,0.8402541
4.16,433.8302114464875,0.82541203
4.17,428.42082935769156,0.6183244
4.18,412.89228232164015,0.65838134
4.19,394.51700923318583,0.61152416
4.2,384.99515778204966,0.3884963
4.21,350.03730848057717,0.50668967
4.22,336.38637718406926,0.7419682
4.23,334.80574541578795,0.8687346
4.24,339.6811868361612,0.7329288
4.25,348.1846271929752,0.7039233
4.26,375.2109311913221,0.40228462
4.27,400.59771477317963,0.45527187
4.28,447.50068918231767,0.28302863
4.29,467.33544751568644,0.7087303
4.3,475.71354640317935,0.6940674
4.31,481.4858728416124,0.8523947
4.32,482.7589213516125,0.87956125
4.33,477.5654896123763,0.7524966
4.34,473.30205238938856,0.56361854
4.35,464.5699192438476,0.42647776
4.36,443.8636307271244,0.44923916
4.37,436.17896202347663,0.2672785
4.38,399.5451970779527,0.21223475
4.39,362.4610628699679,0.42105296
4.4,357.4060663258135,0.62799627
4.41,351.4584325896936,0.75268
4.42,349.21520364828405,0.854437
4.43,348.4042740049926,0.87613887
4.44,349.0997196554587,0.8545734
4.45,348.80920436732197,0.63209516
4.46,350.0137253492287,0.6247032
4.47,351.4893822356128,0.62218267
4.48,353.1272458794684,0.73532623
4.49,355.79789079259854,0.619593
4.5,376.9202518428211,0.3822476
4.51,385.2013697480919,0.74993557
4.52,389.25226316289957,0.8683111
4.53,392.242908408412,0.9007376
4.54,393.4934854027414,0.90783
4.55,393.6349444620787,0.8652443
4.56,390.79615530096976,0.79071933
4.57,378.4217595177231,0.48528913
4.58,358.2549542682061,0.669077
4.59,345.96041895005334,0.6297345
4.6,330.8996461131835,0.7989926
4.61,320.6145226858738,0.7293178
4.62,312.0249590237945,0.8637798
4.63,310.02878470165996,0.95172805
4.64,312.0386650550851,0.93124723
4.65,321.8082567728461,0.8049398
4.66,329.00990330414743,0.91559756
4.67,332.44173771152185,0.90897113
4.68,339.8797523251275,0.6779721
4.69,346.1886225099567,0.77478755
4.7,348.4800301919666,0.7509977
4.71,347.9327480931985,0.7569613
4.72,342.8982706746376,0.5531776
4.73,333.7606887426784,0.55700547
4.74,328.59181975777733,0.5867907
4.75,327.416522099859,0.7110607
4.76,327.4326592297171,0.6688682
4.77,318.2108607716022,0.5501444
4.78,313.0269387573313,0.7493728
4.79,312.0539846559443,0.7070997
4.8,307.405143827974,0.71032023
4.81,302.8906386912395,0.7100633
4.82,298.6566900559043,0.51100343
4.83,296.5574599444033,0.26005977
4.84,313.2573774591949,0.24915828
4.85,330.8778159875592,0.3219655
4.86,325.65493730865916,0.3884639
4.87,315.9068866417767,0.18302298
4.88,308.54681971986406,0.5022631
4.89,307.39453429946104,0.3978487
4.9,322.060254528003,0.6524223
4.91,328.0004813788155,0.71578366
4.92,329.80114421133857,0.5769313
4.93,323.7721679765899,0.36344987
4.94,320.67583347001806,0.44900203
4.95,331.6179395437525,0.5053956
4.96,331.5773922487624,0.5274898
4.97,295.8921562977724,0.38870662
4.98,259.29222818287974,0.3456205
4.99,266.003389016965,0.4817692
5.0,269.8552783392191,0.28979194
5.01,279.5210892097925,0.3001617
5.02,285.54414146094234,0.5559603
5.03,290.8541450891283,0.57555276
5.04,293.15645258212874,0.47377905
5.05,292.8812412597869,0.27390257
5.06,291.2436617483251,0.18534516
5.07,288.7104163513919,0.3706095
5.08,286.9557741568174,0.477586
5.09,282.7989366701492,0.6111312
5.1,275.6781154640351,0.744442
5.11,270.49737428354473,0.81000674
5.12,264.7598828697474,0.85803163
5.13,260.2041804717851,0.8683769
5.14,255.36909458932047,0.5299223
5.15,252.88363336208332,0.6885156
5.16,253.8489636445975,0.8623168
5.17,256.6742293068342,0.83775103
5.18,260.4020744743432,0.5479861
5.19,264.500018209082,0.65094686
5.2,269.7514690730235,0.7503089
5.21,274.3827878735003,0.83015406
5.22,276.2640680951347,0.8376395
5.23,275.84842905858056,0.80115235
5.24,272.23425053580945,0.73086196
5.25,270.5558644029588,0.62602276
5.26,272.4578304094479,0.55492616
5.27,272.36345395730854,0.84201974
5.28,269.64463984572825,0.55223894
5.29,255.21463246158737,0.65100116
5.3,251.92523884168872,0.73544574
5.31,252.70635118308473,0.6788966
5.32,253.38699039939328,0.73538893
5.33,253.61577710902645,0.8418535
5.34,253.02160610205942,0.8799611
5.35,252.20492204979493,0.8707193
5.36,251.22684444769308,0.89114386
5.37,250.79906593296826,0.888567
5.38,250.5560138937691,0.86806995
5.39,250.8625598277631,0.8614762
5.4,251.15502841082179,0.8045776
5.41,251.57960750624184,0.7752915
5.42,251.59165055570622,0.81599534
5.43,251.35999231519352,0.8202397
5.44,250.97024331805324,0.84118134
5.45,250.92464892184375,0.80140656
5.46,250.69663492579048,0.83309454
5.47,250.79848855506333,0.8283043
5.48,250.42228238729106,0.8253007
5.49,250.47945041153355,0.78910065
5.5,250.2992343415948,0.84142524
5.51,249.659946208937,0.8289065
5.52,248.61464128021564,0.76069045
5.53,248.30905644509676,0.8043622
5.54,247.58193072100826,0.786283
5.55,246.59799160746985,0.8173815
5.56,245.48891957775228,0.8579809
5.57,246.0559234578011,0.7899964
5.58,245.6085506053094,0.80118054
5.59,244.35453678288195,0.70947254
5.6,244.34812235674758,0.8026483
5.61,245.38717010152735,0.8964086
5.62,246.49539433449536,0.9028571
5.63,246.97210376039527,0.94270295
5.64,247.51925220844475,0.94569355
5.65,248.17230482973176,0.94046664
5.66,248.64120933504614,0.91611165
5.67,248.36442376200762,0.9162312
5.68,247.68492866067857,0.9221485
5.69,246.73000763999508,0.90965366
5.7,246.40977139868932,0.90961224
5.71,246.82997852875593,0.9285094
5.72,248.0286986271346,0.9469623
5.73,250.23931767166988,0.94605273
5.74,253.99506466409775,0.9186598
5.75,257.24328019852396,0.8714265
5.76,261.28189953375954,0.8664965
5.77,263.5851801633986,0.91614467
5.78,263.60382613138955,0.9019325
5.79,262.43878894148907,0.8529923
5.8,262.48514212363267,0.812506
5.81,262.1629030414876,0.75128204
5.82,262.1793571930437,0.7287419
5.83,261.5770772354029,0.88066936
5.84,259.21754898479344,0.8158431
5.85,253.8284338391062,0.7230357
5.86,247.47940164192173,0.63330364
5.87,240.92216835824698,0.5701209
5.88,236.21599201407076,0.21384646
5.89,247.87868093219288,0.19081748
5.9,253.525757344898,0.6656681
5.91,248.8728567529106,0.36468068
5.92,226.59515152587318,0.6309254
5.93,201.51311192393723,0.44998747
5.94,174.6613534171566,0.10196224
5.95,151.38956465748336,0.26716924
5.96,135.83691846036828,0.1403639
5.97,128.29535701218643,0.3742841
5.98,114.67482756395634,0.39378822
5.99,104.65599427182796,0.17143764
6.0,95.76505814979348,0.0999756
6.01,88.17847717897791,0.2999901
6.02,89.04270658506204,0.3221975
6.03,88.98219059568872,0.50220597
6.04,89.21748277591792,0.114204556
6.05,86.76803526950637,0.20308807
6.06,84.26507822823098,0.05953809
6.07,80.95376523636307,0.09504309
6.08,77.21508555032428,0.063792706
6.09,76.3735901609746,0.05479562
6.1,77.1758318428766,0.30310816
6.11,77.23568515345715,0.25428963
6.12,76.06552573128796,0.26211303
6.13,74.3292310214238,0.17589207
6.14,72.46842159054725,0.14626926
6.15,69.2535194975766,0.15194306
6.16,65.98235047776625,0.14436759
6.17,62.574766819760455,0.1548782
6.18,58.41244316635046,0.12366733
6.19,57.338255882206965,0.72758037
6.2,62.20213849427796,0.117020175
6.21,62.79271769548171,0.38172838
6.22,62.738982368601285,0.74750227
6.23,63.38608434099157,0.6859854
6.24,64.59292969042093,0.8406316
6.25,64.87038285044926,0.8920278
6.26,64.75767443758014,0.85365605
6.27,64.23650861777455,0.88302976
6.28,63.389009310632964,0.77325743
6.29,62.43555389239467,0.72739625
6.3,61.91776919045415,0.9256385
6.31,61.766716413248744,0.94127077
6.32,61.96271367811945,0.91430813
6.33,62.5815522028698,0.84599876
6.34,63.539125818556386,0.29764065
6.35,64.91784850090569,0.48128968
6.36,72.84419443782457,0.18673168
6.37,80.26888503652279,0.37091896
6.38,90.40583309576795,0.11029183
6.39,101.58464987253318,0.60706455
6.4,118.60805237502768,0.737873
6.41,127.84255616215259,0.767575
6.42,129.43603849250897,0.76875085
6.43,131.90937796198676,0.8389994
6.44,133.51134124322127,0.8882975
6.45,133.25292281740477,0.88099444
6.46,131.13275652630864,0.81738824
6.47,126.62383196415112,0.62319493
6.48,122.6649627740394,0.7314815
6.49,118.59682112488767,0.5472596
6.5,113.97684147376424,0.5694526
6.51,113.60519782810557,0.21772507
6.52,112.96838352383614,0.11347131
6.53,115.12433720869623,0.052588
6.54,120.12545593281915,0.11056166
6.55,122.32031779755508,0.54938155
6.56,124.4846894664429,0.68158495
6.57,132.99293494335268,0.60285145
6.58,144.86526679706935,0.36388743
6.59,160.64295999552365,0.28507662
6.6,165.43720815392965,0.4763858
6.61,169.9646391980119,0.4247053
6.62,176.22677599346903,0.38698468
6.63,182.28565264210306,0.652553
6.64,187.33438898874067,0.7591855
6.65,193.35619382950546,0.68196744
6.66,197.79285830449336,0.6808968
6.67,200.37272227949592,0.61926985
6.68,202.08466728106208,0.7634453
6.69,202.1664136029877,0.80431837
6.7,200.99962866651592,0.71318793
6.71,196.43109238202953,0.690901
6.72,190.17030886490397,0.62279963
6.73,183.95645451341252,0.6637061
6.74,177.06357990135024,0.71400356
6.75,174.0026524030518,0.8478112
6.76,172.70410657977993,0.8720837
6.77,172.87268656850298,0.83928734
6.78,174.58827970399267,0.8030929
6.79,177.61128397146229,0.74776226
6.8,181.50897768470378,0.6237774
6.81,186.05804284608416,0.35565975
6.82,196.0623249068169,0.29821527
6.83,204.44803515752025,0.63522863
6.84,207.8469135105577,0.9335933
6.85,207.3787876570674,0.90344757
6.86,204.41964401942585,0.8404037
6.87,201.1150251687717,0.7376237
6.88,197.66517257077942,0.5743413
6.89,184.28486371832062,0.54516476
6.9,174.91916638898826,0.46020558
6.91,166.07093748183613,0.6637198
6.92,161.9563254517121,0.6875271
6.93,158.65995996539186,0.8636733
6.94,157.51306769603107,0.8971076
6.95,160.0405818577891,0.81260914
6.96,163.23880248517898,0.8338328
6.97,166.87005872698674,0.7017598
6.98,175.24521581326678,0.60949504
6.99,181.70877978545053,0.60822135
7.0,189.33871370200777,0.74018
7.01,195.12323983578545,0.79778826
7.02,197.40905255910647,0.894421
7.03,197.25184630992914,0.918452
7.04,196.08379694063854,0.89729595
7.05,193.57059574205752,0.8611163
7.06,189.7244461120237,0.76467586
7.07,185.35079666928146,0.79313076
7.08,180.4255360531767,0.64581126
7.09,174.31619579527054,0.6671023
7.1,168.22261700172538,0.69994146
7.11,164.35691819504396,0.90207756
7.12,165.15679246192553,0.91616154
7.13,167.06290514945354,0.77223265
7.14,173.00252501990923,0.6550024
7.15,178.58355964632236,0.6127073
7.16,188.92689181572047,0.58051175
7.17,198.91568027667046,0.6801279
7.18,204.14279419330734,0.89720505
7.19,206.5175555565038,0.94370246
7.2,206.85255851445754,0.92955035
7.21,205.44301294152558,0.90743434
7.22,201.87310297704911,0.77849984
7.23,196.67485745364792,0.81627566
7.24,193.4188793944011,0.6784993
7.25,186.02978378947927,0.57640314
7.26,179.73006794336897,0.44439793
7.27,167.57937737843716,0.70055807
7.28,165.29480614194128,0.90734893
7.29,165.4490391837783,0.86657023
7.3,168.91144034195628,0.4965809
7.31,181.2523484022185,0.502044
7.32,185.84324246187953,0.71428984
7.33,191.24748922110754,0.77020884
7.34,193.07191562590498,0.55893105
7.35,188.81559830957366,0.47957167
7.36,181.27405415817793,0.4404166
7.37,173.71268612934583,0.49567667
7.38,167.79883558857665,0.12800127
7.39,176.36010018921442,0.25456044
7.4,177.57746258320958,0.35894117
7.41,190.30994144602286,0.34944662
7.42,195.77139579563845,0.37615764
7.43,223.78733173217927,0.25044313
7.44,250.21598385224866,0.33771014
7.45,280.7226235161783,0.5146534
7.46,276.48962820644715,0.7451983
7.47,274.19962524724406,0.8437334
7.48,272.0806383317329,0.8632667
7.49,269.4849507811699,0.92902714
7.5,265.8598800846505,0.9478192
7.51,262.60251785334566,0.93974674
7.52,259.59631909936513,0.9365111
7.53,256.60195632307244,0.92267686
7.54,252.68374062025083,0.8982836
7.55,248.78668583674607,0.88674605
7.56,247.90935394403914,0.92825246
7.57,248.1569399973369,0.92303807
7.58,248.66271465168862,0.91849095
7.59,248.94632986406708,0.90116113
7.6,250.11571902581943,0.9436185
7.61,252.13096269323202,0.91440433
7.62,253.74192523290054,0.95342016
7.63,253.6263307047545,0.95384383
7.64,252.11079509030841,0.92167354
7.65,249.8096782859784,0.9057307
7.66,247.72446777764947,0.84475803
7.67,243.43902507665615,0.7236805
7.68,239.65197046784422,0.4955195
7.69,219.56830860300363,0.30673945
7.7,221.15054244209637,0.3845757
7.71,227.1194862936099,0.43183148
7.72,235.37013809175573,0.4209414
7.73,241.2346250601044,0.39123407
7.74,247.99827410899954,0.14023232
7.75,252.716434603933,0.48609918
7.76,259.0223311982577,0.64473945
7.77,262.77672630210856,0.6205498
7.78,267.5678106428052,0.66928446
7.79,276.8590383518756,0.41941577
7.8,301.6479114098611,0.5008802
7.81,315.9584506494067,0.44806355
7.82,334.5307314675736,0.87549883
7.83,338.6681687894171,0.9636201
7.84,339.6224332060773,0.9417847
7.85,335.6156576935048,0.85995436
7.86,329.36084185963176,0.8313499
7.87,325.73940722769487,0.68690765
7.88,319.7853664236688,0.4258716
7.89,316.2863586794281,0.16927743
7.9,319.93730561752704,0.17294519
7.91,329.43610318948527,0.16735455
7.92,330.27198922996945,0.122446485
7.93,330.32429932580203,0.1320602
7.94,327.4692189509077,0.2675554
7.95,329.5916802896197,0.46320596
7.96,334.7227118115762,0.2432887
7.97,300.55770264947023,0.14914916
7.98,278.2903437756979,0.2946463
7.99,276.413646970722,0.48519638
8.0,276.18135962282116,0.2213445
8.01,256.94273472232493,0.24339555
8.02,269.634251714828,0.29648867
8.03,276.26894192756504,0.39006913
8.04,310.6429641973836,0.43608007
8.05,318.85166496671263,0.270691
8.06,302.86167559197446,0.44423893
8.07,274.90379942678254,0.27623466
8.08,261.4423498822428,0.32210988
8.09,232.627367240313,0.26171473
8.1,219.97883870881304,0.17702173
8.11,228.93683508783081,0.42061216
8.12,237.9569567260981,0.42791328
8.13,262.5954033105344,0.18684238
8.14,280.97894639532626,0.771207
8.15,286.34001226894753,0.9248012
8.16,288.763608554143,0.95839083
8.17,288.02252428142754,0.95939356
8.18,283.8153274758288,0.95214695
8.19,277.96968707771833,0.91694206
8.2,273.67674070419264,0.93702894
8.21,269.75811311320217,0.9645613
8.22,266.2691706209703,0.9513764
8.23,261.81951859046455,0.92853045
8.24,258.06908284380665,0.875141
8.25,254.58204985428168,0.79180807
8.26,256.22600248012566,0.5505863
8.27,263.3412337177723,0.50801796
8.28,273.3662576783273,0.69621426
8.29,283.60468543809674,0.79941493
8.3,289.8972303848586,0.8967899
8.31,294.0551347802984,0.8864858
8.32,299.82854393166855,0.83977085
8.33,305.75842526134494,0.8774345
8.34,308.7524215909442,0.95565134
8.35,305.970528100767,0.91231376
8.36,298.07431588328325,0.7128254
8.37,289.0341620682983,0.5807298
8.38,276.6857281532971,0.70651674
8.39,269.51410267092496,0.75889146
8.4,262.6761903563854,0.5704671
8.41,245.815609589754,0.34874883
8.42,235.2073418711669,0.543995
8.43,236.4145869634895,0.6656555
8.44,248.37769630809254,0.2928052
8.45,281.23750477263036,0.44345325
8.46,285.83143139647507,0.62012094
8.47,288.5024744338621,0.71222305
8.48,292.85239682752587,0.8454494
8.49,297.48279212842897,0.9244135
8.5,299.122898960841,0.9454732
8.51,297.6065045051599,0.9221293
8.52,294.75146998653094,0.82167
8.53,288.1952809573277,0.5659896
8.54,276.77622386567396,0.46828666
8.55,269.67385144073126,0.4569311
8.56,298.4273135212555,0.34106117
8.57,297.74697202902905,0.732663
8.58,296.13946424441,0.48615915
8.59,287.13324109530606,0.5291088
8.6,279.44693594734383,0.51937765
8.61,274.9170051909911,0.5222217
8.62,275.8960356001608,0.36281732
8.63,273.604357185609,0.2930236
8.64,244.89099765306713,0.43161613
8.65,246.39746185196898,0.6581472
8.66,246.8226040057581,0.8155027
8.67,246.43319028835492,0.87472963
8.68,246.15424532622615,0.7904953
8.69,246.17728704214568,0.7451148
8.7,246.51767111486834,0.8260357
8.71,246.93585425735102,0.88211447
8.72,247.9660483646997,0.8981494
8.73,249.60701956892404,0.8419017
8.74,251.36009174509329,0.6972867
8.75,252.12330734227524,0.46391138
8.76,251.16374087311215,0.69906664
8.77,249.67027678152942,0.7809658
8.78,248.07582934211027,0.85304785
8.79,246.40932027160073,0.7517236
8.8,243.87927543532703,0.6892536
8.81,242.42352802450165,0.70204544
8.82,241.82480234154548,0.45194465
8.83,242.22723829114696,0.5796227
8.84,241.8489386448184,0.52573556
8.85,241.6932864868788,0.7089416
8.86,241.64658973462193,0.68753064
8.87,243.0597136665814,0.5438634
8.88,246.17716714670797,0.52414745
8.89,250.28178075597503,0.4066475
8.9,255.07831053414208,0.46662417
8.91,259.94039465696045,0.6109885
8.92,260.3790126215747,0.75922245
8.93,260.1632732605374,0.80284745
8.94,260.6086529192481,0.76143277
8.95,261.0773630962113,0.6508407
8.96,260.5191818937257,0.57367474
8.97,258.0775307622883,0.47483027
8.98,254.1310865073894,0.44529316
8.99,249.64661887234843,0.4159169
9.0,246.8797880269712,0.57859194
9.01,244.83485375683136,0.83924216
9.02,243.8525950462021,0.85926384
9.03,243.91391573188366,0.9050997
9.04,244.66579078559386,0.908339
9.05,245.58430082658236,0.8845738
9.06,246.87795991704365,0.8576788
9.07,248.922327330439,0.8373719
9.08,252.44399667500784,0.82902724
9.09,256.1933910703633,0.8430345
9.1,259.7065028976653,0.7253208
9.11,261.6896250406236,0.73047334
9.12,262.8297212169141,0.7722363
9.13,262.8402067548697,0.74216646
9.14,261.67604056672354,0.8220287
9.15,257.22897084159257,0.6803797
9.16,251.89727747491565,0.70957494
9.17,247.30070357704716,0.82124853
9.18,242.08965611465644,0.8772015
9.19,238.7788392581263,0.86237234
9.2,237.05535623133127,0.88612336
9.21,235.92251033714723,0.84179115
9.22,235.32281807025169,0.7874412
9.23,237.51494059136672,0.51937664
9.24,242.9886129704126,0.5040433
9.25,247.52757388135296,0.69915795
9.26,251.33453714358495,0.8252148
9.27,255.03990046269945,0.87552637
9.28,259.3065391376406,0.90808904
9.29,262.28452486975266,0.938327
9.3,263.24089892740267,0.9113459
9.31,262.9154877752719,0.8303004
9.32,260.81972602688535,0.7715733
9.33,255.3925916362887,0.5980099
9.34,246.86734593172963,0.5931985
9.35,240.6517589867951,0.50657004
9.36,236.4753278105813,0.7280466
9.37,235.25384458065173,0.9156786
9.38,236.46447418354867,0.92763585
9.39,238.14002408272017,0.7569122
9.4,240.5893113770976,0.6634828
9.41,243.5895833746453,0.7045439
9.42,248.71038628989808,0.68404096
9.43,253.18456988858458,0.69316804
9.44,252.29705738875393,0.51130867
9.45,246.4924801779554,0.3089382
9.46,246.3552315374738,0.33040175
9.47,216.36799941751156,0.06255272
9.48,198.50863850598898,0.08561293
9.49,198.13163423058415,0.12593165
9.5,195.35643043580677,0.32588562
9.51,192.1727968653305,0.2618086
9.52,191.25752736261563,0.31703234
9.53,194.4407613142123,0.33344522
9.54,217.63065237241415,0.1592272
9.55,243.49996501025595,0.15420619
9.56,253.52435260682455,0.31348214
9.57,260.20370405639017,0.2535812
9.58,267.3684585620167,0.49746424
9.59,272.13965381168777,0.7481935
9.6,276.49975992054004,0.76816475
9.61,280.89208976953506,0.54425603
9.62,286.2975781742604,0.7804308
9.63,289.3874055492577,0.82964206
9.64,290.5818939104704,0.87826973
9.65,290.0285564978339,0.8659214
9.66,288.46230153395027,0.8232471
9.67,287.02852349694615,0.80473256
9.68,284.4682836907227,0.6898716
9.69,276.9377246200617,0.3330863
9.7,262.19426461017514,0.4028254
9.71,255.05298505010836,0.562594
9.72,248.08367237336157,0.4612647
9.73,244.77440233764594,0.5570718
9.74,245.2196060940295,0.62172663
9.75,252.30007960549113,0.5816239
9.76,259.4004362114213,0.7598764
9.77,266.61974715752814,0.5950629
9.78,286.6343393842298,0.5627988
9.79,293.5772754368506,0.77146643
9.8,298.7087425784162,0.8894278
9.81,302.35712476629465,0.9385013
9.82,301.9122620392959,0.90728533
9.83,298.6973827417193,0.78783065
9.84,286.3039642239936,0.3997481
9.85,268.0152538410832,0.42633852
9.86,255.33489654280262,0.41602832
9.87,240.27980995823907,0.39010525
9.88,233.72148747784675,0.6836649
9.89,232.9719649165926,0.66113085
9.9,249.23119740680366,0.43700632
9.91,280.55596104765596,0.16887057
9.92,302.6139195442121,0.17960134
9.93,341.9883536440071,0.1560016
9.94,388.12661657966777,0.2854222
9.95,388.1194106751168,0.45149872
9.96,385.7977205713124,0.6697396
9.97,384.1881453803193,0.6482434
9.98,379.23071384226853,0.34275007
9.99,353.9968971684092,0.66417485
10.0,350.1024972381884,0.44940123
10.01,353.5698237557368,0.35229406
10.02,357.5415113726159,0.23562388
10.03,345.39249446448616,0.25424725
10.04,325.77094145885314,0.5074667
10.05,305.6581298207612,0.67814666
10.06,302.3813280475845,0.75236154
10.07,284.269719611964,0.6943745
10.08,261.5353827200614,0.49303374
10.09,259.30245371238175,0.4143377
10.1,259.9560572181057,0.62116843
10.11,258.7842216919573,0.71049106
10.12,253.24164947491403,0.7202461
10.13,245.31188578717203,0.5611576
10.14,242.03862365036346,0.23567285
10.15,235.0019049742275,0.5418985
10.16,227.25746883902679,0.78789324
10.17,222.1022114063515,0.61049837
10.18,216.06564480966347,0.24182624
10.19,214.62997364973774,0.62606484
10.2,214.71769909917612,0.8315279
10.21,215.1525696524488,0.9099663
10.22,214.55377333836384,0.8522964
10.23,210.07819670884973,0.72441554
10.24,203.66177571647995,0.45102632
10.25,187.6328109706989,0.5005385
10.26,181.6772331269104,0.45819873
10.27,169.34232351942228,0.47905394
10.28,162.17321284037502,0.2851732
10.29,164.857970204229,0.113912515
10.3,176.20224561198526,0.3134177
10.31,183.77558161115564,0.11089743
10.32,189.4302630577073,0.089171946
10.33,197.3205992645889,0.11713818
10.34,205.61145033709298,0.20636263
10.35,204.99148292294083,0.5274205
10.36,195.3307457441589,0.3613519
10.37,193.43542717719293,0.37336293
10.38,191.00022785851738,0.34936288
10.39,206.40412709139807,0.3659405
10.4,213.66427564740604,0.23065174
10.41,216.90706423952645,0.19156583
10.42,216.17947102890702,0.09383581
10.43,208.95301840450156,0.06256282
10.44,212.22762954348985,0.024564039
10.45,215.78796601307548,0.042934828
10.46,215.25871912600311,0.2332667
10.47,215.57110851970327,0.13147569
10.48,212.0088049471998,0.0060889134
10.49,189.54351967580573,0.17090221
10.5,162.56157321811713,0.55726284
10.51,148.74357507884486,0.62808096
10.52,151.35577216031822,0.51242954
10.53,154.9952305453163,0.324941
10.54,162.5662975069315,0.5520447
10.55,165.50397976530707,0.41736528
10.56,185.4311106717087,0.30771598
10.57,201.53654040093582,0.49170223
10.58,207.57370942522894,0.8738737
10.59,208.19724409063593,0.942664
10.6,207.17204775401586,0.88976914
10.61,205.2977550040795,0.7528384
10.62,198.60191739868597,0.36080545
10.63,185.92597978807925,0.49757907
10.64,168.2838510697955,0.22475928
10.65,157.24401516882355,0.28176066
10.66,154.86943863545144,0.581063
10.67,153.7279079289728,0.8615451
10.68,154.43759549102649,0.8154999
10.69,158.5445198144884,0.43738705
10.7,163.12692916955422,0.31844527
10.71,166.6667753533343,0.25342354
10.72,185.25003617797722,0.5235539
10.73,194.4263047808417,0.660753
10.74,199.02805815413478,0.4739821
10.75,204.988216632059,0.48964843
10.76,207.7476607024262,0.2842852
10.77,196.66650880158303,0.124226324
10.78,180.10550104915393,0.18206038
10.79,173.09245775145735,0.28184134
10.8,164.98241667935386,0.24691708
10.81,151.84566379879936,0.2928926
10.82,141.1968783603143,0.16271609
10.83,132.34077464763885,0.026580596
10.84,122.90004700354208,0.060799606
10.85,109.88382281162005,0.023024889
10.86,105.11274924242443,0.032413952
10.87,98.70655773372903,0.07879736
10.88,100.11578928048989,0.07820868
10.89,102.10966377402853,0.050524086
10.9,89.32616954137801,0.02585982
10.91,86.39992859966398,0.2606257
10.92,86.7857587581983,0.3798588
10.93,89.61932046424542,0.13600324
10.94,99.34522929391966,0.1321022
10.95,108.52504914544114,0.15118499
10.96,114.80705324361642,0.22366029
10.97,124.29094736808663,0.5731351
10.98,126.3571962226834,0.8403739
10.99,127.15168308485562,0.8837804
11.0,126.64678006602857,0.8920628
11.01,124.9400359002864,0.7480766
11.02,121.72354095609606,0.43117532
11.03,109.6705695116219,0.36290643
11.04,109.1081558249529,0.45406273
11.05,98.24244871468517,0.56070805
11.06,97.71149645421633,0.524581
11.07,99.42655489191097,0.2752675
11.08,112.2221735294604,0.1557576
11.09,124.85925509595026,0.23924647
11.1,139.1847460701167,0.43017575
11.11,155.03467251856952,0.32199618
11.12,172.99905566122985,0.26734793
11.13,189.58941239631866,0.2688016
11.14,190.2011990824474,0.15153345
11.15,213.02683592959764,0.6536471
11.16,214.48237364124108,0.803173
11.17,210.98035175168562,0.7212315
11.18,204.41386057800898,0.37259063
11.19,185.82066801266453,0.3414125
11.2,172.7133313533278,0.26266846
11.21,162.79305028061384,0.35473672
11.22,154.06626859090505,0.3667144
11.23,149.64141516188675,0.6972783
11.24,152.36441226243033,0.36158913
11.25,161.87437704723365,0.2771821
11.26,162.21201048093639,0.21166664
11.27,186.25094067364802,0.1252195
11.28,207.35058708265544,0.73337907
11.29,208.47327786447323,0.92406064
11.3,209.13402994723668,0.886032
11.31,207.79251726066838,0.7562454
11.32,205.38992358074574,0.48211882
11.33,181.52476428118408,0.15714504
11.34,159.975628345787,0.61839634
11.35,157.09481820649427,0.8377963
11.36,155.46374947098602,0.89404446
11.37,154.65744666793694,0.9308326
11.38,155.23826142519025,0.9225491
11.39,156.93507774173884,0.8441275
11.4,161.61516772051684,0.57158494
11.41,166.61251784799376,0.4837826
11.42,177.67878250306927,0.4766922
11.43,190.43615863984547,0.49240768
11.44,198.84838154565972,0.6504919
11.45,203.69442654049138,0.8496761
11.46,204.84737166005306,0.8245941
11.47,203.71743777031048,0.5447528
11.48,202.6699196768952,0.37895814
11.49,184.6919776359304,0.50270504
11.5,177.84332872517592,0.5891318
11.51,174.46620976635478,0.51498306
11.52,163.47498666230626,0.33077654
11.53,160.95211656177523,0.1281394
11.54,163.93119128577663,0.02707069
11.55,179.5258142331424,0.026900094
11.56,189.45135316577594,0.0819041
11.57,193.7198970618578,0.24116433
11.58,194.69552534989674,0.50764316
11.59,196.0204340356046,0.4582149
11.6,194.32523943182264,0.28934202
11.61,193.82169499040455,0.25941476
11.62,194.40462198220402,0.1677494
11.63,196.56027756656675,0.32147795
11.64,200.51361943753025,0.28338948
11.65,201.385134942297,0.41691315
11.66,209.55210233137848,0.44927746
11.67,210.2024252787532,0.6457054
11.68,218.28521019587913,0.47036695
11.69,241.46916403869338,0.37485337
11.7,259.1336473554929,0.6129224
11.71,259.2695010230286,0.7339386
11.72,259.8841881662228,0.8503709
11.73,260.4442227914532,0.9106969
11.74,260.77193915456616,0.92480385
11.75,261.03620973286854,0.92331445
11.76,260.00391641146297,0.9505764
11.77,258.86922185290024,0.9576955
11.78,258.2770831647503,0.94472903
11.79,257.1078257028277,0.9617841
11.8,254.90656571663885,0.9406454
11.81,252.3014113584431,0.92585325
11.82,250.42844055171037,0.94837135
11.83,249.78716455920576,0.9468271
11.84,249.51599631347594,0.9445757
11.85,249.11583365071533,0.92898375
11.86,248.9117323662647,0.91398674
11.87,249.3159276721552,0.93111026
11.88,250.26742571491795,0.952104
11.89,251.38457394037974,0.9443738
11.9,251.59696457875856,0.9345386
11.91,251.0909328485718,0.938925
11.92,250.57438995748015,0.9367688
11.93,250.45129267213792,0.93389267
11.94,250.3449513745166,0.9402001
11.95,250.31358927244497,0.9408942
11.96,250.45343155493208,0.94729096
11.97,250.78671612179068,0.94409245
11.98,251.2884478527559,0.9389715
11.99,251.68683257204617,0.92609537
12.0,251.46642446367105,0.93064916
12.01,251.00224581645,0.9251072
12.02,251.02174903185673,0.922769
12.03,251.6756067007287,0.8934959
12.04,252.83233840471158,0.90995437
12.05,252.61562174302924,0.89213383
12.06,251.41903562360886,0.8661573
12.07,248.64159878244894,0.8598605
12.08,246.2548653952362,0.87230986
12.09,243.73758155379247,0.8773294
12.1,242.95842567578038,0.933541
12.11,244.27283108627,0.93708754
12.12,245.53214277845592,0.9498178
12.13,246.69099823413768,0.9269835
12.14,247.68004372283798,0.9476534
12.15,248.48485703221482,0.93581194
12.16,248.76901080623483,0.9128792
12.17,247.92151853799868,0.8656565
12.18,246.34138565770442,0.731399
12.19,244.42601734273063,0.55974984
12.2,246.1781611815887,0.54944855
12.21,247.86779806132895,0.79723597
12.22,249.51260131273466,0.8677818
12.23,250.58406221380753,0.8080845
12.24,255.38250975600283,0.75243
12.25,257.7946161360192,0.6071987
12.26,261.67325100440314,0.6882426
12.27,262.6935487500383,0.83992094
12.28,263.86735950816427,0.8973545
12.29,265.76479322465264,0.9369024
12.3,268.801495986172,0.9214758
12.31,272.35249772376096,0.85815173
12.32,280.81939241809334,0.57811636
12.33,291.5858997717143,0.8329088
12.34,293.372697105607,0.9331932
12.35,292.08617555419784,0.93789333
12.36,289.5837312208623,0.9031587
12.37,286.5377961610643,0.86397535
12.38,281.03174716258854,0.8429304
12.39,276.48623515032443,0.87788343
12.4,273.4965025158257,0.89288586
12.41,268.9894320118092,0.8784696
12.42,263.11593266075784,0.79562646
12.43,256.1403985294783,0.7225177
12.44,251.07440414904104,0.8625204
12.45,248.76276253132056,0.86526453
12.46,249.53386325883955,0.86394316
12.47,255.13612944322028,0.7974585
12.48,260.8695507857775,0.77057564
12.49,266.95144434318377,0.7488318
12.5,269.99195653659075,0.65116405
12.51,279.6398249975212,0.43025166
12.52,297.4118808835303,0.5133838
12.53,330.04200318348467,0.727936
12.54,331.93944655027815,0.916937
12.55,330.8617695597077,0.9232102
12.56,326.62042930874287,0.7834671
12.57,321.480011907178,0.5445533
12.58,303.02531458228856,0.44894704
12.59,294.9702789423078,0.36524102
12.6,273.0670779554264,0.5663418
12.61,262.9082295741372,0.688457
12.62,256.3791383652443,0.8137323
12.63,254.75856066255136,0.8097899
12.64,257.4866023123335,0.794148
12.65,262.0763968783213,0.6881148
12.66,267.40913462160444,0.70571923
12.67,273.45886460569477,0.69187933
12.68,282.6318104585558,0.5534854
12.69,293.43357911431025,0.6935618
12.7,300.13138978614586,0.7718831
12.71,303.72619255793404,0.8643278
12.72,304.830842784166,0.91872036
12.73,302.86065594888333,0.88784003
12.74,298.3711358818955,0.8995939
12.75,294.48843602360677,0.89818937
12.76,291.22852541323095,0.7692535
12.77,285.70106973449674,0.5884631
12.78,282.0878088229441,0.5924736
12.79,289.6535793375683,0.5848118
12.8,297.2848301442864,0.6917713
12.81,303.81627763497664,0.70953494
12.82,307.8841174555004,0.8055408
12.83,311.75789269980487,0.8494815
12.84,312.96376041967386,0.834561
12.85,312.39094381041286,0.8258484
12.86,309.92934099399946,0.7205577
12.87,300.90798367302773,0.53252417
12.88,289.30195770548903,0.3448496
12.89,269.60455269887257,0.6710125
12.9,259.93819532642783,0.8095591
12.91,253.1780229341466,0.8912254
12.92,250.80596303800286,0.9143133
12.93,251.1329704414485,0.90799177
12.94,252.91463312229044,0.8597846
12.95,255.2062926416795,0.8998056
12.96,257.1755941886886,0.94587857
12.97,259.75546573271515,0.8610087
12.98,263.72291575085933,0.7809828
12.99,265.58257471039053,0.7211999
13.0,264.8098461665122,0.637803
13.01,263.10796528477454,0.728662
13.02,259.9555637735576,0.6845264
13.03,254.7486395015892,0.5414262
13.04,246.07052817240412,0.5394418
13.05,240.2868678923176,0.81709135
13.06,235.77900583422678,0.76099765
13.07,228.65136053208883,0.7090027
13.08,224.6476778745124,0.7760343
13.09,224.30330682880893,0.6482795
13.1,227.40699535125748,0.6264399
13.11,228.4126018773448,0.805338
13.12,228.4309701709269,0.7122944
13.13,228.1380696989861,0.37557334
13.14,211.65441224247365,0.49560487
13.15,209.44149729110447,0.7888109
13.16,207.92812492558423,0.8709139
13.17,208.3748758839825,0.87126434
13.18,209.14619518271135,0.7652448
13.19,210.78864072618867,0.6378801
13.2,214.9956506033479,0.534887
13.21,222.45101928581715,0.75261754
13.22,223.65826818457555,0.40131137
13.23,222.87196336616321,0.18105727
13.24,218.088676467075,0.2160833
13.25,214.89445402605597,0.13179742
13.26,208.12084572411607,0.06584728
13.27,201.5653179703672,0.033785738
13.28,197.5364621427692,0.05770143
13.29,195.61426079665176,0.13728328
13.3,194.0341407097145,0.29594675
13.31,190.0871151382965,0.36876652
13.32,185.8824379390927,0.5461377
13.33,185.17595589158276,0.637444
13.34,184.66992677591293,0.52173465
13.35,189.03404216684552,0.16867824
13.36,194.28716285291034,0.33110955
13.37,197.26660432372694,0.5309207
13.38,202.97548936079545,0.5559388
13.39,206.7757808590842,0.5485044
13.4,213.80226347568697,0.60950726
13.41,218.65504095834706,0.26417312
13.42,223.74454970963828,0.6379282
13.43,228.91225289380372,0.77651906
13.44,231.05275826113652,0.84922904
13.45,230.78859724893036,0.8104693
13.46,227.8189936220429,0.6057599
13.47,224.10241573284202,0.35800976
13.48,198.53307839768962,0.17809986
13.49,176.6783322123539,0.30418846
13.5,165.90101237185624,0.2574435
13.51,171.21379928155613,0.056887113
13.52,177.99368278234098,0.20431909
13.53,189.31784115103056,0.33676162
13.54,199.73336133326012,0.42259258
13.55,204.1215959367943,0.5035428
13.56,206.17448112239435,0.7727903
13.57,208.40047941445766,0.93578875
13.58,209.5671044241921,0.9076608
13.59,209.76363159237707,0.80716145
13.6,208.2927059378037,0.6877194
13.61,206.99095811367022,0.3847443
13.62,200.59542960722075,0.19598597
13.63,190.03743029511935,0.318241
13.64,187.30903949866814,0.2710859
13.65,202.54452740215388,0.11961397
13.66,216.79044649152473,0.08085559
13.67,225.2755283646908,0.47018182
13.68,225.5680118529163,0.6364074
13.69,226.37379322601157,0.61129844
13.7,227.4552369389913,0.50878775
13.71,232.04132003462118,0.3433552
13.72,239.76713541221125,0.17705601
13.73,234.52855214922653,0.20658274
13.74,227.7879510681062,0.3049166
13.75,221.7842365215805,0.36616623
13.76,233.46833720325503,0.4730298
13.77,241.6369581415288,0.5001676
13.78,252.9488997337366,0.4394497
13.79,261.8908806878722,0.48448905
13.8,268.4449735863114,0.86989146
13.81,270.32020149125304,0.9233744
13.82,269.44991406238466,0.93232465
13.83,266.1089625551837,0.92716837
13.84,262.3139584236985,0.9292648
13.85,259.55728302257216,0.9291144
13.86,257.37019275693376,0.91332847
13.87,254.06906501939892,0.92335427
13.88,251.022948356736,0.9263387
13.89,249.17661172194158,0.90120536
13.9,247.75550761239546,0.93645686
13.91,246.41997931026566,0.8991356
13.92,245.1435941885087,0.9359725
13.93,244.64293444479748,0.93603027
13.94,245.57376393956557,0.92755616
13.95,246.7225323550516,0.9074909
13.96,248.19097681343024,0.9297195
13.97,249.77170038125277,0.9285412
13.98,251.55445824326017,0.9200666
13.99,252.77658108804704,0.9353791
14.0,253.48517365188144,0.93967897
14.01,253.26183768556447,0.9084119
14.02,251.15430030265048,0.76551163
14.03,242.26040913514203,0.4400535
14.04,220.57464968224892,0.41778794
14.05,213.1781319870973,0.26284873
14.06,206.13777376053247,0.19941126
14.07,207.3956429536946,0.41536728
14.08,213.41789635682818,0.59830266
14.09,218.93031181441768,0.51275474
14.1,226.2035931765272,0.17657895
14.11,233.69031881612472,0.17598592
14.12,240.76614480538936,0.6923123
14.13,244.03986029095552,0.85764617
14.14,245.95031693007175,0.93878394
14.15,246.2056970404593,0.9204167
14.16,244.78074826652988,0.9263935
14.17,241.28157579581784,0.89800125
14.18,237.59491338538592,0.8919683
14.19,235.06990456390395,0.9157884
14.2,234.2986751904334,0.9359835
14.21,235.53214828966273,0.8924918
14.22,238.29401289089583,0.89405626
14.23,241.74069189769313,0.9357777
14.24,245.32333641193108,0.9270136
14.25,249.69460045337885,0.8723575
14.26,255.48146364743116,0.85031366
14.27,260.4914762517959,0.85742515
14.28,266.29366194607763,0.89351743
14.29,271.58363145750434,0.93908554
14.3,274.9069590574029,0.96424294
14.31,275.9485023201884,0.95664376
14.32,275.1936826716078,0.9600897
14.33,272.8757199801914,0.92061883
14.34,267.02472983618685,0.7942488
14.35,258.29077995398205,0.64937407
14.36,250.38193533022223,0.64815366
14.37,239.94944440613975,0.62078756
14.38,231.63109788074024,0.755219
14.39,229.13027982146914,0.8966553
14.4,230.79393504555046,0.85207856
14.41,235.45750663346269,0.7664437
14.42,244.18010855720806,0.714273
14.43,252.41205891582285,0.7596029
14.44,258.6758785033532,0.8689989
14.45,263.6375359334749,0.90476304
14.46,267.06525652013727,0.9388022
14.47,268.4558343145806,0.97348887
14.48,268.02965969512536,0.95274
14.49,264.19965594799373,0.8539024
14.5,258.73971176432656,0.71692604
14.51,249.4267327222953,0.6525123
14.52,239.63734499399834,0.64104027
14.53,233.56746750205133,0.36403635
14.54,221.63220205819317,0.66552234
14.55,221.7799600915518,0.7685831
14.56,228.7416522653551,0.5298032
14.57,233.5464752165576,0.42839324
14.58,267.8485632522667,0.44343415
14.59,303.9401396348948,0.5515133
14.6,305.8814101983969,0.76653504
14.61,305.6633262813698,0.9235409
14.62,304.0103976789627,0.8981339
14.63,299.4321606065165,0.83546704
14.64,291.6073651464068,0.57802474
14.65,280.6361965622422,0.5035685
14.66,264.3876649182929,0.40076822
14.67,262.03212219257034,0.22150828
14.68,231.28599964924123,0.20151189
14.69,204.11430887193202,0.39112806
14.7,177.60172132009333,0.8149878
14.71,161.39623676466402,0.93490624
14.72,162.70060407374496,0.89411324
14.73,166.82832576669756,0.68508047
14.74,178.73639475858116,0.61257106
14.75,188.04201049574843,0.76464677
14.76,194.9395383596769,0.90439886
14.77,196.95076537054268,0.94356215
14.78,195.2135467609224,0.7359427
14.79,186.54882381417764,0.5918314
14.8,176.9466363877175,0.7088661
14.81,162.01832888376813,0.6630027
14.82,145.57283427195912,0.47906235
14.83,142.7900395331427,0.8391738
14.84,142.7358871839936,0.71505487
14.85,160.8077520251513,0.41671824
14.86,175.61108016813114,0.47777766
14.87,179.3453971194059,0.5159611
14.88,190.49653284592534,0.61574876
14.89,199.2767463905899,0.46059668
14.9,206.8195481915202,0.7124083
14.91,209.82373887770154,0.83469224
14.92,208.49341176554648,0.72456104
14.93,202.24036487806788,0.46887547
14.94,193.33388855020382,0.4991322
14.95,188.2949312331654,0.39165807
14.96,182.61975907856933,0.14220762
14.97,178.44558362796124,0.10775382
14.98,172.95428459815665,0.20901535
14.99,161.9806568989873,0.13401301
15.0,152.33323288228064,0.20036554
15.01,146.60103411363326,0.09416559
15.02,141.72939516783745,0.050614025
15.03,135.82280243396306,0.026099915
15.04,127.07592379764986,0.009747835
15.05,118.60501769290758,0.099210784
15.06,116.99831926083232,0.32339418
15.07,122.7693544205794,0.44979468
15.08,125.79839780314268,0.68566436
15.09,129.39699628788563,0.6983301
15.1,132.23020971267024,0.7880925
15.11,134.2352078016284,0.8164805
15.12,136.42316271538067,0.5236074
15.13,146.3827608271041,0.49952915
15.14,148.94250007172784,0.54471076
15.15,148.80602746471249,0.49126735
15.16,145.01799735966057,0.49813598
15.17,137.8835499991973,0.6032287
15.18,134.36749240965966,0.6566944
15.19,128.06893009475826,0.5285125
15.2,118.29499544040308,0.3765749
15.21,107.11607769227838,0.21699454
15.22,101.23615449777732,0.47060323
15.23,99.26776469200405,0.8318512
15.24,98.85993049401006,0.81942135
15.25,99.84069044346813,0.36808652
15.26,113.39162577286163,0.19115834
15.27,123.76713012381926,0.12250896
15.28,139.5198209588629,0.38147065
15.29,152.89456113349348,0.3436777
15.3,161.36837693458835,0.62340945
15.31,163.49828385703174,0.85184056
15.32,163.65234325341223,0.86260724
15.33,161.4530430500667,0.6272506
15.34,156.41539509057236,0.49579045
15.35,139.71271138769094,0.17670934
15.36,132.66185289621058,0.193615
15.37,128.11392283950192,0.18522567
15.38,124.02173223210227,0.26849163
15.39,120.06104440621336,0.41723922
15.4,116.6722633745087,0.71911436
15.41,113.73064779211614,0.5899128
15.42,113.46129411552738,0.25736123
15.43,120.35288133797486,0.40258414
15.44,127.69649499616428,0.44938323
15.45,131.9751843139847,0.5542227
15.46,135.76000128753043,0.72956866
15.47,139.04463871147237,0.8002602
15.48,142.32288662484314,0.82771486
15.49,143.0066065356745,0.81809694
15.5,140.88376260869768,0.6733065
15.51,137.65840163426975,0.54661274
15.52,134.14334146077357,0.22725894
15.53,132.35564148321646,0.20720807
15.54,134.33761223724625,0.052473802
15.55,136.8369891763652,0.1745092
15.56,137.51932766873847,0.27260306
15.57,132.57931069879533,0.27684897
15.58,132.8724220433075,0.42133635
15.59,135.90822729087816,0.34053344
15.6,141.4499844812952,0.24637485
15.61,150.46426344595557,0.5619076
15.62,152.1323798938375,0.8164882
15.63,153.29905578986737,0.87073666
15.64,153.8287592571964,0.83982587
15.65,153.2597881342538,0.48205724
15.66,137.52163555707466,0.57119954
15.67,132.28182197114396,0.59202933
15.68,128.77861731797148,0.067393444
15.69,119.2009386780917,0.08544176
15.7,119.01722130211617,0.05289769
15.71,117.43541538240989,0.0824918
15.72,119.29254164516693,0.18186437
15.73,132.56867285299242,0.38804534
15.74,133.82441750899198,0.5166569
15.75,147.39618610528584,0.3355811
15.76,153.9898469818126,0.64328647
15.77,155.86081734075108,0.8629465
15.78,157.0629059035109,0.86767083
15.79,156.68211529914964,0.8366184
15.8,155.70304724469185,0.7044529
15.81,149.1641687915657,0.1977351
15.82,131.73743946825846,0.39559546
15.83,130.84895945965735,0.6687299
15.84,132.26265047322545,0.83369994
15.85,132.34275265090884,0.89659494
15.86,133.57991443234317,0.884567
15.87,135.69509339720264,0.59098077
15.88,145.59220630622295,0.42332917
15.89,151.88416792442018,0.34543976
15.9,161.13274434964023,0.4835926
15.91,164.20913325347504,0.5697517
15.92,177.3379361563133,0.29883447
15.93,198.29353328766075,0.80779684
15.94,199.5614067828795,0.90917116
15.95,198.39834462713,0.91791564
15.96,195.3591928097406,0.8039471
15.97,189.3467311487657,0.7977324
15.98,184.48627578043977,0.8664232
15.99,182.1550538887323,0.9248223
16.0,180.93089881149496,0.8960262
16.01,179.07035245646108,0.8809557
16.02,179.36478346871246,0.88415796
16.03,182.90887833815245,0.8334617
16.04,185.8734724303714,0.8989688
16.05,187.89389516692253,0.8975811
16.06,190.08834164958193,0.85369635
16.07,194.75746661205446,0.856316
16.08,197.55907369975972,0.8432289
16.09,200.57535844968322,0.7970613
16.1,203.4363696198301,0.8185447
16.11,203.89428140588853,0.61676085
16.12,190.55066207822938,0.13888232
16.13,167.7066583608539,0.3980576
16.14,150.89749537588287,0.27834806
16.15,160.61946023562956,0.43589684
16.16,163.15236133088138,0.39392182
16.17,152.62619022832246,0.3975706
16.18,135.43286800970446,0.08858374
16.19,135.68315656235544,0.1504862
16.2,147.75995443585367,0.33648017
16.21,152.21006869153368,0.16688283
16.22,154.1853242378636,0.169564
16.23,159.17019999072573,0.45254722
16.24,172.07978672559125,0.62006885
16.25,189.57826363960578,0.66819954
16.26,198.2174539607428,0.33088806
16.27,203.4278573566629,0.75264907
16.28,203.09837950733038,0.7922436
16.29,204.00770732436206,0.80939573
16.3,205.093495609225,0.8761384
16.31,206.14980460073332,0.92253834
16.32,207.1775553446633,0.88476646
16.33,207.98760894221095,0.90983224
16.34,208.3918086397701,0.9393826
16.35,208.1229504806592,0.949088
16.36,207.84532905632486,0.94988894
16.37,207.8726339708811,0.9446599
16.38,208.05852637386053,0.9491374
16.39,208.61708521087448,0.94581145
16.4,209.05619571174606,0.9316978
16.41,208.55579675998172,0.91567177
16.42,207.16059945808576,0.793395
16.43,205.07472272891238,0.57222253
16.44,187.55061841078452,0.27694875
16.45,180.068596485783,0.33652762
16.46,172.44957606505176,0.39196542
16.47,168.13483367181843,0.40677467
16.48,172.79828346361114,0.16503252
16.49,175.22737502946055,0.1415919
16.5,192.75935861104688,0.25421837
16.51,217.16330890593412,0.20036523
16.52,233.02676182777776,0.46325415
16.53,256.2532953596094,0.29475158
16.54,254.7459208636372,0.5314713
16.55,253.52225778116627,0.54409826
16.56,268.9650687471927,0.5136871
16.57,291.82459342771045,0.45342097
16.58,318.7862023163602,0.39270538
16.59,347.08421529261716,0.6122084
16.6,367.7612158834203,0.5139298
16.61,383.2448281978572,0.60090196
16.62,385.19057843293746,0.79521376
16.63,385.9401705009643,0.6694073
16.64,381.6158282734569,0.1979667
16.65,372.46386546828955,0.5778343
16.66,377.1731590829225,0.7293435
16.67,378.09848586347925,0.5547408
16.68,389.0472115422937,0.4259284
16.69,395.4140399571422,0.24375217
16.7,443.5639897005205,0.1775097
16.71,433.7107635780526,0.17185442
16.72,435.6214025106269,0.14430632
16.73,436.02409626805894,0.037108354
16.74,413.41293857500295,0.024495985
16.75,385.8450955474203,0.029415682
16.76,367.1633349586532,0.0049182894
16.77,332.7180730708671,0.008482507
16.78,310.21196191564053,0.012218383
16.79,291.16077560039844,0.06991945
16.8,281.64462247783155,0.077378616
16.81,281.5220973335608,0.046779487
16.82,281.60650618617854,0.06952654
16.83,283.19616386322093,0.13582152
16.84,280.7375336929028,0.15495409
16.85,282.7080903634961,0.2474494
16.86,286.7704703903801,0.306974
16.87,302.07338632440474,0.30511376
16.88,315.38319211943815,0.45570448
16.89,316.7667081011061,0.69819087
16.9,319.1465418360924,0.707374
16.91,321.7244920383387,0.50650334
16.92,299.68959842757033,0.4777215
16.93,292.4618849917508,0.81199694
16.94,288.8943221418269,0.7754981
16.95,280.92224552167016,0.6294742
16.96,272.5913943442066,0.80844826
16.97,265.0250921012889,0.7575592
16.98,257.93156288866504,0.84589356
16.99,253.5141432728399,0.88750476
17.0,249.87065785285952,0.90846217
17.01,248.45399845939892,0.9320687
17.02,248.67984046773068,0.9269006
17.03,250.62652165505938,0.9234288
17.04,253.8660215224583,0.92356807
17.05,257.36348194884704,0.9310625
17.06,260.6135714922654,0.91261524
17.07,262.15857197465294,0.9361588
17.08,262.77847552493574,0.9390298
17.09,262.9069715776305,0.9197808
17.1,262.7264552014076,0.9218572
17.11,262.2604328253165,0.91743064
17.12,260.6924887084228,0.9033642
17.13,257.40360259793476,0.9149422
17.14,253.78625510323496,0.95408964
17.15,252.06674052726058,0.9368225
17.16,250.74613030218958,0.95812196
17.17,249.24169767110087,0.9208265
17.18,248.29447415792217,0.941646
17.19,248.28853721766447,0.9382628
17.2,249.49101727804734,0.9382241
17.21,253.33910704477756,0.9111767
17.22,257.51740382541476,0.8731272
17.23,262.2759220807131,0.88243204
17.24,265.927528828502,0.89917415
17.25,266.52889751498896,0.7507662
17.26,259.96750413404584,0.36838293
17.27,269.4101409518393,0.64148206
17.28,270.9083546282343,0.84668535
17.29,265.6722488709946,0.7894042
17.3,256.8572514457349,0.794996
17.31,249.51576341432263,0.85234475
17.32,248.41349296177884,0.926775
17.33,250.25849435987385,0.9379694
17.34,235.04883511973188,0.9026915
17.35,204.18133833591625,0.8090451
17.36,187.56109653857197,0.41709948
17.37,160.4438710604008,0.5929566
17.38,146.66344986400685,0.8035674
17.39,147.21681865880618,0.92547387
17.4,147.59462740407588,0.942844
17.41,147.59311603984162,0.95857567
17.42,147.05233458044665,0.96022046
17.43,146.02598060262784,0.9191713
17.44,144.1380467978519,0.8424609
17.45,141.65565474448627,0.7685506
17.46,139.0620347659655,0.87902105
17.47,137.15576352013423,0.86107904
17.48,134.0074753242974,0.7833991
17.49,130.59475191408723,0.7148542
17.5,129.34978337657256,0.51632607
17.51,129.27256122326335,0.6025831
17.52,129.5104846447618,0.7800757
17.53,130.2982883691352,0.8764821
17.54,131.97080442006427,0.9166344
17.55,133.3329992806095,0.9153596
17.56,134.3951309824893,0.94325644
17.57,149.45211705494975,0.9091414
17.58,167.01332788184652,0.84580356
17.59,193.4400551798673,0.69379675
17.6,216.57120328540086,0.83074087
17.61,243.15869451031662,0.9147961
17.62,270.75490573221094,0.93438286
17.63,272.0844962575297,0.9517034
17.64,272.70273721815835,0.9496271
17.65,273.91098832789726,0.9483271
17.66,274.82442018642337,0.96599936
17.67,274.1153736607364,0.95357966
17.68,272.56881753500215,0.9555312
17.69,270.86624935245385,0.9402475
17.7,268.17001903588437,0.92758065
17.71,265.14544132274125,0.9212294
17.72,262.72347295720454,0.9211498
17.73,259.32471681118795,0.85163367
17.74,254.52209320056505,0.8498303
17.75,251.31598699736955,0.8181269
17.76,249.63083859848993,0.74638027
17.77,250.74496572139878,0.8023429
17.78,258.17096749036443,0.55511135
17.79,262.44605278387985,0.518047
17.8,268.53692441478336,0.63158524
17.81,274.10169851016224,0.625066
17.82,275.68203734920627,0.59534276
17.83,275.0719973808734,0.46513018
17.84,301.2404719174195,0.4045212
17.85,287.3646446699273,0.10627548
17.86,266.29149353147335,0.16884765
17.87,248.85136908555592,0.11743364
17.88,230.49632532304312,0.0644826
17.89,205.82818263814704,0.16630317
17.9,192.2431599988285,0.4642386
17.91,177.57476358532827,0.5357606
17.92,158.27570047948828,0.28655532
17.93,143.3098226268081,0.5034435
17.94,131.47213867506872,0.42316002
17.95,121.84342708076129,0.29013053
17.96,126.12841246041836,0.778204
17.97,125.67849418495017,0.75738114
17.98,124.17506334943363,0.7356787
17.99,121.99736763749937,0.7110813
18.0,118.19389350885443,0.7030176
18.01,115.61750215246977,0.791695
18.02,114.7564234802936,0.84881914
18.03,115.25235642052147,0.8045988
18.04,117.33352104575447,0.7549703
18.05,119.65594194756758,0.7724378
18.06,124.70323907070224,0.75098556
18.07,127.62427349554116,0.795324
18.08,130.41891132341576,0.84225476
18.09,133.64781979981575,0.8414766
18.1,136.59404652838464,0.8149905
18.11,139.38448673542558,0.8718015
18.12,141.20054046138452,0.9167208
18.13,141.2897640462741,0.9160397
18.14,139.83018894991048,0.8904139
18.15,138.3999690234986,0.9346588
18.16,137.5278803449106,0.938125
18.17,136.83040532724044,0.9273455
18.18,135.98346932272045,0.94651634
18.19,135.7248274339327,0.94451576
18.2,135.56541587861577,0.9412427
18.21,135.5604735534309,0.94773936
18.22,135.4324722500402,0.9394655
18.23,135.01666545251538,0.9330594
18.24,134.818312765156,0.9483098
18.25,134.32839633980979,0.9584621
18.26,133.9063660484503,0.95776975
18.27,133.64048153013044,0.9512517
18.28,133.20720536158154,0.94843715
18.29,132.6801607519314,0.94953597
18.3,132.2513500033917,0.93476737
18.31,131.55857405469922,0.95582545
18.32,130.8957576676125,0.9463726
18.33,130.50577543535368,0.9142831
18.34,130.5989482902088,0.9199516
18.35,131.31169729875543,0.94482726
18.36,132.8844773697096,0.91187686
18.37,135.19995342160558,0.90443915
18.38,136.7232460221111,0.8987442
18.39,137.50975147080226,0.9344081
18.4,137.69444321488174,0.9292413
18.41,137.2996478869106,0.9373737
18.42,136.94509028127433,0.91705275
18.43,136.14291434352734,0.9138921
18.44,135.35480000018134,0.927426
18.45,135.3355806363187,0.927663
18.46,136.36987313097796,0.88538504
18.47,137.73808729035173,0.87355
18.48,139.22485930367037,0.88444763
18.49,141.1194924919263,0.7949423
18.5,147.30486975069326,0.6640413
18.51,151.241386313321,0.734983
18.52,155.18973125194765,0.8207609
18.53,158.28423525120482,0.7766352
18.54,163.279515055994,0.6214412
18.55,168.86078499087097,0.68076694
18.56,173.93411583238503,0.8095434
18.57,179.84477756037276,0.8100399
18.58,183.15375330116495,0.8822916
18.59,184.89580445731758,0.9418549
18.6,185.33832907460584,0.9487375
18.61,185.95972081558617,0.9363124
18.62,187.4302287647286,0.89592934
18.63,173.29156680597686,0.85329044
18.64,155.04873235479198,0.83733386
18.65,140.40684536685637,0.8024712
18.66,123.01006364455432,0.6036853
18.67,110.03928938868796,0.4385119
18.68,98.04108050900501,0.6127187
18.69,98.20422234352768,0.7983078
18.7,98.57292739755869,0.81278497
18.71,98.77560044119843,0.8172287
18.72,98.75721223455541,0.79798824
18.73,98.56991294873738,0.8323739
18.74,98.3300154603122,0.76715904
18.75,98.12328887814024,0.76172674
18.76,97.69209660565515,0.7168448
18.77,97.01360807779585,0.53766716
18.78,96.28208733069525,0.5040528
18.79,95.85996884325175,0.5576666
18.8,95.43573726657763,0.54209083
18.81,94.81641300712583,0.62146854
18.82,94.15808402429056,0.8088827
18.83,93.6801054322123,0.7795247
18.84,93.25646102567397,0.7896234
18.85,92.79755982725422,0.8114887
18.86,93.08886772415286,0.8253089
18.87,93.91464336181139,0.81263614
18.88,94.81586720251107,0.6443307
18.89,95.40227838491668,0.6743277
18.9,95.50959724469732,0.6725962
18.91,95.27171809942514,0.747909
18.92,94.85544878714572,0.72644055
18.93,94.29178836111524,0.6510952
18.94,93.3976037112209,0.7261036
18.95,92.46610438762362,0.76503
18.96,91.49761212083092,0.7378917
18.97,90.59351660978842,0.7056571
18.98,89.82950438750223,0.6442321
18.99,88.84964484053569,0.5951881
19.0,87.8690752130469,0.67336637
19.01,87.53449062590894,0.82349044
19.02,87.15614741881687,0.90167975
19.03,86.70665587068258,0.8128779
19.04,86.20403849136211,0.6601093
19.05,86.07978816168534,0.5936926
19.06,86.71323624105815,0.63824177
19.07,87.63615614645835,0.5946636
19.08,88.99016756906516,0.5362154
19.09,90.77656027239419,0.73633015
19.1,91.74312033193914,0.8824912
19.11,91.88649851844406,0.900596
19.12,91.8249618300169,0.897081
19.13,91.60642870415884,0.88447607
19.14,91.24505350264023,0.8191003
19.15,90.19520181659365,0.8153956
19.16,89.19717917759769,0.80763227
19.17,88.32190343041344,0.86324877
19.18,99.24572436375215,0.9079512
19.19,113.39723550036716,0.9107413
19.2,128.20586961391112,0.9318703
19.21,143.94745650565588,0.8854005
19.22,165.74153638834676,0.7946791
19.23,180.31680119193572,0.6489608
19.24,186.32105790182092,0.6867316
19.25,190.78727435943205,0.8271891
19.26,192.82632842078726,0.85532993
19.27,193.2664899867645,0.7748026
19.28,188.39205580948004,0.52516794
19.29,182.8289791144708,0.5507907
19.3,172.87440454299212,0.3561369
19.31,173.8145288264856,0.25747985
19.32,180.4000648095889,0.22597364
19.33,185.1384048420304,0.2350418
19.34,185.39935433261354,0.8337263
19.35,185.94495776434206,0.8498015
19.36,185.8199497082265,0.7870531
19.37,183.72345258148758,0.40809435
19.38,186.9690220551452,0.06470276
19.39,199.78507822259348,0.048542965
19.4,211.64593334576804,0.059298232
19.41,217.7007255819459,0.5770691
19.42,221.05703213710999,0.5748999
19.43,232.85061130519267,0.25096464
19.44,238.8357191832696,0.34782448
19.45,231.71971342362465,0.42225704
19.46,235.04716867936114,0.7269429
19.47,239.29515200850372,0.7766221
19.48,248.59194367170605,0.8524859
19.49,250.81823535095194,0.9554851
19.5,252.34404850680113,0.84543616
19.51,257.6486353176018,0.6903422
19.52,261.863745683003,0.62808335
19.53,258.60447317816363,0.26190475
19.54,244.9256683721435,0.43677217
19.55,241.8936913587406,0.35313985
19.56,223.24986954309725,0.36682776
19.57,200.0736896933626,0.13229924
19.58,195.00027476202382,0.58461994
19.59,194.21344040400493,0.8757902
19.6,196.49936201152718,0.6636949
19.61,209.2292245759217,0.3874794
19.62,219.485243238728,0.44735837
19.63,223.76143410630448,0.82609206
19.64,224.89246392621166,0.9096088
19.65,223.93519343287554,0.91496027
19.66,221.34693659478984,0.81921166
19.67,216.31619393159463,0.7124119
19.68,210.28423400303055,0.66323954
19.69,205.2056451365877,0.5598587
19.7,193.28596372226997,0.4175421
19.71,186.4271991806936,0.7326013
19.72,182.19420624602506,0.77823627
19.73,178.20756212261202,0.87838453
19.74,177.37309366914127,0.87920356
19.75,179.14890080630258,0.77022433
19.76,180.99556933355885,0.8059341
19.77,181.2869274296545,0.7584394
19.78,180.7050369522002,0.60731924
19.79,175.32893002578243,0.36878777
19.8,172.8318240066036,0.22855115
19.81,172.9805944164069,0.04812858
19.82,173.80081528993654,0.009355872
19.83,174.81942226158316,0.015684616
19.84,175.33294677629624,0.113030374
19.85,177.34609817557927,0.10607855
19.86,177.74439041937714,0.25636646
19.87,178.7192629272836,0.31435993
19.88,179.85084487604882,0.058894888
19.89,180.95436229663548,0.06906947
19.9,184.7007826983345,0.09560812
19.91,185.60156929624182,0.11210326
19.92,185.57598624623952,0.18582067
19.93,203.6895007279065,0.21950115
19.94,200.45918575918395,0.26213005
19.95,192.8314371487335,0.35806286
19.96,187.85131593437092,0.4453751
19.97,187.7929288752512,0.21078527
19.98,186.43140454670967,0.019468442
19.99,188.8978981414827,0.01656784
20.0,189.84498190639636,0.011393945
